Reading	X	Y	Z	L*	a*	b*	380.000	383.333	386.667	390.000	393.333	396.667	400.000	403.333	406.667	410.000	413.333	416.667	420.000	423.333	426.667	430.000	433.333	436.667	440.000	443.333	446.667	450.000	453.333	456.667	460.000	463.333	466.667	470.000	473.333	476.667	480.000	483.333	486.667	490.000	493.333	496.667	500.000	503.333	506.667	510.000	513.333	516.667	520.000	523.333	526.667	530.000	533.333	536.667	540.000	543.333	546.667	550.000	553.333	556.667	560.000	563.333	566.667	570.000	573.333	576.667	580.000	583.333	586.667	590.000	593.333	596.667	600.000	603.333	606.667	610.000	613.333	616.667	620.000	623.333	626.667	630.000	633.333	636.667	640.000	643.333	646.667	650.000	653.333	656.667	660.000	663.333	666.667	670.000	673.333	676.667	680.000	683.333	686.667	690.000	693.333	696.667	700.000	703.333	706.667	710.000	713.333	716.667	720.000	723.333	726.667	730.000
1	0.188944	0.187676	0.195341	1.695272	0.322485	-0.765120	-0.0369455	-0.0369455	-0.0369455	-0.0369455	-0.0369455	-0.0369455	-0.0369455	-0.0371725	-0.0373957	-0.0375984	-0.0377635	-0.0379818	-0.0383306	0.114675	0.196526	0.239732	0.260205	0.267966	0.277055	0.281237	0.277739	0.274073	0.270741	0.269564	0.262715	0.256057	0.25248	0.246125	0.238697	0.24081	0.236384	0.233189	0.232794	0.229233	0.224426	0.212995	0.197023	0.188199	0.186281	0.18762	0.186576	0.184017	0.185997	0.184264	0.179845	0.176838	0.173657	0.170868	0.171175	0.171983	0.171359	0.170433	0.172815	0.175369	0.179262	0.184017	0.187853	0.191182	0.192143	0.192145	0.194452	0.197032	0.194378	0.194963	0.197702	0.200952	0.198673	0.195117	0.193188	0.18578	0.179827	0.178783	0.180078	0.183994	0.185295	0.181702	0.179039	0.180077	0.182078	0.182921	0.193085	0.205858	0.210887	0.211756	0.210805	0.211239	0.219663	0.223147	0.220934	0.226414	0.227352	0.235959	0.259135	0.271406	0.265444	0.284232	0.304629	0.328345	0.335882	0.316133	0.354201	0.382806	0.374692	0.408014	0.459717	0.495399
2	0.187104	0.185607	0.192751	1.676581	0.328747	-0.748444	-0.0611389	-0.0611389	-0.0611389	-0.0611389	-0.0611389	-0.0611389	-0.0611389	-0.0613934	-0.0616383	-0.0618461	-0.0619889	-0.0622165	-0.0626645	0.100606	0.212022	0.248772	0.25812	0.270523	0.278281	0.278861	0.276906	0.277403	0.2733	0.266742	0.25687	0.247921	0.245705	0.241381	0.232654	0.23061	0.231767	0.234722	0.225301	0.221918	0.21725	0.206533	0.196029	0.188869	0.189444	0.185248	0.18334	0.182469	0.178937	0.17744	0.176178	0.175259	0.173615	0.170068	0.16892	0.169243	0.170583	0.169442	0.170803	0.174222	0.177388	0.179238	0.182195	0.188994	0.192521	0.195313	0.195992	0.192722	0.191262	0.193208	0.197504	0.196117	0.196938	0.196407	0.190455	0.187379	0.181314	0.178073	0.18308	0.185146	0.185095	0.184786	0.179242	0.174203	0.174095	0.178336	0.186659	0.198202	0.203693	0.205758	0.204228	0.198426	0.208205	0.213153	0.213657	0.217217	0.216608	0.225372	0.234789	0.244995	0.260531	0.265287	0.287297	0.289158	0.302067	0.31487	0.317164	0.322211	0.373047	0.381893	0.399664	0.441245
3	0.186827	0.185829	0.193613	1.678587	0.308911	-0.761275	-0.0477142	-0.0477142	-0.0477142	-0.0477142	-0.0477142	-0.0477142	-0.0477142	-0.0479525	-0.0481845	-0.0483885	-0.0485427	-0.048764	-0.0491549	0.118563	0.199383	0.244456	0.266167	0.273136	0.276212	0.277617	0.276814	0.274096	0.270843	0.269537	0.255646	0.247755	0.245288	0.245369	0.23916	0.236169	0.235033	0.230787	0.226927	0.222328	0.218726	0.209057	0.195814	0.181187	0.181153	0.179821	0.182019	0.182422	0.181223	0.177402	0.178031	0.177229	0.176139	0.172787	0.169402	0.169422	0.170135	0.169632	0.170389	0.174614	0.178431	0.183631	0.190142	0.192161	0.194625	0.194087	0.19215	0.19082	0.19163	0.194631	0.198394	0.202576	0.200293	0.19541	0.187359	0.181728	0.178509	0.176142	0.180179	0.179992	0.178074	0.178579	0.17557	0.173477	0.171102	0.174668	0.182396	0.190816	0.200671	0.211902	0.209965	0.205215	0.197307	0.201779	0.213737	0.219099	0.240033	0.245467	0.242999	0.262427	0.276104	0.281504	0.286355	0.28525	0.297592	0.302555	0.335737	0.331769	0.345716	0.386428	0.417405	0.394738
4	0.186927	0.186257	0.190530	1.682452	0.296295	-0.696395	-0.102391	-0.102391	-0.102391	-0.102391	-0.102391	-0.102391	-0.102391	-0.102695	-0.102981	-0.103201	-0.103309	-0.103557	-0.104177	0.0816529	0.194611	0.230009	0.26334	0.276292	0.284605	0.280675	0.27585	0.274375	0.272674	0.266566	0.254394	0.246361	0.247268	0.240974	0.233691	0.234445	0.228369	0.231789	0.233678	0.22446	0.216426	0.20581	0.194949	0.185235	0.187217	0.186137	0.186189	0.186481	0.184091	0.178974	0.174511	0.176179	0.175473	0.171063	0.168129	0.169004	0.170084	0.171115	0.170888	0.172838	0.177243	0.182595	0.186541	0.189181	0.194379	0.192679	0.192251	0.195121	0.196024	0.197499	0.200486	0.200042	0.196463	0.195305	0.191115	0.186095	0.183632	0.180974	0.182023	0.182661	0.180998	0.17445	0.173318	0.173156	0.17641	0.181658	0.191594	0.202868	0.207731	0.200472	0.192945	0.198228	0.207724	0.20529	0.207975	0.210094	0.222104	0.24177	0.251857	0.259335	0.261141	0.283503	0.303218	0.288652	0.290088	0.31955	0.325085	0.330541	0.348507	0.368451	0.386899	0.375338
5	0.185806	0.185329	0.189376	1.674068	0.287178	-0.689065	-0.089144	-0.089144	-0.089144	-0.089144	-0.089144	-0.089144	-0.089144	-0.0894313	-0.0897025	-0.0899175	-0.090036	-0.0902758	-0.0908413	0.0740361	0.185926	0.234288	0.256939	0.265736	0.277668	0.279955	0.275907	0.273409	0.271178	0.266148	0.254825	0.247849	0.241536	0.23471	0.231891	0.238248	0.231257	0.227082	0.228527	0.228183	0.221246	0.208371	0.193566	0.184208	0.182605	0.186063	0.186412	0.182082	0.17725	0.174763	0.176388	0.176041	0.173189	0.171592	0.171949	0.169463	0.167438	0.167201	0.169379	0.173105	0.178568	0.18201	0.186086	0.190073	0.193723	0.196689	0.196238	0.193116	0.192219	0.191357	0.195933	0.198903	0.198947	0.195307	0.189259	0.182028	0.17899	0.178103	0.179373	0.180394	0.178892	0.176553	0.174441	0.172478	0.174239	0.177447	0.186205	0.197213	0.20684	0.203606	0.204874	0.211813	0.214413	0.211601	0.213547	0.212935	0.218231	0.225766	0.234749	0.249716	0.274432	0.277659	0.271174	0.284908	0.286108	0.289936	0.308639	0.334473	0.350856	0.358617	0.347496	0.3679

6	0.192348	0.192205	0.197038	1.736184	0.283587	-0.726624	-0.123294	-0.123294	-0.123294	-0.123294	-0.123294	-0.123294	-0.123294	-0.12363	-0.123942	-0.124174	-0.124272	-0.124535	-0.125246	0.11296	0.210799	0.245834	0.263779	0.279407	0.291235	0.292188	0.290992	0.288692	0.283586	0.279641	0.269266	0.259806	0.255583	0.250195	0.237611	0.234558	0.233824	0.229012	0.226884	0.230717	0.221428	0.208417	0.198353	0.187571	0.188784	0.191788	0.194619	0.19013	0.183717	0.181857	0.185387	0.186288	0.180376	0.179387	0.177612	0.176959	0.176854	0.176451	0.17798	0.182952	0.185572	0.189449	0.19348	0.196826	0.198963	0.200199	0.201048	0.20237	0.201672	0.201358	0.203996	0.206395	0.204195	0.198334	0.195122	0.191909	0.187267	0.184177	0.182151	0.184911	0.184772	0.182201	0.184247	0.181096	0.179748	0.184365	0.1873	0.198591	0.203302	0.202985	0.204162	0.199331	0.206148	0.201688	0.206289	0.220895	0.215175	0.226521	0.23551	0.234526	0.241191	0.236637	0.248639	0.282196	0.291506	0.295763	0.32824	0.333968	0.338303	0.339189	0.347229	0.445746
7	0.193748	0.193563	0.199572	1.748451	0.287250	-0.753316	-0.0796537	-0.0796537	-0.0796537	-0.0796537	-0.0796537	-0.0796537	-0.0796537	-0.0799376	-0.0802078	-0.0804285	-0.0805635	-0.0808077	-0.0813383	0.120856	0.194089	0.243775	0.270491	0.281798	0.288971	0.287086	0.28697	0.285455	0.28311	0.281941	0.272391	0.260005	0.257056	0.25462	0.246141	0.242998	0.244136	0.23878	0.234587	0.225868	0.216742	0.210422	0.204425	0.191909	0.185698	0.188881	0.194038	0.193079	0.189973	0.188753	0.188583	0.185597	0.181125	0.179501	0.178685	0.178393	0.17614	0.177654	0.178755	0.180878	0.18421	0.190082	0.195414	0.200793	0.201253	0.20319	0.202146	0.19841	0.201954	0.204766	0.207475	0.20897	0.207628	0.201433	0.195351	0.194038	0.191548	0.186546	0.184176	0.183137	0.187183	0.182593	0.177857	0.17362	0.176892	0.184057	0.193392	0.203462	0.204143	0.199532	0.196487	0.192056	0.200427	0.212568	0.219493	0.214084	0.228414	0.241976	0.24503	0.254068	0.282993	0.295282	0.287538	0.271565	0.293858	0.318259	0.303901	0.316825	0.293367	0.35691	0.397411	0.39789
8	0.195151	0.194051	0.204363	1.752854	0.324934	-0.836180	0.0135366	0.0135366	0.0135366	0.0135366	0.0135366	0.0135366	0.0135366	0.0133639	0.013183	0.012988	0.0127734	0.0125716	0.0124259	0.136095	0.200533	0.251956	0.275135	0.28553	0.293306	0.2913	0.290686	0.289267	0.286538	0.281229	0.264698	0.254102	0.254491	0.249236	0.241567	0.245605	0.24945	0.247669	0.242617	0.232495	0.218309	0.20977	0.19976	0.194628	0.196253	0.196456	0.19325	0.189944	0.190077	0.188876	0.18825	0.187134	0.184729	0.18013	0.178123	0.176944	0.176029	0.175995	0.179076	0.181958	0.186649	0.18966	0.196481	0.198489	0.199902	0.203334	0.203803	0.202417	0.201658	0.202245	0.204597	0.204785	0.201175	0.199944	0.197431	0.189927	0.185451	0.183982	0.185365	0.185552	0.184741	0.188322	0.189298	0.182985	0.184346	0.188667	0.197204	0.20896	0.212027	0.214134	0.208789	0.204046	0.206715	0.210218	0.217765	0.234187	0.245328	0.240418	0.263901	0.272106	0.288561	0.301015	0.29097	0.323335	0.339301	0.349981	0.379162	0.393731	0.39302	0.403478	0.445169	0.513479
9	0.193222	0.193649	0.196580	1.749221	0.262715	-0.695490	-0.0819098	-0.0819098	-0.0819098	-0.0819098	-0.0819098	-0.0819098	-0.0819098	-0.0821958	-0.0824676	-0.0826883	-0.0828209	-0.0830657	-0.083611	0.064273	0.178543	0.231492	0.259476	0.276881	0.289403	0.288032	0.286207	0.285459	0.283072	0.276673	0.265278	0.261089	0.254989	0.249217	0.245233	0.245126	0.239355	0.235357	0.232562	0.230956	0.223695	0.212771	0.200306	0.200082	0.195555	0.191451	0.190642	0.189032	0.187423	0.188135	0.186454	0.187324	0.184663	0.181163	0.1779	0.177727	0.177426	0.176918	0.176812	0.179879	0.185593	0.190267	0.19633	0.200237	0.20188	0.202244	0.203183	0.199494	0.201438	0.204256	0.206231	0.20736	0.206373	0.202361	0.194243	0.189648	0.187029	0.185445	0.185321	0.186012	0.188768	0.184806	0.177411	0.179382	0.182369	0.183373	0.192042	0.202415	0.207221	0.205904	0.205043	0.207204	0.209271	0.202436	0.209428	0.223063	0.228528	0.248068	0.258212	0.264318	0.271512	0.266182	0.284544	0.281879	0.295761	0.325254	0.340531	0.338897	0.360013	0.343735	0.373052	0.417567
10	0.190982	0.191705	0.195317	1.731663	0.247907	-0.701920	-0.0935345	-0.0935345	-0.0935345	-0.0935345	-0.0935345	-0.0935345	-0.0935345	-0.0938329	-0.0941143	-0.0943367	-0.0944576	-0.0947059	-0.0952943	0.0924203	0.199743	0.238731	0.25807	0.273335	0.285585	0.286717	0.284924	0.282791	0.282586	0.275357	0.263625	0.256243	0.252759	0.247932	0.233341	0.238317	0.237701	0.235789	0.233143	0.226745	0.220495	0.21003	0.199734	0.189683	0.188131	0.192674	0.195714	0.189977	0.186656	0.182857	0.184955	0.187008	0.183589	0.180209	0.177857	0.176632	0.176311	0.17652	0.177431	0.179337	0.185929	0.191244	0.192815	0.194815	0.19611	0.198399	0.200477	0.19984	0.198362	0.198678	0.203813	0.205989	0.203441	0.198245	0.194567	0.189745	0.183002	0.182045	0.185009	0.183798	0.181322	0.179615	0.177016	0.177863	0.179767	0.182818	0.187193	0.192233	0.196706	0.201024	0.205545	0.205209	0.205696	0.212252	0.215407	0.222672	0.221121	0.231728	0.255594	0.26234	0.270605	0.281196	0.26187	0.241999	0.279919	0.303226	0.292631	0.302402	0.303792	0.292124	0.332587	0.392803

11	0.194852	0.194429	0.200346	1.756272	0.298103	-0.754441	-0.0564075	-0.0564075	-0.0564075	-0.0564075	-0.0564075	-0.0564075	-0.0564075	-0.0566641	-0.0569126	-0.0571273	-0.0572828	-0.057517	-0.0579575	0.0741497	0.1951	0.248255	0.270992	0.280233	0.289881	0.290776	0.288881	0.288483	0.283142	0.28142	0.270331	0.258926	0.259422	0.253329	0.245934	0.241428	0.234096	0.242484	0.243205	0.240048	0.22445	0.211295	0.205556	0.198571	0.195429	0.190285	0.189482	0.189557	0.186102	0.186495	0.18841	0.187185	0.180682	0.178397	0.178969	0.177618	0.17705	0.177648	0.179946	0.181815	0.184897	0.191208	0.196398	0.201434	0.20507	0.204563	0.204342	0.205117	0.204605	0.204182	0.207197	0.207061	0.206268	0.201767	0.195932	0.191544	0.186529	0.18484	0.184099	0.183701	0.188487	0.191563	0.190739	0.183918	0.183082	0.184449	0.193574	0.205766	0.20724	0.203889	0.203787	0.198267	0.194592	0.211332	0.222467	0.224946	0.223966	0.236465	0.257866	0.252113	0.253536	0.267042	0.275308	0.299909	0.302039	0.3077	0.325065	0.359071	0.377588	0.380039	0.380559	0.382423
12	0.194400	0.193887	0.201864	1.751376	0.300953	-0.791543	-0.0452424	-0.0452424	-0.0452424	-0.0452424	-0.0452424	-0.0452424	-0.0452424	-0.0454853	-0.0457225	-0.0459337	-0.0460981	-0.0463265	-0.0467151	0.125114	0.225654	0.253128	0.27063	0.279334	0.287511	0.288887	0.287219	0.28705	0.284236	0.279445	0.266665	0.258477	0.255572	0.247824	0.244746	0.248701	0.244846	0.245221	0.24021	0.233326	0.227737	0.216787	0.204447	0.196945	0.195962	0.192765	0.193709	0.191119	0.186884	0.186075	0.1875	0.186089	0.182297	0.178347	0.176887	0.177696	0.177994	0.177507	0.179429	0.182267	0.186622	0.191242	0.193584	0.198741	0.201377	0.202392	0.201956	0.201869	0.199203	0.200915	0.204323	0.206175	0.205482	0.201095	0.195246	0.190837	0.187062	0.186775	0.18944	0.191118	0.192825	0.185581	0.178412	0.180175	0.185245	0.188976	0.19858	0.205656	0.203738	0.194675	0.187577	0.199054	0.214734	0.209249	0.219202	0.237384	0.237184	0.239892	0.243768	0.25186	0.259007	0.271567	0.27627	0.282055	0.293388	0.275878	0.278896	0.29573	0.323675	0.330341	0.341563	0.376119
13	0.195880	0.194280	0.203914	1.754921	0.345442	-0.824130	0.0206301	0.0206301	0.0206301	0.0206301	0.0206301	0.0206301	0.0206301	0.0204663	0.0202925	0.0200998	0.0198795	0.0196813	0.0195623	0.109385	0.192963	0.253239	0.274434	0.280832	0.289374	0.291232	0.290143	0.290255	0.284821	0.27941	0.268257	0.257755	0.255356	0.248588	0.246323	0.243008	0.245751	0.244945	0.237442	0.234495	0.224907	0.218706	0.207201	0.195644	0.193262	0.191831	0.188669	0.189499	0.186832	0.18457	0.185034	0.184016	0.183251	0.1818	0.180596	0.179764	0.176992	0.17661	0.179284	0.181157	0.184985	0.189814	0.195412	0.199231	0.203278	0.203837	0.19961	0.19925	0.202664	0.203745	0.205604	0.207101	0.206633	0.204185	0.19967	0.195193	0.187095	0.185379	0.187252	0.189583	0.191944	0.189826	0.184162	0.18464	0.185723	0.186763	0.198699	0.205519	0.203288	0.207208	0.214627	0.217369	0.212132	0.210262	0.230672	0.242648	0.231835	0.228654	0.24423	0.262369	0.262346	0.265856	0.270293	0.281245	0.299735	0.317425	0.353776	0.358738	0.335439	0.332035	0.356377	0.375811
14	0.193882	0.194571	0.198897	1.757555	0.253407	-0.724864	-0.105293	-0.105293	-0.105293	-0.105293	-0.105293	-0.105293	-0.105293	-0.105609	-0.105905	-0.106134	-0.106249	-0.106506	-0.107149	0.0709549	0.188572	0.246566	0.273816	0.282089	0.289066	0.288599	0.287531	0.287695	0.28363	0.279235	0.2705	0.260583	0.258757	0.252899	0.249545	0.249292	0.24802	0.244555	0.242154	0.237251	0.225717	0.211773	0.204905	0.195107	0.191951	0.196976	0.196849	0.192941	0.188349	0.183731	0.184613	0.186222	0.184572	0.181821	0.180529	0.178779	0.179851	0.18007	0.180937	0.183649	0.186355	0.190584	0.198226	0.201277	0.201884	0.203171	0.202921	0.200601	0.200402	0.202848	0.205079	0.205134	0.203752	0.199787	0.194217	0.187747	0.187504	0.188198	0.187333	0.186495	0.186216	0.185758	0.182417	0.179518	0.183707	0.19138	0.203753	0.209339	0.199856	0.203518	0.205818	0.199695	0.192681	0.209612	0.228756	0.221247	0.223456	0.237773	0.251749	0.255648	0.281396	0.280404	0.268911	0.266784	0.276789	0.297637	0.303397	0.303775	0.329104	0.344022	0.328931	0.396891
15	0.195069	0.195500	0.200415	1.765940	0.265227	-0.739076	-0.0221973	-0.0221973	-0.0221973	-0.0221973	-0.0221973	-0.0221973	-0.0221973	-0.0224128	-0.0226282	-0.0228333	-0.0230177	-0.0232361	-0.0235358	0.0735448	0.182659	0.232665	0.270157	0.28622	0.288806	0.288235	0.288003	0.286352	0.282594	0.279017	0.268265	0.255561	0.250097	0.25117	0.241608	0.245434	0.245597	0.243942	0.243193	0.236722	0.231655	0.220049	0.204529	0.195291	0.195915	0.196948	0.196122	0.194799	0.18992	0.185475	0.185678	0.187212	0.185679	0.180965	0.179422	0.179111	0.178994	0.178243	0.178864	0.184146	0.188781	0.192923	0.199095	0.201989	0.20467	0.206791	0.205733	0.203928	0.204062	0.204923	0.208351	0.20955	0.20596	0.200076	0.194077	0.19	0.186627	0.184656	0.187108	0.188422	0.186176	0.184763	0.179082	0.177785	0.182351	0.18901	0.19846	0.202282	0.203616	0.211203	0.211033	0.202884	0.201965	0.209668	0.219114	0.22719	0.236269	0.246799	0.25728	0.25954	0.248494	0.259013	0.293722	0.321818	0.291624	0.304687	0.329215	0.314969	0.33923	0.380486	0.402444	0.410824

16	0.200218	0.199944	0.204580	1.806088	0.300100	-0.748492	-0.0531694	-0.0531694	-0.0531694	-0.0531694	-0.0531694	-0.0531694	-0.0531694	-0.0534266	-0.0536766	-0.0538951	-0.0540582	-0.0542958	-0.0547241	0.112354	0.208486	0.247818	0.271656	0.281825	0.291917	0.294701	0.294643	0.292971	0.289054	0.28427	0.274464	0.266776	0.2623	0.253087	0.247242	0.249962	0.24684	0.248839	0.242405	0.238916	0.23749	0.224889	0.208886	0.203357	0.202551	0.198862	0.20223	0.198312	0.192294	0.194514	0.194499	0.19131	0.187849	0.184031	0.182612	0.182734	0.182207	0.182965	0.183324	0.185462	0.189811	0.195877	0.202632	0.204744	0.207724	0.209515	0.211079	0.210765	0.207181	0.208026	0.211284	0.209621	0.208128	0.204817	0.199715	0.195424	0.194388	0.192442	0.191298	0.19594	0.197607	0.196009	0.189381	0.188995	0.190193	0.196743	0.206886	0.215554	0.215923	0.221497	0.221688	0.213986	0.214481	0.22266	0.227103	0.245202	0.25608	0.273159	0.275008	0.253059	0.262612	0.288822	0.309257	0.302364	0.306242	0.326221	0.328641	0.335226	0.305858	0.33031	0.420465	0.470978
17	0.196986	0.197258	0.202594	1.781820	0.274172	-0.752843	-0.0729382	-0.0729382	-0.0729382	-0.0729382	-0.0729382	-0.0729382	-0.0729382	-0.0732171	-0.0734841	-0.0737061	-0.07385	-0.0740944	-0.0746001	0.126496	0.226045	0.257126	0.276883	0.284577	0.289452	0.291034	0.29183	0.292326	0.287953	0.283958	0.270814	0.259966	0.252066	0.244099	0.239893	0.250635	0.25355	0.246388	0.240385	0.232185	0.221995	0.213	0.210551	0.197419	0.19262	0.200879	0.201861	0.196291	0.191758	0.191308	0.190269	0.19094	0.186432	0.184574	0.182806	0.179994	0.179866	0.180826	0.18215	0.1857	0.190976	0.195466	0.200396	0.203266	0.205551	0.205524	0.202603	0.202911	0.202071	0.204549	0.208691	0.211794	0.209144	0.203808	0.198449	0.192704	0.190759	0.189395	0.188772	0.188788	0.190913	0.18897	0.181935	0.179253	0.185839	0.194387	0.201646	0.209233	0.213626	0.205277	0.198837	0.197403	0.202045	0.214022	0.229224	0.228938	0.239263	0.245636	0.2431	0.256363	0.265232	0.276642	0.289539	0.289645	0.2948	0.316748	0.333914	0.325012	0.306825	0.29879	0.336259	0.396032
18	0.196408	0.197118	0.201773	1.780559	0.256289	-0.739507	-0.12685	-0.12685	-0.12685	-0.12685	-0.12685	-0.12685	-0.12685	-0.127194	-0.127514	-0.127752	-0.127851	-0.128121	-0.128854	0.0906635	0.213767	0.257898	0.272351	0.285263	0.29201	0.292316	0.291312	0.290858	0.286404	0.284169	0.271768	0.263195	0.262138	0.257595	0.25623	0.253351	0.25254	0.252848	0.243228	0.231524	0.232865	0.223333	0.213315	0.202053	0.197729	0.201095	0.194906	0.190316	0.190546	0.189872	0.19076	0.18969	0.185562	0.184523	0.182536	0.181114	0.179964	0.179264	0.18103	0.184634	0.188952	0.19377	0.199521	0.20294	0.202742	0.204205	0.205817	0.205185	0.203651	0.20585	0.208459	0.209033	0.207111	0.203175	0.199739	0.19544	0.191841	0.188787	0.18897	0.189958	0.188725	0.189872	0.190536	0.183726	0.183116	0.18746	0.193989	0.200791	0.204167	0.205908	0.199166	0.192915	0.199319	0.210142	0.215734	0.221905	0.233329	0.247897	0.259324	0.263667	0.264084	0.282218	0.304068	0.316571	0.294525	0.281875	0.30468	0.309938	0.36053	0.378435	0.356219	0.365521
19	0.198355	0.198310	0.202988	1.791330	0.288475	-0.743887	-0.063185	-0.063185	-0.063185	-0.063185	-0.063185	-0.063185	-0.063185	-0.0634528	-0.0637109	-0.0639309	-0.0640838	-0.0643245	-0.0647954	0.0846514	0.190742	0.248068	0.274362	0.278789	0.290908	0.293463	0.291402	0.289924	0.287891	0.282633	0.270127	0.263645	0.261145	0.255077	0.254008	0.256827	0.254156	0.254635	0.250153	0.24101	0.223062	0.216207	0.211284	0.20126	0.194606	0.194498	0.195239	0.19295	0.191635	0.192085	0.191719	0.191342	0.188613	0.183319	0.182674	0.18311	0.180454	0.179115	0.18233	0.18492	0.189168	0.194502	0.201091	0.204567	0.205141	0.206722	0.206369	0.207949	0.208	0.208646	0.211199	0.210549	0.207486	0.205304	0.201989	0.196275	0.192406	0.192053	0.191102	0.192006	0.191043	0.188416	0.184273	0.178087	0.186159	0.194919	0.206279	0.215132	0.216542	0.211125	0.208278	0.213118	0.218816	0.220494	0.216869	0.220445	0.22943	0.254431	0.254005	0.257847	0.27256	0.272597	0.253075	0.286018	0.319117	0.293705	0.28578	0.291868	0.3042	0.335763	0.349286	0.392878
20	0.196977	0.197101	0.201416	1.780408	0.279908	-0.733029	-0.0469277	-0.0469277	-0.0469277	-0.0469277	-0.0469277	-0.0469277	-0.0469277	-0.0471746	-0.0474157	-0.0476296	-0.0477949	-0.0480266	-0.0484281	0.0934119	0.176222	0.234776	0.268856	0.284233	0.291802	0.291721	0.290832	0.290061	0.286932	0.282595	0.272399	0.263991	0.258255	0.247753	0.245964	0.249363	0.247162	0.242942	0.237555	0.23459	0.226118	0.208493	0.200867	0.197263	0.197755	0.198125	0.197177	0.194279	0.19092	0.188291	0.1892	0.18963	0.185353	0.184526	0.182799	0.178876	0.179204	0.179783	0.181863	0.185903	0.189573	0.196443	0.202234	0.203571	0.206628	0.204964	0.203931	0.206751	0.207808	0.211124	0.211095	0.208388	0.205234	0.202134	0.200299	0.195349	0.189625	0.185217	0.187214	0.189799	0.190083	0.188705	0.182804	0.183394	0.184477	0.187376	0.198207	0.211651	0.212553	0.208765	0.204278	0.209366	0.204605	0.211641	0.214717	0.215813	0.226652	0.246991	0.254361	0.249323	0.256219	0.265095	0.287339	0.303388	0.316847	0.313905	0.331427	0.341785	0.290626	0.300752	0.348983	0.373133

21	0.200518	0.200371	0.205545	1.809940	0.295588	-0.760076	-0.0150576	-0.0150576	-0.0150576	-0.0150576	-0.0150576	-0.0150576	-0.0150576	-0.0152688	-0.0154815	-0.0156889	-0.0158838	-0.0161034	-0.0163737	0.116749	0.19367	0.254311	0.278392	0.283488	0.293633	0.292761	0.290711	0.294317	0.291265	0.281301	0.268323	0.260558	0.262939	0.256414	0.247467	0.249956	0.248298	0.24865	0.243584	0.237326	0.228893	0.222537	0.210619	0.203196	0.204855	0.203594	0.199446	0.194096	0.194115	0.193895	0.192296	0.191628	0.18893	0.184119	0.184322	0.184287	0.181304	0.180056	0.183977	0.187787	0.1926	0.197865	0.203106	0.208194	0.211186	0.212026	0.212566	0.208676	0.207099	0.21076	0.212741	0.212796	0.211596	0.206928	0.200992	0.198543	0.195238	0.192518	0.192523	0.190997	0.190185	0.191286	0.19079	0.188588	0.18674	0.191366	0.204346	0.214826	0.214274	0.202369	0.194572	0.202345	0.213057	0.219274	0.229082	0.233074	0.252223	0.265455	0.267636	0.261062	0.261787	0.277891	0.294397	0.300423	0.303094	0.303752	0.28973	0.293931	0.291914	0.347774	0.398857	0.467071
22	0.196597	0.196899	0.199509	1.778584	0.272429	-0.700169	-0.111499	-0.111499	-0.111499	-0.111499	-0.111499	-0.111499	-0.111499	-0.111824	-0.112128	-0.11236	-0.112471	-0.112732	-0.1134	0.0947722	0.198379	0.245138	0.274629	0.281368	0.290037	0.293352	0.292231	0.290615	0.285992	0.280928	0.269995	0.260547	0.253696	0.243585	0.241097	0.249552	0.254514	0.251466	0.24496	0.235152	0.224605	0.212307	0.204497	0.197986	0.195209	0.192859	0.190687	0.190358	0.187783	0.189042	0.188807	0.187154	0.184454	0.181462	0.18279	0.18317	0.181672	0.180795	0.180743	0.182981	0.189422	0.195169	0.198952	0.204701	0.207232	0.207764	0.207862	0.209436	0.207198	0.206816	0.210815	0.211499	0.206549	0.202248	0.200777	0.196675	0.191629	0.188463	0.188452	0.189281	0.189798	0.190258	0.185159	0.184051	0.188597	0.190758	0.199382	0.20329	0.19965	0.191007	0.184997	0.182411	0.196652	0.210844	0.216095	0.223701	0.230302	0.238978	0.248979	0.250154	0.259069	0.255136	0.27583	0.285001	0.262416	0.267389	0.268686	0.268041	0.285687	0.302997	0.314595	0.39297
23	0.198698	0.198657	0.204437	1.794457	0.288819	-0.765843	-0.0402269	-0.0402269	-0.0402269	-0.0402269	-0.0402269	-0.0402269	-0.0402269	-0.0404674	-0.0407036	-0.0409173	-0.0410899	-0.0413202	-0.0416934	0.11574	0.187189	0.255168	0.280816	0.284126	0.290435	0.291775	0.29007	0.291957	0.289736	0.285219	0.273576	0.264655	0.25841	0.25297	0.243963	0.245191	0.249665	0.249634	0.248531	0.245553	0.236198	0.225397	0.210318	0.197182	0.200149	0.196546	0.193909	0.191054	0.190393	0.188895	0.190493	0.190011	0.18809	0.184188	0.183268	0.183353	0.18211	0.183322	0.182621	0.184734	0.188716	0.197491	0.203022	0.206836	0.209181	0.209604	0.207628	0.207594	0.20405	0.206975	0.211724	0.211387	0.207969	0.204358	0.202201	0.195416	0.192514	0.191504	0.191211	0.191758	0.189247	0.186509	0.183596	0.186162	0.187702	0.189998	0.199692	0.208482	0.206103	0.208644	0.203839	0.211161	0.215184	0.215205	0.227394	0.238451	0.24422	0.242352	0.252561	0.26152	0.270958	0.273838	0.256596	0.260378	0.27111	0.278748	0.291317	0.316777	0.322492	0.337852	0.347641	0.384086
24	0.198034	0.198356	0.201460	1.791746	0.273711	-0.714313	-0.0893006	-0.0893006	-0.0893006	-0.0893006	-0.0893006	-0.0893006	-0.0893006	-0.0895997	-0.089883	-0.0901102	-0.0902411	-0.0904938	-0.091071	0.0962579	0.177819	0.244227	0.276534	0.283651	0.292411	0.294189	0.291669	0.288659	0.287226	0.284062	0.269298	0.260282	0.256192	0.250569	0.25042	0.252546	0.253398	0.254168	0.253845	0.240529	0.225653	0.2187	0.21171	0.199931	0.197666	0.200039	0.19717	0.192873	0.189465	0.186796	0.189751	0.188412	0.185864	0.183655	0.182969	0.182986	0.182535	0.181089	0.181521	0.184925	0.188975	0.195085	0.201408	0.205201	0.208235	0.209221	0.210315	0.208463	0.205837	0.207778	0.212577	0.212213	0.208281	0.201259	0.199966	0.197649	0.193585	0.189922	0.19051	0.190413	0.191112	0.193016	0.190844	0.183959	0.18863	0.197089	0.203054	0.205212	0.207691	0.201892	0.199194	0.200814	0.203611	0.211607	0.214947	0.217461	0.23144	0.23537	0.242962	0.244813	0.275262	0.269845	0.25487	0.267976	0.281272	0.284751	0.287612	0.29896	0.319312	0.313813	0.332027	0.383408
25	0.202269	0.202251	0.209281	1.826926	0.293097	-0.801322	-0.0384032	-0.0384032	-0.0384032	-0.0384032	-0.0384032	-0.0384032	-0.0384032	-0.0386453	-0.0388836	-0.0391006	-0.0392788	-0.0395123	-0.0398817	0.120119	0.223722	0.257123	0.279698	0.287993	0.295695	0.29515	0.296235	0.297351	0.29384	0.286641	0.275299	0.266523	0.263825	0.260109	0.25669	0.261095	0.266073	0.260135	0.248136	0.246667	0.241706	0.230909	0.218929	0.208797	0.204659	0.200124	0.199652	0.197714	0.194655	0.197582	0.197481	0.192934	0.190091	0.187178	0.186768	0.185429	0.184573	0.182546	0.184677	0.186985	0.191533	0.196462	0.204392	0.211149	0.212001	0.210321	0.211441	0.212394	0.211171	0.211663	0.212485	0.21288	0.211926	0.206994	0.205379	0.19907	0.190559	0.189824	0.194723	0.19792	0.193647	0.192022	0.189981	0.192881	0.195336	0.199779	0.203706	0.208794	0.21296	0.21438	0.21149	0.210633	0.219898	0.231256	0.232069	0.244434	0.25421	0.266783	0.26856	0.27087	0.278483	0.286528	0.31067	0.304392	0.290356	0.294958	0.329605	0.339992	0.366427	0.393896	0.387951	0.424442

26	0.200967	0.202472	0.205166	1.828926	0.231875	-0.720180	-0.0849977	-0.0849977	-0.0849977	-0.0849977	-0.0849977	-0.0849977	-0.0849977	-0.0852951	-0.0855779	-0.0858077	-0.085946	-0.0862006	-0.0867627	0.110811	0.202625	0.241906	0.272438	0.284771	0.293614	0.296236	0.295771	0.297623	0.296359	0.289878	0.276963	0.26599	0.26096	0.253363	0.252821	0.259222	0.254316	0.248055	0.244761	0.245344	0.234232	0.225788	0.21658	0.205124	0.201231	0.201697	0.201189	0.198247	0.197211	0.198478	0.196887	0.195402	0.193075	0.191521	0.186543	0.184825	0.184767	0.186465	0.187654	0.191004	0.196177	0.200262	0.205022	0.20877	0.211898	0.213408	0.213036	0.209753	0.207813	0.209949	0.213907	0.214143	0.212421	0.209746	0.205313	0.198476	0.193477	0.192591	0.190507	0.19051	0.191399	0.18816	0.183099	0.184745	0.190682	0.19422	0.202084	0.212118	0.213343	0.209696	0.207496	0.210473	0.210745	0.211096	0.219476	0.230359	0.237727	0.242329	0.250302	0.264948	0.273063	0.269667	0.256243	0.256105	0.283469	0.293613	0.275321	0.266331	0.256215	0.269697	0.265251	0.283439
27	0.201526	0.203018	0.202661	1.833858	0.233184	-0.664385	-0.151592	-0.151592	-0.151592	-0.151592	-0.151592	-0.151592	-0.151592	-0.15197	-0.152318	-0.152567	-0.15265	-0.152936	-0.153778	0.0708271	0.190189	0.240495	0.273024	0.290155	0.298473	0.297325	0.296795	0.294781	0.290982	0.287854	0.275213	0.268211	0.264465	0.25861	0.261211	0.264252	0.255767	0.252866	0.249599	0.239107	0.233461	0.22598	0.218231	0.208238	0.206149	0.200499	0.199992	0.199974	0.195381	0.192686	0.193518	0.191079	0.189903	0.188864	0.187551	0.186858	0.185438	0.184983	0.186301	0.191061	0.196977	0.203069	0.207537	0.209163	0.212026	0.213231	0.212736	0.213776	0.215002	0.217262	0.217818	0.216097	0.213554	0.209413	0.204317	0.19988	0.194882	0.190953	0.188905	0.192486	0.195731	0.196543	0.191879	0.18866	0.191265	0.191561	0.201556	0.209801	0.204719	0.197781	0.200799	0.208807	0.209217	0.215165	0.216462	0.227673	0.250458	0.253067	0.259586	0.26756	0.26945	0.277992	0.276867	0.298446	0.300045	0.262478	0.279145	0.273867	0.272453	0.307891	0.348681	0.365067
28	0.203155	0.204029	0.203099	1.842987	0.259649	-0.656911	-0.0932099	-0.0932099	-0.0932099	-0.0932099	-0.0932099	-0.0932099	-0.0932099	-0.0935175	-0.0938084	-0.0940407	-0.0941723	-0.094431	-0.0950292	0.0923528	0.181728	0.24205	0.272553	0.282506	0.290559	0.29136	0.292297	0.295138	0.292114	0.287619	0.273718	0.264124	0.26051	0.252053	0.254467	0.25738	0.259952	0.255411	0.247114	0.241072	0.235339	0.222185	0.212582	0.208644	0.208486	0.208212	0.20542	0.198388	0.197657	0.197169	0.197589	0.195034	0.191594	0.187619	0.186246	0.186407	0.186639	0.18673	0.188114	0.190472	0.194747	0.198759	0.20409	0.209185	0.212519	0.215287	0.214781	0.213903	0.213966	0.216841	0.218642	0.217652	0.214152	0.210042	0.205306	0.202205	0.199839	0.194749	0.195304	0.198917	0.201378	0.197876	0.194505	0.189307	0.19048	0.197461	0.204728	0.212603	0.217603	0.219161	0.212655	0.212597	0.220185	0.218712	0.224715	0.231782	0.235451	0.236794	0.253484	0.2631	0.27922	0.267224	0.282373	0.32162	0.335943	0.335391	0.326052	0.316002	0.305525	0.32006	0.334158	0.380725
29	0.201772	0.202641	0.206160	1.830448	0.257824	-0.736322	-0.0484661	-0.0484661	-0.0484661	-0.0484661	-0.0484661	-0.0484661	-0.0484661	-0.0487194	-0.0489666	-0.0491857	-0.0493546	-0.049592	-0.0500025	0.11739	0.199132	0.24258	0.272518	0.288715	0.300584	0.297926	0.294179	0.294138	0.29054	0.284642	0.273594	0.26496	0.263155	0.253995	0.25089	0.255334	0.256405	0.25513	0.247391	0.239345	0.234926	0.223623	0.216037	0.209249	0.199063	0.197528	0.20075	0.199851	0.197799	0.195579	0.197368	0.195833	0.190777	0.188528	0.186055	0.185396	0.186703	0.186679	0.187458	0.190378	0.195671	0.201398	0.207331	0.211996	0.21137	0.210745	0.212187	0.212611	0.210701	0.210579	0.21433	0.213989	0.210965	0.205708	0.201807	0.198184	0.196534	0.194476	0.193507	0.192883	0.192597	0.194957	0.191671	0.189545	0.19479	0.198844	0.200233	0.208678	0.2118	0.207052	0.200097	0.201998	0.206422	0.20835	0.222538	0.238327	0.246616	0.252233	0.246143	0.249768	0.266032	0.276669	0.26254	0.27817	0.322823	0.300112	0.291928	0.312963	0.293253	0.293216	0.299295	0.301908
30	0.203331	0.203482	0.206908	1.838046	0.288023	-0.737340	-0.0598629	-0.0598629	-0.0598629	-0.0598629	-0.0598629	-0.0598629	-0.0598629	-0.0601306	-0.0603894	-0.0606124	-0.0607722	-0.0610154	-0.0614714	0.136192	0.217805	0.257497	0.281007	0.290934	0.296372	0.296115	0.295585	0.292228	0.286577	0.282926	0.272854	0.260369	0.258038	0.25622	0.255416	0.255533	0.25592	0.258914	0.255366	0.249766	0.237651	0.227767	0.224301	0.213328	0.199954	0.197913	0.199344	0.19886	0.196101	0.196358	0.194835	0.193545	0.19127	0.187697	0.186947	0.185547	0.185628	0.185772	0.186322	0.18885	0.194518	0.201093	0.203899	0.209297	0.213592	0.21313	0.213802	0.215815	0.214719	0.216808	0.217239	0.217027	0.213844	0.212898	0.208902	0.198672	0.193499	0.193983	0.193931	0.19421	0.195597	0.194483	0.189725	0.185843	0.192631	0.203461	0.210527	0.214643	0.220228	0.222147	0.214593	0.20907	0.21221	0.215895	0.229021	0.232337	0.235391	0.2363	0.230574	0.266031	0.288158	0.281907	0.269179	0.282758	0.306246	0.278671	0.304256	0.332131	0.328668	0.331594	0.357111	0.368907

31	0.208162	0.208284	0.209147	1.881426	0.296124	-0.704832	-0.0502603	-0.0502603	-0.0502603	-0.0502603	-0.0502603	-0.0502603	-0.0502603	-0.0505202	-0.0507736	-0.0509979	-0.0511701	-0.0514132	-0.0518399	0.0819824	0.182295	0.250132	0.285177	0.287139	0.296177	0.300739	0.300538	0.298637	0.294185	0.289254	0.279869	0.269682	0.269796	0.260127	0.255233	0.26303	0.268053	0.259975	0.250762	0.252182	0.248789	0.23714	0.225833	0.212689	0.208528	0.212783	0.208992	0.203833	0.201553	0.19774	0.198817	0.197559	0.194801	0.192195	0.189709	0.188363	0.187996	0.188708	0.18903	0.192865	0.198477	0.204701	0.209021	0.212882	0.218947	0.221158	0.220715	0.220759	0.217069	0.217651	0.221233	0.222546	0.219212	0.215791	0.211138	0.207155	0.203996	0.199371	0.198664	0.202358	0.20397	0.201912	0.202391	0.197663	0.200206	0.209529	0.216819	0.221411	0.221181	0.218813	0.215155	0.217935	0.228075	0.237919	0.246393	0.254954	0.254401	0.262927	0.277987	0.259583	0.250202	0.26598	0.289389	0.30682	0.29679	0.286472	0.317362	0.328402	0.33492	0.308671	0.349842	0.383009
32	0.208386	0.208076	0.210209	1.879543	0.313296	-0.728122	-0.0417911	-0.0417911	-0.0417911	-0.0417911	-0.0417911	-0.0417911	-0.0417911	-0.0420407	-0.0422859	-0.0425077	-0.0426868	-0.0429259	-0.0433169	0.0863972	0.201599	0.266682	0.285439	0.290659	0.297264	0.298575	0.296913	0.299061	0.29901	0.292128	0.278755	0.271888	0.264358	0.256009	0.256455	0.260482	0.26442	0.265383	0.259631	0.25117	0.241384	0.229166	0.216897	0.213574	0.210974	0.205111	0.206144	0.202829	0.2	0.198228	0.199129	0.199048	0.197753	0.194261	0.189051	0.185765	0.185992	0.185732	0.188232	0.194523	0.198386	0.203734	0.21216	0.215355	0.217664	0.219116	0.220044	0.221308	0.218537	0.221062	0.226357	0.223855	0.21936	0.21719	0.214088	0.206892	0.201069	0.200104	0.20095	0.200608	0.200843	0.202587	0.197169	0.195716	0.202789	0.207067	0.216426	0.220922	0.21721	0.21631	0.21343	0.213196	0.214406	0.217793	0.235059	0.238804	0.233875	0.249566	0.256233	0.253255	0.273123	0.287872	0.303605	0.326203	0.303741	0.309149	0.314013	0.306216	0.337246	0.325379	0.323884	0.38336
33	0.207474	0.207956	0.210599	1.878460	0.281124	-0.737349	-0.0291958	-0.0291958	-0.0291958	-0.0291958	-0.0291958	-0.0291958	-0.0291958	-0.0294301	-0.0296628	-0.0298807	-0.0300703	-0.0303032	-0.030638	0.125711	0.213689	0.250897	0.278025	0.293014	0.299766	0.300413	0.298586	0.298364	0.293863	0.287988	0.275259	0.268922	0.267927	0.259981	0.260531	0.265041	0.262448	0.258731	0.256405	0.248324	0.238133	0.225971	0.213154	0.203598	0.203389	0.206584	0.205057	0.200691	0.199449	0.200823	0.200332	0.19894	0.197831	0.195592	0.194221	0.193088	0.19153	0.190788	0.192938	0.196269	0.201755	0.20594	0.209946	0.214444	0.216531	0.218714	0.218448	0.218037	0.217956	0.218059	0.220783	0.220077	0.216362	0.215202	0.212061	0.206217	0.197359	0.195337	0.197272	0.198008	0.201871	0.200941	0.194836	0.192429	0.192174	0.195725	0.207685	0.222987	0.226656	0.220081	0.214688	0.219565	0.224776	0.230649	0.232075	0.236087	0.235767	0.253556	0.262543	0.274687	0.285631	0.292766	0.285763	0.295909	0.309555	0.315277	0.344953	0.345667	0.352361	0.364504	0.410166	0.435701
34	0.206382	0.206959	0.212415	1.869449	0.275858	-0.787174	-0.0101063	-0.0101063	-0.0101063	-0.0101063	-0.0101063	-0.0101063	-0.0101063	-0.0103173	-0.0105313	-0.0107434	-0.0109487	-0.0111724	-0.0114273	0.133872	0.21314	0.256154	0.280055	0.2874	0.296687	0.2997	0.300299	0.299333	0.296361	0.293456	0.283108	0.272291	0.268267	0.257747	0.258203	0.264581	0.260956	0.262377	0.26081	0.253683	0.239182	0.229152	0.215117	0.203544	0.200935	0.20817	0.211496	0.204573	0.200297	0.199369	0.200129	0.197741	0.194778	0.192535	0.193052	0.190081	0.187787	0.189039	0.191203	0.194078	0.198913	0.204283	0.208991	0.213587	0.2187	0.218977	0.220015	0.219101	0.217142	0.216235	0.217219	0.215972	0.215078	0.213737	0.208947	0.202308	0.198078	0.194538	0.194543	0.199143	0.200804	0.200328	0.194819	0.19063	0.192368	0.20096	0.207899	0.213462	0.209655	0.203911	0.21129	0.212893	0.211881	0.220559	0.232692	0.237649	0.245678	0.254169	0.255037	0.260615	0.255038	0.261034	0.278504	0.274148	0.263478	0.275236	0.268892	0.28901	0.346234	0.359897	0.322427	0.327715
35	0.206094	0.206955	0.206505	1.869421	0.264351	-0.675640	-0.133647	-0.133647	-0.133647	-0.133647	-0.133647	-0.133647	-0.133647	-0.134007	-0.13434	-0.134588	-0.134689	-0.13497	-0.135739	0.0900597	0.222881	0.270609	0.283344	0.289717	0.298479	0.298801	0.29863	0.298221	0.295759	0.29034	0.278839	0.267713	0.270273	0.264319	0.253737	0.258135	0.256351	0.253521	0.247226	0.241555	0.236629	0.229971	0.218192	0.208723	0.205831	0.203381	0.204188	0.201034	0.198757	0.197552	0.198527	0.198738	0.195377	0.193258	0.191996	0.189826	0.188367	0.189736	0.19137	0.192509	0.198365	0.205528	0.210417	0.215097	0.218361	0.21924	0.218204	0.219886	0.218298	0.218179	0.21942	0.218792	0.215194	0.212388	0.209231	0.205988	0.201885	0.1983	0.197786	0.198488	0.19898	0.194031	0.195058	0.192918	0.195746	0.200429	0.209534	0.216227	0.21697	0.210488	0.209471	0.220768	0.218437	0.215623	0.224213	0.250731	0.25967	0.254741	0.269296	0.281687	0.275689	0.277574	0.293742	0.288967	0.30675	0.313653	0.310195	0.297244	0.289226	0.328411	0.330274	0.365427

37	0.213815	0.215345	0.213338	1.945201	0.249498	-0.673991	-0.0738422	-0.0738422	-0.0738422	-0.0738422	-0.0738422	-0.0738422	-0.0738422	-0.074136	-0.074418	-0.0746548	-0.0748129	-0.0750731	-0.0756024	0.0904297	0.211945	0.260923	0.284183	0.29404	0.303811	0.305365	0.308289	0.306078	0.300253	0.296205	0.286012	0.27531	0.272646	0.268128	0.265365	0.270514	0.266363	0.261362	0.259139	0.256587	0.247104	0.236112	0.227751	0.217629	0.212936	0.212836	0.216252	0.211508	0.20583	0.20502	0.205621	0.206056	0.204311	0.200029	0.199833	0.197206	0.195864	0.197212	0.199395	0.202937	0.206273	0.21233	0.219288	0.224795	0.228457	0.228174	0.228082	0.228181	0.227061	0.231118	0.233071	0.229304	0.225235	0.221421	0.216337	0.211667	0.207502	0.204268	0.204973	0.205141	0.204521	0.206138	0.200182	0.194232	0.196648	0.204272	0.211039	0.220054	0.23046	0.228874	0.226045	0.218388	0.213902	0.22509	0.231314	0.231052	0.241123	0.258899	0.267986	0.26594	0.274809	0.28786	0.294351	0.283628	0.270388	0.263551	0.254993	0.278837	0.30231	0.329088	0.357686	0.4457
38	0.212634	0.213355	0.212734	1.927229	0.279276	-0.693582	-0.0582429	-0.0582429	-0.0582429	-0.0582429	-0.0582429	-0.0582429	-0.0582429	-0.0585164	-0.0587818	-0.0590125	-0.0591823	-0.0594335	-0.0598964	0.0933768	0.203829	0.267159	0.288417	0.298123	0.305985	0.307329	0.307492	0.304675	0.300896	0.295037	0.281997	0.271618	0.268613	0.26601	0.263126	0.263894	0.258216	0.259687	0.253045	0.251802	0.244644	0.230313	0.217143	0.212462	0.212189	0.211282	0.209862	0.208172	0.205642	0.205121	0.206535	0.203487	0.199688	0.198872	0.197557	0.194808	0.192994	0.194281	0.196229	0.200217	0.205011	0.209955	0.216936	0.223275	0.227118	0.227958	0.227572	0.228967	0.229085	0.228263	0.227325	0.226178	0.223606	0.220143	0.217048	0.212587	0.206375	0.201925	0.200626	0.203466	0.206227	0.206106	0.202463	0.202809	0.199104	0.20268	0.208029	0.218394	0.221553	0.213009	0.217059	0.217179	0.208633	0.213178	0.226897	0.243125	0.242499	0.260059	0.276661	0.273614	0.261191	0.257312	0.261297	0.272548	0.268426	0.263129	0.269217	0.288327	0.325986	0.314752	0.285874	0.330504
39	0.217556	0.217527	0.222266	1.964917	0.315575	-0.808559	0.0407742	0.0407742	0.0407742	0.0407742	0.0407742	0.0407742	0.0407742	0.0406159	0.0404424	0.0402359	0.0399785	0.0397691	0.0397171	0.160493	0.234775	0.270969	0.286821	0.296064	0.305736	0.30959	0.311178	0.309942	0.306561	0.301335	0.288059	0.278905	0.279744	0.271136	0.26487	0.270375	0.275746	0.272357	0.267736	0.257164	0.24695	0.242297	0.231065	0.219851	0.217349	0.21747	0.214883	0.213558	0.211543	0.21041	0.209417	0.206973	0.205574	0.203114	0.201617	0.198533	0.195494	0.195956	0.200227	0.20505	0.207081	0.212996	0.219636	0.225324	0.229485	0.230898	0.230426	0.230056	0.22931	0.231512	0.231046	0.230914	0.229444	0.225281	0.220211	0.215902	0.211411	0.206647	0.202844	0.205114	0.210811	0.205203	0.202182	0.206358	0.205268	0.209435	0.219557	0.227024	0.226197	0.224411	0.221375	0.222118	0.228746	0.236343	0.24762	0.261314	0.272209	0.261657	0.268799	0.288013	0.300196	0.300656	0.303207	0.317	0.328834	0.326866	0.308957	0.300966	0.312766	0.302921	0.336139	0.390434
40	0.214611	0.215383	0.216743	1.945542	0.280165	-0.737689	0.00451322	0.00451322	0.00451322	0.00451322	0.00451322	0.00451322	0.00451322	0.0043137	0.00410761	0.00389319	0.00366883	0.00344505	0.00324414	0.142292	0.202015	0.251525	0.274653	0.291067	0.309335	0.309999	0.308168	0.306124	0.301907	0.298057	0.287517	0.27625	0.273667	0.267639	0.268184	0.265619	0.261606	0.262825	0.25664	0.250235	0.244997	0.239565	0.226562	0.215791	0.21458	0.216382	0.213517	0.208915	0.209427	0.208204	0.207574	0.20661	0.205125	0.200417	0.1998	0.19849	0.196729	0.195194	0.197173	0.201573	0.206796	0.212882	0.219678	0.224705	0.228511	0.229636	0.228623	0.227016	0.225941	0.226438	0.22896	0.228856	0.224369	0.220081	0.215382	0.212812	0.209568	0.206768	0.204302	0.202679	0.206633	0.208591	0.203015	0.19671	0.197402	0.205279	0.216845	0.226362	0.226845	0.221094	0.214291	0.214078	0.227654	0.239691	0.254169	0.266071	0.263231	0.255015	0.266145	0.275633	0.28233	0.262058	0.266854	0.255225	0.280883	0.287737	0.3015	0.31314	0.311127	0.307696	0.347008	0.370539
41	0.213972	0.215593	0.210882	1.947445	0.246190	-0.623759	-0.146619	-0.146619	-0.146619	-0.146619	-0.146619	-0.146619	-0.146619	-0.147001	-0.147353	-0.147611	-0.147709	-0.148003	-0.148831	0.104439	0.20685	0.258228	0.281649	0.292291	0.305221	0.306138	0.305625	0.304624	0.300885	0.297835	0.285582	0.276527	0.275062	0.271097	0.265989	0.268529	0.26758	0.267486	0.262007	0.25027	0.244885	0.239229	0.22653	0.215319	0.210642	0.213186	0.21582	0.214329	0.20854	0.206923	0.208339	0.208158	0.206479	0.203296	0.19963	0.193673	0.193856	0.194711	0.19613	0.199524	0.205749	0.211573	0.21724	0.22463	0.229157	0.226871	0.227565	0.227996	0.231421	0.233244	0.232698	0.228948	0.225394	0.222576	0.217764	0.214558	0.213576	0.207046	0.203149	0.203024	0.204096	0.204754	0.201636	0.200435	0.202774	0.210685	0.217555	0.225292	0.229405	0.219393	0.211234	0.213257	0.229603	0.242978	0.252034	0.255049	0.267277	0.27296	0.258969	0.252325	0.263756	0.271852	0.282007	0.283686	0.281257	0.280334	0.314534	0.311187	0.335154	0.357426	0.342901	0.351888

42	0.223961	0.225521	0.223701	2.037125	0.262971	-0.711161	-0.040447	-0.040447	-0.040447	-0.040447	-0.040447	-0.040447	-0.040447	-0.0407094	-0.040968	-0.0412044	-0.0414002	-0.0416544	-0.0420496	0.152682	0.215633	0.268245	0.294477	0.302582	0.315058	0.317494	0.31993	0.316418	0.311317	0.307744	0.294226	0.283651	0.284651	0.276872	0.275014	0.280527	0.273183	0.270868	0.277304	0.270116	0.26154	0.256076	0.243192	0.230393	0.228876	0.230459	0.225786	0.219838	0.218989	0.218921	0.218369	0.215711	0.214358	0.210525	0.206456	0.203174	0.20327	0.204779	0.207042	0.210197	0.214085	0.220511	0.227647	0.234967	0.236237	0.235913	0.238002	0.240613	0.242521	0.243047	0.244422	0.241637	0.234456	0.22925	0.226333	0.225	0.220046	0.21422	0.212356	0.211643	0.215529	0.217052	0.216035	0.213915	0.214505	0.217082	0.226299	0.230505	0.224231	0.220448	0.223007	0.226891	0.221926	0.238552	0.252965	0.257189	0.267744	0.269344	0.265364	0.277998	0.25878	0.244337	0.267546	0.269677	0.273294	0.30716	0.29868	0.289012	0.333486	0.357104	0.363814	0.400511
43	0.224078	0.226254	0.222010	2.043744	0.239183	-0.667816	-0.0825305	-0.0825305	-0.0825305	-0.0825305	-0.0825305	-0.0825305	-0.0825305	-0.0828443	-0.0831445	-0.0833938	-0.0835549	-0.0838297	-0.0844053	0.0958519	0.195659	0.267855	0.296842	0.304477	0.314475	0.316086	0.320553	0.316686	0.310412	0.309086	0.299854	0.289858	0.284899	0.279382	0.274341	0.28032	0.289333	0.283975	0.27064	0.271505	0.266306	0.255212	0.238029	0.224728	0.225502	0.229337	0.226913	0.220427	0.215368	0.215011	0.214469	0.216932	0.216907	0.213732	0.210679	0.207592	0.205981	0.205765	0.206604	0.210438	0.217496	0.224262	0.230184	0.233192	0.237298	0.240469	0.240145	0.239826	0.240762	0.245031	0.244549	0.238254	0.234814	0.230717	0.227516	0.224424	0.216741	0.212638	0.214462	0.215679	0.214597	0.213762	0.211913	0.209059	0.207903	0.214022	0.222209	0.233665	0.238612	0.235221	0.237613	0.235298	0.240765	0.242126	0.256491	0.267277	0.271077	0.254672	0.256553	0.281898	0.287678	0.281671	0.277413	0.285946	0.282761	0.304621	0.335532	0.300286	0.288314	0.366216	0.391828	0.351933
44	0.224587	0.226492	0.223898	2.045894	0.250490	-0.699759	-0.0272747	-0.0272747	-0.0272747	-0.0272747	-0.0272747	-0.0272747	-0.0272747	-0.0275216	-0.0277678	-0.0280009	-0.0282082	-0.0284568	-0.0288015	0.119937	0.209047	0.266863	0.293471	0.306304	0.314717	0.313193	0.315096	0.315003	0.312774	0.309322	0.300348	0.288916	0.279707	0.27954	0.280628	0.277677	0.277772	0.278874	0.27481	0.270498	0.26094	0.248725	0.237345	0.230867	0.229101	0.228398	0.226127	0.223154	0.221758	0.222133	0.223344	0.220861	0.215729	0.21298	0.208888	0.204967	0.202243	0.203652	0.20617	0.209122	0.213727	0.221677	0.228569	0.234181	0.23823	0.241223	0.241275	0.239973	0.241448	0.245499	0.246876	0.240786	0.237547	0.233007	0.227487	0.223461	0.217688	0.211693	0.210844	0.211082	0.212721	0.218189	0.219429	0.213839	0.214745	0.219545	0.226522	0.228347	0.224655	0.223201	0.225135	0.229637	0.241148	0.239076	0.243559	0.263574	0.258009	0.253721	0.268208	0.271307	0.258352	0.270216	0.298321	0.313826	0.321263	0.306944	0.327844	0.333116	0.31911	0.315506	0.310363	0.349431
45	0.224660	0.226901	0.224179	2.049592	0.237488	-0.698673	-0.0427654	-0.0427654	-0.0427654	-0.0427654	-0.0427654	-0.0427654	-0.0427654	-0.0430314	-0.043293	-0.043531	-0.0437256	-0.0439818	-0.0443891	0.136227	0.236671	0.27058	0.289163	0.300601	0.312235	0.316934	0.3184	0.316994	0.311529	0.306182	0.294899	0.282454	0.283672	0.279259	0.281655	0.28514	0.284461	0.280378	0.277485	0.270513	0.261255	0.250399	0.241283	0.229669	0.229517	0.230802	0.229863	0.220862	0.216078	0.219993	0.218236	0.220545	0.22006	0.212782	0.208867	0.207629	0.206845	0.207604	0.207902	0.209347	0.215028	0.220907	0.227949	0.23368	0.236024	0.239869	0.244126	0.243759	0.243325	0.244063	0.245905	0.242438	0.23718	0.232926	0.229174	0.22626	0.220984	0.21472	0.21155	0.211549	0.212304	0.213602	0.20924	0.20489	0.206981	0.217171	0.219293	0.225752	0.229878	0.225979	0.226037	0.230326	0.2366	0.239341	0.246788	0.250038	0.248107	0.264088	0.27105	0.294304	0.288794	0.295342	0.283138	0.308746	0.341157	0.317741	0.328559	0.332579	0.323782	0.3365	0.367357	0.400583
46	0.222897	0.224718	0.220398	2.029868	0.251297	-0.661311	-0.0879651	-0.0879651	-0.0879651	-0.0879651	-0.0879651	-0.0879651	-0.0879651	-0.0882839	-0.0885878	-0.088837	-0.0889918	-0.0892673	-0.0898617	0.112595	0.222883	0.273299	0.29677	0.305432	0.31551	0.316161	0.316208	0.316015	0.312212	0.306036	0.29571	0.283124	0.280705	0.278661	0.272171	0.275998	0.272922	0.270906	0.263374	0.256063	0.25564	0.24774	0.233598	0.222365	0.224624	0.224767	0.222812	0.219803	0.216905	0.217441	0.215985	0.214374	0.213181	0.212678	0.207636	0.207211	0.207329	0.203927	0.206839	0.210925	0.216398	0.219685	0.22599	0.232565	0.238218	0.240667	0.238328	0.240275	0.239683	0.241887	0.243969	0.240515	0.23539	0.228788	0.226498	0.227153	0.21991	0.212479	0.20825	0.207548	0.210519	0.213705	0.215113	0.21677	0.210362	0.209441	0.218734	0.225722	0.231621	0.227967	0.216633	0.218576	0.230197	0.242675	0.251636	0.237938	0.255029	0.272178	0.265794	0.269616	0.286252	0.27882	0.284351	0.295737	0.313407	0.305531	0.312139	0.2791	0.294149	0.331865	0.357798	0.369913

47	0.232928	0.235226	0.233101	2.124789	0.247227	-0.737487	-0.00455769	-0.00455769	-0.00455769	-0.00455769	-0.00455769	-0.00455769	-0.00455769	-0.00478529	-0.00501779	-0.00525284	-0.00548796	-0.00573481	-0.00599335	0.135998	0.214373	0.28372	0.304711	0.315256	0.326326	0.327615	0.326782	0.323744	0.322234	0.320537	0.308691	0.300716	0.297358	0.289049	0.279542	0.287053	0.293065	0.288352	0.28286	0.278795	0.271444	0.256346	0.245697	0.239994	0.246548	0.243412	0.235321	0.23102	0.228742	0.229102	0.229465	0.228255	0.227602	0.226185	0.218219	0.214072	0.21327	0.21455	0.216129	0.216235	0.220775	0.228777	0.235343	0.242593	0.246485	0.249982	0.250828	0.249173	0.247867	0.251472	0.256074	0.252285	0.239655	0.233731	0.232525	0.232192	0.228782	0.222906	0.222461	0.221291	0.221986	0.22519	0.229087	0.226629	0.219173	0.220999	0.229271	0.23723	0.229087	0.229387	0.23774	0.247251	0.256905	0.259466	0.257618	0.266748	0.271987	0.275101	0.286434	0.28145	0.271123	0.284829	0.30838	0.309397	0.280972	0.296916	0.346441	0.354405	0.345874	0.35035	0.352703	0.358888
48	0.231020	0.233718	0.228605	2.111165	0.228884	-0.676084	-0.0616123	-0.0616123	-0.0616123	-0.0616123	-0.0616123	-0.0616123	-0.0616123	-0.061907	-0.0621931	-0.0624428	-0.062628	-0.0628997	-0.0633942	0.112129	0.218778	0.27763	0.301388	0.31027	0.322477	0.325925	0.328062	0.323845	0.317441	0.316345	0.307619	0.299511	0.295154	0.28821	0.283564	0.286244	0.284752	0.287446	0.27812	0.270006	0.261011	0.246425	0.235441	0.231676	0.234709	0.235925	0.234473	0.231271	0.22845	0.22952	0.229196	0.226681	0.225816	0.223514	0.219535	0.215545	0.21294	0.212295	0.213947	0.216924	0.220615	0.226793	0.234754	0.241719	0.246393	0.248409	0.2506	0.250014	0.24902	0.250906	0.253337	0.252734	0.244852	0.239503	0.234637	0.22806	0.2252	0.219669	0.216833	0.216956	0.221414	0.222897	0.220822	0.213419	0.214436	0.218449	0.223537	0.23195	0.237193	0.233482	0.235969	0.23651	0.235338	0.244656	0.258181	0.266972	0.2659	0.258145	0.268796	0.29265	0.297099	0.288878	0.297645	0.317619	0.312363	0.307239	0.326732	0.31457	0.319814	0.360064	0.351049	0.328006
49	0.233985	0.236446	0.235371	2.135811	0.242411	-0.761341	0.0092527	0.0092527	0.0092527	0.0092527	0.0092527	0.0092527	0.0092527	0.00904068	0.00882049	0.00858831	0.00834042	0.00809885	0.00789747	0.149819	0.236451	0.276955	0.29667	0.313031	0.323688	0.327206	0.330371	0.327268	0.321148	0.316732	0.305281	0.301209	0.300812	0.301438	0.292704	0.29094	0.294599	0.29924	0.294366	0.279907	0.27244	0.25756	0.246679	0.247315	0.246541	0.241858	0.23892	0.235481	0.230652	0.229571	0.231562	0.229798	0.226827	0.224285	0.219691	0.216017	0.213774	0.215054	0.216387	0.218572	0.220815	0.227536	0.234581	0.242047	0.248703	0.25187	0.250676	0.250133	0.251239	0.250841	0.256241	0.256686	0.248719	0.242232	0.238088	0.23468	0.230368	0.225498	0.218499	0.21821	0.220384	0.219737	0.214205	0.21569	0.215074	0.218788	0.228285	0.239534	0.241331	0.237145	0.243996	0.244674	0.248723	0.257413	0.252421	0.263471	0.26661	0.283324	0.285434	0.28875	0.319158	0.332798	0.310343	0.318216	0.313782	0.328493	0.331698	0.345583	0.385517	0.417505	0.426817	0.425354
50	0.231304	0.233878	0.229962	2.112613	0.234131	-0.699204	-0.0230028	-0.0230028	-0.0230028	-0.0230028	-0.0230028	-0.0230028	-0.0230028	-0.0232508	-0.0234993	-0.0237378	-0.0239554	-0.0242088	-0.0245419	0.130949	0.223477	0.281597	0.300665	0.307488	0.322826	0.324158	0.325275	0.321224	0.319402	0.318352	0.310229	0.297247	0.289626	0.285404	0.282013	0.277423	0.282656	0.281501	0.276735	0.275464	0.268583	0.254993	0.250027	0.240367	0.238496	0.237259	0.235678	0.232178	0.231141	0.231205	0.229144	0.22576	0.224228	0.220787	0.218453	0.214554	0.213133	0.211811	0.212674	0.215658	0.220134	0.226673	0.232735	0.239758	0.244424	0.248527	0.248959	0.247571	0.251012	0.254188	0.254479	0.24966	0.245976	0.241933	0.235402	0.230947	0.226174	0.222331	0.221214	0.219455	0.218432	0.221405	0.216678	0.211682	0.212145	0.216176	0.226123	0.240287	0.241849	0.231027	0.233109	0.236094	0.229373	0.233161	0.256391	0.273486	0.256101	0.257428	0.26043	0.27199	0.281509	0.297598	0.319864	0.326325	0.286429	0.2877	0.291665	0.301928	0.313643	0.338101	0.356959	0.383839
51	0.228331	0.232137	0.226141	2.096889	0.181856	-0.654172	-0.0551902	-0.0551902	-0.0551902	-0.0551902	-0.0551902	-0.0551902	-0.0551902	-0.0554753	-0.0557535	-0.0559995	-0.0561884	-0.0564552	-0.0569234	0.0922424	0.209461	0.271958	0.298872	0.309148	0.32166	0.323543	0.326192	0.322415	0.317798	0.311854	0.302773	0.294621	0.287897	0.283512	0.280249	0.278154	0.277436	0.280647	0.277023	0.270961	0.26405	0.251684	0.242398	0.237332	0.238724	0.236918	0.233364	0.23035	0.229497	0.229966	0.228105	0.225707	0.226347	0.222814	0.216571	0.211729	0.211463	0.213082	0.212881	0.214432	0.21998	0.226608	0.232864	0.239781	0.245318	0.247889	0.246841	0.246159	0.247899	0.249153	0.251406	0.24862	0.240192	0.231031	0.22676	0.225317	0.223576	0.220925	0.219556	0.217198	0.21534	0.215203	0.213336	0.211227	0.208556	0.216237	0.224327	0.235359	0.238286	0.228954	0.226276	0.229147	0.227265	0.241261	0.251617	0.258772	0.263857	0.25497	0.268832	0.291656	0.288354	0.277985	0.277311	0.26603	0.254359	0.28419	0.311943	0.280544	0.268514	0.346704	0.366646	0.345827

52	0.240739	0.244855	0.235552	2.211762	0.187756	-0.633796	-0.0946671	-0.0946671	-0.0946671	-0.0946671	-0.0946671	-0.0946671	-0.0946671	-0.0950108	-0.0953384	-0.0956073	-0.0957747	-0.0960721	-0.096712	0.128882	0.213918	0.276651	0.302466	0.316817	0.333011	0.336528	0.337576	0.33659	0.334284	0.330715	0.317637	0.305853	0.299545	0.300675	0.302608	0.300085	0.295807	0.292548	0.29045	0.287624	0.277873	0.259103	0.247977	0.250894	0.253312	0.25168	0.246057	0.243208	0.242035	0.243743	0.241367	0.236498	0.235	0.233317	0.230479	0.228012	0.224794	0.221649	0.221869	0.223707	0.227979	0.235687	0.243927	0.254112	0.259258	0.261315	0.263848	0.263454	0.261787	0.261711	0.265167	0.264597	0.258124	0.247963	0.241114	0.238455	0.236682	0.234186	0.231576	0.227927	0.226486	0.230111	0.229959	0.221911	0.221019	0.223741	0.234406	0.245381	0.240606	0.237178	0.244864	0.254204	0.253412	0.255686	0.267639	0.275526	0.274114	0.286586	0.285602	0.278212	0.272287	0.273428	0.259118	0.267032	0.325181	0.333513	0.306071	0.296696	0.285669	0.312838	0.327326	0.337713
53	0.240349	0.244771	0.238305	2.211006	0.175245	-0.687084	-0.0549554	-0.0549554	-0.0549554	-0.0549554	-0.0549554	-0.0549554	-0.0549554	-0.0552515	-0.055541	-0.0557988	-0.056	-0.0562792	-0.0567574	0.11108	0.216425	0.279671	0.307186	0.319809	0.332153	0.334747	0.338265	0.33531	0.330431	0.32953	0.320418	0.309772	0.30996	0.307336	0.300863	0.297197	0.302498	0.303326	0.297172	0.288225	0.282316	0.269837	0.257309	0.252685	0.255259	0.249419	0.2446	0.239219	0.239244	0.240398	0.241144	0.24238	0.239083	0.233548	0.228989	0.225813	0.22376	0.223686	0.222784	0.224679	0.230507	0.236087	0.244231	0.250414	0.256057	0.26093	0.263845	0.261579	0.260914	0.262213	0.262818	0.260261	0.255915	0.250677	0.245447	0.240927	0.237107	0.232298	0.227888	0.22567	0.225563	0.223649	0.220475	0.221907	0.21917	0.221964	0.230059	0.241994	0.244284	0.239285	0.24068	0.245862	0.246723	0.252522	0.253214	0.251119	0.263876	0.286584	0.288139	0.284068	0.284393	0.277304	0.281821	0.300472	0.30516	0.317286	0.326537	0.359097	0.352029	0.330091	0.374647	0.375678
54	0.241833	0.245654	0.240433	2.218982	0.200795	-0.713512	-0.032462	-0.032462	-0.032462	-0.032462	-0.032462	-0.032462	-0.032462	-0.0327319	-0.0330003	-0.0332525	-0.0334734	-0.0337428	-0.0341247	0.153321	0.247346	0.284779	0.304058	0.317183	0.333533	0.336977	0.338019	0.338466	0.332651	0.328772	0.321683	0.316233	0.306802	0.301893	0.301683	0.299746	0.295621	0.294119	0.292487	0.283625	0.27331	0.268222	0.263699	0.251355	0.254602	0.252896	0.248694	0.242771	0.241262	0.244071	0.246962	0.243432	0.238377	0.234481	0.230711	0.225846	0.224301	0.223613	0.222814	0.224267	0.229257	0.235125	0.244568	0.253286	0.25761	0.259962	0.263675	0.261794	0.261027	0.262944	0.263797	0.264447	0.256767	0.248987	0.245792	0.243017	0.238877	0.231652	0.227789	0.226751	0.226305	0.226346	0.221678	0.221429	0.225762	0.231077	0.240185	0.24553	0.248663	0.249934	0.243667	0.237143	0.243749	0.252237	0.253643	0.271217	0.279871	0.285495	0.283269	0.293721	0.294931	0.300923	0.29024	0.311285	0.33485	0.298576	0.316546	0.350676	0.337415	0.349815	0.402416	0.436716
55	0.243102	0.246619	0.241107	2.227704	0.214453	-0.711182	-0.0202329	-0.0202329	-0.0202329	-0.0202329	-0.0202329	-0.0202329	-0.0202329	-0.020489	-0.0207465	-0.0209962	-0.0212285	-0.0214933	-0.0218293	0.120292	0.209373	0.285431	0.314912	0.323898	0.333856	0.337446	0.341315	0.33932	0.333202	0.330601	0.324071	0.311752	0.305102	0.301832	0.30347	0.302604	0.300198	0.304584	0.303375	0.290886	0.280678	0.268355	0.259194	0.257157	0.252224	0.250214	0.247095	0.243511	0.24313	0.243793	0.245275	0.243693	0.240222	0.232596	0.228	0.226763	0.225176	0.224307	0.225395	0.227657	0.231492	0.238013	0.244113	0.251787	0.257409	0.260451	0.263165	0.262731	0.262748	0.266275	0.268023	0.265985	0.25709	0.247458	0.242712	0.239	0.235565	0.232953	0.232301	0.231512	0.233216	0.232027	0.231583	0.229683	0.229241	0.232103	0.241379	0.249111	0.250053	0.242831	0.244962	0.253628	0.254659	0.260256	0.276331	0.276252	0.279652	0.280086	0.284929	0.289324	0.287649	0.272891	0.28622	0.29485	0.314585	0.338795	0.331992	0.315814	0.325601	0.335724	0.351285	0.388187
56	0.241051	0.246220	0.237137	2.224100	0.147161	-0.642456	-0.0848581	-0.0848581	-0.0848581	-0.0848581	-0.0848581	-0.0848581	-0.0848581	-0.085191	-0.0855103	-0.0857777	-0.0859545	-0.0862486	-0.0868507	0.116367	0.212582	0.279969	0.303449	0.316408	0.33296	0.338998	0.338469	0.335361	0.329714	0.325066	0.320157	0.316296	0.31156	0.301306	0.295469	0.2972	0.299237	0.304719	0.299724	0.293753	0.28622	0.272007	0.260171	0.253481	0.252592	0.252346	0.249164	0.247232	0.246609	0.243728	0.24048	0.243379	0.243502	0.237028	0.231345	0.231141	0.228003	0.221705	0.221444	0.224197	0.226997	0.234133	0.243362	0.251543	0.257318	0.260855	0.262956	0.264406	0.265752	0.266139	0.265801	0.262377	0.255453	0.248543	0.247277	0.243422	0.235963	0.228685	0.227098	0.225549	0.224694	0.227491	0.230295	0.227903	0.224697	0.225509	0.238521	0.245082	0.239033	0.236251	0.231763	0.232928	0.237446	0.25653	0.28576	0.281622	0.276912	0.264046	0.271117	0.304507	0.301034	0.277912	0.271176	0.293221	0.318661	0.300722	0.291299	0.31538	0.351625	0.360941	0.356082	0.368152

57	0.256564	0.260120	0.254608	2.349657	0.232409	-0.755824	-0.0296678	-0.0296678	-0.0296678	-0.0296678	-0.0296678	-0.0296678	-0.0296678	-0.0299475	-0.0302268	-0.030492	-0.0307294	-0.031012	-0.0313935	0.190224	0.264505	0.305693	0.320789	0.338836	0.353249	0.353061	0.355428	0.35502	0.349375	0.348174	0.342888	0.326142	0.313453	0.320903	0.328746	0.31871	0.31473	0.315903	0.311347	0.302975	0.289749	0.273093	0.273934	0.27296	0.268383	0.264111	0.2606	0.259177	0.258062	0.261347	0.26603	0.261482	0.254493	0.248139	0.24355	0.237957	0.233538	0.232531	0.232735	0.235353	0.242312	0.249871	0.257442	0.263251	0.269188	0.273915	0.276397	0.277869	0.281704	0.283559	0.283655	0.279992	0.27538	0.268403	0.258398	0.252599	0.249491	0.248644	0.245481	0.242082	0.242876	0.244232	0.247425	0.243125	0.232426	0.237799	0.247252	0.258662	0.25716	0.250454	0.25817	0.263548	0.262244	0.279736	0.291534	0.295888	0.296812	0.297688	0.305367	0.309061	0.309661	0.312272	0.328411	0.336342	0.357914	0.343224	0.318078	0.332717	0.366874	0.370693	0.358377	0.396641
58	0.256128	0.260539	0.254032	2.353441	0.198470	-0.738425	-0.0117921	-0.0117921	-0.0117921	-0.0117921	-0.0117921	-0.0117921	-0.0117921	-0.0120501	-0.0123118	-0.0125718	-0.0128241	-0.0130982	-0.0134057	0.190697	0.258663	0.298477	0.320962	0.33553	0.351706	0.356779	0.357116	0.352627	0.347172	0.341877	0.336989	0.32211	0.318703	0.325293	0.319936	0.318523	0.318167	0.313232	0.302251	0.295858	0.287983	0.277221	0.2706	0.276363	0.274236	0.273095	0.2665	0.260427	0.260192	0.263933	0.264837	0.259718	0.253485	0.24973	0.245048	0.240794	0.236637	0.233649	0.234648	0.238435	0.243148	0.249787	0.25703	0.263077	0.268647	0.27301	0.276831	0.279955	0.28041	0.279875	0.281177	0.279477	0.273461	0.26685	0.257518	0.250969	0.250783	0.249199	0.246736	0.241859	0.240546	0.242338	0.241514	0.241748	0.243379	0.240878	0.240348	0.242112	0.250461	0.261574	0.260975	0.256127	0.256232	0.271505	0.297232	0.308046	0.2956	0.29215	0.306566	0.298278	0.321685	0.346997	0.335628	0.350239	0.351847	0.319998	0.323327	0.315239	0.343712	0.403439	0.442479	0.472286
59	0.254803	0.260141	0.250437	2.349844	0.160463	-0.676759	-0.0900028	-0.0900028	-0.0900028	-0.0900028	-0.0900028	-0.0900028	-0.0900028	-0.0903546	-0.0906918	-0.0909738	-0.0911598	-0.09147	-0.0921058	0.133862	0.248451	0.29948	0.317955	0.332381	0.349991	0.353437	0.355442	0.35295	0.345453	0.340057	0.33645	0.330072	0.325165	0.324942	0.323659	0.323021	0.318355	0.31797	0.308345	0.299537	0.290156	0.281015	0.275286	0.278017	0.272484	0.262757	0.260528	0.261976	0.26266	0.26074	0.25997	0.257384	0.254421	0.252371	0.244594	0.238705	0.236563	0.235068	0.231933	0.235709	0.243048	0.248848	0.256529	0.264679	0.269316	0.273571	0.279534	0.279762	0.277941	0.280753	0.284853	0.283084	0.279716	0.26906	0.257228	0.249096	0.246506	0.246065	0.241914	0.237563	0.237195	0.241068	0.241543	0.239552	0.231343	0.230462	0.246671	0.263605	0.25227	0.24773	0.253204	0.261912	0.2627	0.269073	0.283809	0.277007	0.278088	0.291731	0.288146	0.288279	0.294932	0.290711	0.29678	0.328164	0.323229	0.318282	0.345776	0.361273	0.375736	0.371686	0.381388	0.391977
60	0.252496	0.257349	0.248523	2.324628	0.175998	-0.684097	-0.0421	-0.0421	-0.0421	-0.0421	-0.0421	-0.0421	-0.0421	-0.0423912	-0.0426791	-0.0429444	-0.0431677	-0.0434525	-0.0438869	0.139346	0.231871	0.290726	0.320273	0.330211	0.344565	0.349682	0.354257	0.352202	0.347388	0.341706	0.336185	0.323783	0.317942	0.320106	0.317985	0.307807	0.300993	0.300556	0.294502	0.289896	0.282838	0.27043	0.268074	0.270934	0.266745	0.26331	0.26483	0.26699	0.258921	0.256773	0.258388	0.254643	0.25131	0.248757	0.241603	0.237211	0.231356	0.229315	0.229815	0.233926	0.240978	0.249865	0.257913	0.264819	0.269394	0.272968	0.273637	0.274203	0.275576	0.277794	0.282422	0.279385	0.270833	0.261643	0.256564	0.253002	0.251542	0.246335	0.238453	0.23468	0.230804	0.231017	0.238583	0.236161	0.23695	0.2345	0.24195	0.250723	0.256516	0.255488	0.251685	0.249802	0.2449	0.249745	0.263587	0.27057	0.276275	0.26766	0.279909	0.294713	0.277818	0.273368	0.293348	0.304634	0.309946	0.319038	0.334645	0.306358	0.291894	0.324363	0.37553	0.383431
61	0.255428	0.259946	0.253310	2.348080	0.193306	-0.734041	-0.00388523	-0.00388523	-0.00388523	-0.00388523	-0.00388523	-0.00388523	-0.00388523	-0.00413329	-0.004387	-0.00464431	-0.00490299	-0.00517314	-0.00545412	0.129435	0.219313	0.287204	0.324466	0.34732	0.357259	0.353983	0.355692	0.356019	0.347795	0.341511	0.341423	0.328018	0.31974	0.322675	0.326278	0.317184	0.308453	0.310066	0.304451	0.296847	0.290616	0.281218	0.274342	0.277789	0.274127	0.268151	0.261517	0.261218	0.260403	0.261408	0.263106	0.260831	0.253898	0.245481	0.241465	0.238544	0.235065	0.231051	0.231474	0.236252	0.242679	0.250107	0.258667	0.264013	0.269413	0.276074	0.27852	0.278658	0.281339	0.2837	0.284493	0.282793	0.275849	0.266801	0.259783	0.252362	0.248076	0.245695	0.243418	0.238885	0.237863	0.240409	0.240793	0.236585	0.230801	0.230791	0.2377	0.253292	0.260646	0.255584	0.247846	0.25117	0.261464	0.264078	0.277027	0.297418	0.291578	0.287153	0.293199	0.295014	0.2757	0.267148	0.277118	0.289732	0.334096	0.340929	0.349529	0.353609	0.355862	0.385504	0.373766	0.36666

62	0.265015	0.271576	0.259353	2.453133	0.127656	-0.667008	-0.0789108	-0.0789108	-0.0789108	-0.0789108	-0.0789108	-0.0789108	-0.0789108	-0.0792589	-0.0795953	-0.0798843	-0.08009	-0.0804058	-0.0810056	0.146107	0.242541	0.305272	0.332101	0.345134	0.359854	0.366115	0.369779	0.367962	0.362265	0.352628	0.346388	0.33759	0.328986	0.332624	0.334261	0.332439	0.329501	0.328715	0.32133	0.31373	0.306311	0.290064	0.283214	0.284364	0.279538	0.27614	0.275884	0.278862	0.274551	0.276319	0.27349	0.272055	0.269713	0.263875	0.255243	0.246963	0.245348	0.244032	0.242458	0.247774	0.253012	0.262122	0.27168	0.278822	0.283857	0.286653	0.290122	0.289757	0.290422	0.294252	0.295361	0.288961	0.282783	0.2765	0.26932	0.266613	0.260157	0.256019	0.255817	0.252095	0.252415	0.25339	0.247189	0.245154	0.241012	0.238583	0.248509	0.25569	0.252453	0.250863	0.251462	0.258225	0.272523	0.27489	0.278368	0.28344	0.280144	0.29458	0.299091	0.315656	0.321912	0.320776	0.318359	0.320508	0.345122	0.345181	0.324403	0.316057	0.347772	0.376343	0.419586	0.440068
63	0.269128	0.273810	0.266548	2.473319	0.206716	-0.768035	0.0085448	0.0085448	0.0085448	0.0085448	0.0085448	0.0085448	0.0085448	0.00829969	0.00804571	0.0077794	0.00749744	0.00722	0.00698371	0.197495	0.265525	0.313718	0.331167	0.349515	0.367802	0.371445	0.371729	0.368035	0.361046	0.352558	0.348392	0.340791	0.339197	0.339714	0.340706	0.332275	0.326003	0.33168	0.331266	0.318614	0.303531	0.298809	0.299543	0.289067	0.285165	0.285036	0.276599	0.275002	0.27535	0.277903	0.274229	0.272742	0.266967	0.260591	0.257821	0.253585	0.247727	0.242557	0.242877	0.248738	0.255446	0.261437	0.269834	0.277991	0.284131	0.287929	0.289996	0.290689	0.293454	0.296502	0.298199	0.295625	0.291658	0.283673	0.274379	0.266378	0.263911	0.261422	0.259655	0.259176	0.251627	0.249487	0.249305	0.246914	0.244367	0.24435	0.250992	0.269289	0.276999	0.282086	0.27221	0.265965	0.275188	0.279545	0.287048	0.294372	0.319409	0.32635	0.320494	0.314822	0.316674	0.331979	0.334721	0.342872	0.325983	0.326721	0.359573	0.390181	0.399535	0.39394	0.411014	0.46686
64	0.264621	0.271547	0.260245	2.452878	0.112846	-0.684277	-0.0628067	-0.0628067	-0.0628067	-0.0628067	-0.0628067	-0.0628067	-0.0628067	-0.0631354	-0.0634562	-0.0637406	-0.06396	-0.0642684	-0.0648011	0.152824	0.236033	0.300874	0.333944	0.345887	0.359881	0.366297	0.369079	0.366351	0.360057	0.352955	0.348192	0.338151	0.335086	0.337783	0.335792	0.331024	0.324396	0.322958	0.321988	0.315854	0.304726	0.294288	0.289801	0.285799	0.287068	0.285199	0.27864	0.276855	0.273471	0.271732	0.27554	0.273974	0.270672	0.262253	0.254567	0.249744	0.24522	0.241717	0.243515	0.248201	0.255073	0.261791	0.269375	0.276489	0.282731	0.283676	0.286913	0.289738	0.291524	0.2954	0.296349	0.291564	0.286769	0.278129	0.266322	0.259385	0.256339	0.25595	0.253558	0.249315	0.244825	0.244707	0.247342	0.250555	0.24601	0.239811	0.248146	0.26236	0.262725	0.25881	0.255744	0.257241	0.2564	0.265276	0.275249	0.279232	0.285648	0.307308	0.306598	0.308825	0.30744	0.302526	0.300767	0.307363	0.31662	0.338048	0.323519	0.371667	0.418261	0.378842	0.374264	0.410846
65	0.265306	0.272757	0.259264	2.463802	0.093422	-0.646920	-0.144238	-0.144238	-0.144238	-0.144238	-0.144238	-0.144238	-0.144238	-0.144666	-0.145068	-0.145378	-0.14553	-0.145878	-0.146751	0.135649	0.244458	0.301066	0.335589	0.34607	0.358242	0.365385	0.371226	0.369156	0.364734	0.360041	0.356668	0.345107	0.334914	0.339608	0.342512	0.331717	0.327068	0.324952	0.32027	0.318907	0.316311	0.301954	0.294643	0.292017	0.284678	0.275935	0.273974	0.275325	0.275134	0.27602	0.278449	0.275864	0.268979	0.262405	0.254882	0.249943	0.246995	0.246179	0.246391	0.247981	0.253636	0.262965	0.271499	0.279392	0.285777	0.289698	0.290055	0.293079	0.291833	0.291997	0.293417	0.289731	0.282184	0.276442	0.271733	0.26511	0.25755	0.253812	0.2512	0.251059	0.249741	0.246905	0.249879	0.250009	0.246687	0.246809	0.249947	0.259548	0.26058	0.25986	0.256244	0.266215	0.27085	0.275785	0.293197	0.302966	0.285383	0.28833	0.293782	0.302495	0.287653	0.28984	0.322817	0.342918	0.343114	0.334252	0.356332	0.387794	0.35913	0.384687	0.451503	0.488652
66	0.266829	0.272497	0.262721	2.461454	0.165020	-0.716235	-0.0797961	-0.0797961	-0.0797961	-0.0797961	-0.0797961	-0.0797961	-0.0797961	-0.080147	-0.0804859	-0.080777	-0.0809838	-0.0813018	-0.0819062	0.155705	0.261543	0.306727	0.333497	0.352836	0.363921	0.366124	0.369404	0.368683	0.364453	0.361435	0.359054	0.345433	0.335759	0.339944	0.342092	0.329149	0.32371	0.327428	0.324216	0.316811	0.301165	0.29276	0.294073	0.286887	0.282785	0.278664	0.281629	0.283339	0.276813	0.273713	0.272179	0.270353	0.266504	0.260831	0.252619	0.246409	0.243759	0.24373	0.24499	0.248664	0.255418	0.262732	0.269879	0.276828	0.283265	0.288421	0.291238	0.291939	0.293351	0.295536	0.298598	0.294129	0.285544	0.278947	0.27395	0.267289	0.261186	0.258448	0.255618	0.251895	0.249255	0.250324	0.25166	0.248222	0.242142	0.247511	0.250833	0.254666	0.258999	0.261201	0.263577	0.26593	0.274199	0.283355	0.285423	0.280474	0.287322	0.289477	0.290414	0.286328	0.299905	0.306755	0.328285	0.332239	0.318301	0.323403	0.352345	0.382845	0.368018	0.397439	0.43942	0.453272

67	0.276992	0.283361	0.272940	2.559589	0.152428	-0.739974	-0.0275826	-0.0275826	-0.0275826	-0.0275826	-0.0275826	-0.0275826	-0.0275826	-0.0278798	-0.0281776	-0.0284633	-0.0287241	-0.0290279	-0.0294263	0.16567	0.276365	0.318561	0.342409	0.364242	0.375388	0.380413	0.384053	0.382869	0.378782	0.369354	0.361406	0.351153	0.346184	0.35071	0.347593	0.343076	0.335299	0.330082	0.326422	0.321235	0.318414	0.310531	0.306232	0.302506	0.294878	0.295797	0.294773	0.292705	0.291275	0.291047	0.288276	0.286494	0.280179	0.271784	0.263592	0.258808	0.254725	0.251696	0.253557	0.255475	0.260018	0.270018	0.279342	0.289724	0.295034	0.295963	0.299461	0.303031	0.303651	0.307374	0.307071	0.304276	0.300608	0.295014	0.286211	0.277408	0.269219	0.26421	0.259896	0.261103	0.259663	0.257576	0.261165	0.261528	0.255499	0.250294	0.255834	0.273541	0.283345	0.28008	0.271734	0.275395	0.278979	0.277848	0.28714	0.286296	0.294252	0.30832	0.313966	0.329305	0.334275	0.324854	0.337863	0.32742	0.329442	0.336421	0.362652	0.379492	0.386864	0.39307	0.412568	0.461174
68	0.279029	0.284653	0.279369	2.571262	0.184342	-0.841234	0.0585946	0.0585946	0.0585946	0.0585946	0.0585946	0.0585946	0.0585946	0.0583996	0.0581836	0.057921	0.0575858	0.0573204	0.0572803	0.211189	0.275505	0.319523	0.348113	0.367549	0.381286	0.383993	0.386588	0.381525	0.378104	0.371891	0.364558	0.356666	0.352881	0.350621	0.348975	0.349053	0.341703	0.339474	0.331173	0.325287	0.325139	0.318026	0.311296	0.303448	0.29894	0.296698	0.294258	0.295503	0.293947	0.291779	0.289745	0.286057	0.279484	0.271756	0.264802	0.258723	0.254922	0.254286	0.254101	0.255547	0.263045	0.272994	0.283416	0.289817	0.294871	0.298655	0.301819	0.303197	0.303073	0.30653	0.307199	0.302129	0.295704	0.293099	0.285911	0.278508	0.269517	0.267775	0.26808	0.264786	0.258494	0.258498	0.258355	0.263904	0.259511	0.253343	0.261618	0.273601	0.276339	0.281428	0.280016	0.277347	0.281438	0.286648	0.303327	0.309329	0.31168	0.328558	0.323003	0.316816	0.318029	0.32497	0.339841	0.357756	0.351114	0.363157	0.389091	0.390746	0.385017	0.37253	0.402849	0.419767
69	0.277233	0.283999	0.271736	2.565351	0.137324	-0.707309	-0.047552	-0.047552	-0.047552	-0.047552	-0.047552	-0.047552	-0.047552	-0.0478734	-0.0481908	-0.0484824	-0.0487266	-0.04904	-0.0495222	0.155344	0.266077	0.320566	0.339779	0.357706	0.376596	0.379752	0.384474	0.381411	0.375075	0.368112	0.362303	0.349687	0.347465	0.351183	0.346607	0.347412	0.337763	0.337477	0.330276	0.322371	0.316096	0.314471	0.311087	0.302329	0.294125	0.293764	0.29521	0.292366	0.289502	0.291534	0.291068	0.286671	0.279192	0.270623	0.26197	0.258499	0.254857	0.252837	0.255874	0.260188	0.264838	0.269693	0.277834	0.287533	0.293971	0.298098	0.302809	0.304544	0.305249	0.30745	0.310253	0.308416	0.301279	0.292852	0.284525	0.276618	0.270708	0.266761	0.263159	0.257937	0.253576	0.252347	0.25828	0.261282	0.258012	0.25336	0.254154	0.268733	0.286345	0.292919	0.278572	0.273973	0.281494	0.288767	0.285026	0.297872	0.309895	0.318467	0.325961	0.332918	0.332838	0.324544	0.323487	0.330835	0.380053	0.357016	0.346551	0.358031	0.378107	0.393889	0.455748	0.468828
70	0.276648	0.283440	0.272400	2.560307	0.135422	-0.728534	0.00201373	0.00201373	0.00201373	0.00201373	0.00201373	0.00201373	0.00201373	0.00175296	0.00148464	0.00120821	0.000923308	0.000634127	0.000357413	0.154721	0.258109	0.321624	0.344635	0.356819	0.372722	0.377566	0.380372	0.378474	0.373208	0.368171	0.363283	0.349779	0.345951	0.346625	0.345218	0.346077	0.344965	0.338048	0.326694	0.313127	0.306016	0.304389	0.308067	0.303535	0.29977	0.294359	0.294177	0.294337	0.290916	0.28907	0.28972	0.288705	0.281314	0.272107	0.264338	0.258358	0.253974	0.252325	0.254936	0.257898	0.262198	0.271789	0.281439	0.291558	0.295464	0.29727	0.298467	0.299193	0.300298	0.303196	0.305841	0.306283	0.301895	0.294091	0.284386	0.274247	0.267802	0.266178	0.268064	0.262755	0.252343	0.251243	0.255047	0.257832	0.257024	0.250854	0.256289	0.269131	0.277321	0.276521	0.270339	0.278041	0.287899	0.293133	0.3039	0.314897	0.323166	0.315481	0.299891	0.307423	0.314813	0.32531	0.343345	0.346823	0.349763	0.34705	0.365224	0.362453	0.362599	0.368452	0.348887	0.393237
71	0.279073	0.286037	0.276083	2.583761	0.132274	-0.757645	-0.00826983	-0.00826983	-0.00826983	-0.00826983	-0.00826983	-0.00826983	-0.00826983	-0.00854598	-0.00882734	-0.00910986	-0.00938929	-0.00968653	-0.0100042	0.20211	0.268652	0.317276	0.342825	0.362511	0.379668	0.384701	0.385244	0.382457	0.3756	0.368983	0.364688	0.355976	0.349279	0.354728	0.357303	0.352209	0.341027	0.334949	0.332017	0.326399	0.315871	0.30929	0.310054	0.31187	0.30225	0.299653	0.300253	0.298652	0.294638	0.29374	0.290587	0.286996	0.280597	0.275864	0.26692	0.261364	0.258347	0.255096	0.256704	0.262215	0.26701	0.272748	0.279879	0.289863	0.29568	0.300194	0.301929	0.302948	0.307469	0.308366	0.308766	0.303782	0.298947	0.293343	0.286996	0.279619	0.272637	0.267653	0.262551	0.260577	0.255458	0.259843	0.261291	0.258783	0.259642	0.254635	0.260385	0.274867	0.277806	0.277024	0.278826	0.284896	0.29774	0.30926	0.297543	0.294122	0.300097	0.308043	0.31656	0.338135	0.331844	0.332109	0.345504	0.348331	0.378229	0.38244	0.402318	0.41659	0.405986	0.432549	0.459876	0.481404

72	0.289403	0.297718	0.283868	2.689273	0.094590	-0.722710	-0.078367	-0.078367	-0.078367	-0.078367	-0.078367	-0.078367	-0.078367	-0.0787381	-0.0790983	-0.0794121	-0.0796438	-0.0799854	-0.080608	0.166261	0.280843	0.334447	0.36072	0.376423	0.38707	0.394847	0.400715	0.397946	0.38786	0.381403	0.377543	0.37097	0.361476	0.367854	0.370367	0.374055	0.368771	0.357813	0.339298	0.334689	0.338254	0.324579	0.330826	0.327281	0.31526	0.312341	0.311265	0.305837	0.302811	0.301854	0.302732	0.301113	0.294285	0.286817	0.275768	0.272891	0.268198	0.264614	0.26733	0.271606	0.276232	0.285092	0.294992	0.30236	0.308953	0.313748	0.316649	0.315415	0.317006	0.322868	0.323833	0.319207	0.311538	0.302447	0.295246	0.290763	0.282993	0.276038	0.270542	0.269871	0.271028	0.268699	0.272597	0.270111	0.263296	0.257177	0.262964	0.285363	0.291337	0.290329	0.29335	0.290762	0.287122	0.301072	0.31433	0.322073	0.346002	0.356414	0.342525	0.345549	0.329852	0.325248	0.353036	0.346328	0.343544	0.404974	0.417278	0.448692	0.466584	0.438598	0.427756	0.46491
73	0.293101	0.300684	0.290588	2.716070	0.128424	-0.803376	-0.0193982	-0.0193982	-0.0193982	-0.0193982	-0.0193982	-0.0193982	-0.0193982	-0.0197014	-0.0200074	-0.0203074	-0.0205919	-0.0209092	-0.0212866	0.216351	0.298756	0.348143	0.364825	0.377046	0.39159	0.397901	0.402279	0.399412	0.391944	0.386429	0.383063	0.374922	0.374042	0.374735	0.37345	0.36706	0.359819	0.357913	0.360104	0.352787	0.343772	0.339378	0.333379	0.327258	0.317806	0.316829	0.321163	0.31638	0.311132	0.308606	0.306945	0.302401	0.292774	0.284792	0.278444	0.273461	0.268485	0.26691	0.268066	0.269886	0.277055	0.286273	0.295709	0.306281	0.31274	0.316861	0.317879	0.318595	0.320203	0.323701	0.32657	0.320834	0.315075	0.307007	0.300126	0.295637	0.289617	0.280222	0.276781	0.277076	0.26908	0.26513	0.271325	0.270762	0.26508	0.268569	0.277186	0.29048	0.299005	0.29552	0.29351	0.296231	0.294107	0.298465	0.318593	0.321141	0.326496	0.355996	0.38085	0.36536	0.351158	0.365803	0.369071	0.356816	0.359987	0.392783	0.427965	0.446849	0.468552	0.476554	0.489957	0.510272
74	0.293958	0.300949	0.293989	2.718460	0.152728	-0.863468	0.0668338	0.0668338	0.0668338	0.0668338	0.0668338	0.0668338	0.0668338	0.0666343	0.0664117	0.0661362	0.0657787	0.0655014	0.0654788	0.210633	0.280886	0.344125	0.362972	0.382493	0.397211	0.400062	0.401904	0.39842	0.392488	0.386779	0.384484	0.371681	0.366134	0.372565	0.377868	0.37539	0.374236	0.365194	0.354803	0.353769	0.352164	0.335226	0.331063	0.326226	0.321266	0.319042	0.314646	0.312016	0.307115	0.311196	0.30652	0.300504	0.294899	0.288187	0.277589	0.27342	0.269229	0.269173	0.270915	0.273992	0.279977	0.287774	0.295993	0.304412	0.311146	0.312456	0.31458	0.318354	0.320026	0.322287	0.326133	0.32341	0.315006	0.307716	0.300942	0.292931	0.286112	0.280111	0.280243	0.28001	0.274922	0.270439	0.271495	0.275957	0.275406	0.262863	0.269005	0.278483	0.28721	0.298643	0.297382	0.289148	0.290347	0.309527	0.321434	0.333052	0.351355	0.369068	0.36643	0.357264	0.352951	0.365283	0.355425	0.355049	0.37356	0.382918	0.423592	0.432676	0.433632	0.458022	0.475951	0.506999
75	0.293616	0.300654	0.294340	2.715795	0.150404	-0.874678	0.0483911	0.0483911	0.0483911	0.0483911	0.0483911	0.0483911	0.0483911	0.0481693	0.0479287	0.0476479	0.0473059	0.04702	0.0469268	0.26428	0.313871	0.334017	0.357071	0.381797	0.397382	0.401795	0.402375	0.399314	0.394635	0.390826	0.384903	0.374136	0.366579	0.370042	0.372342	0.371038	0.373062	0.363465	0.351697	0.348622	0.335873	0.337705	0.335413	0.332447	0.31832	0.3134	0.313019	0.312111	0.311708	0.310136	0.307697	0.303013	0.296186	0.288271	0.279603	0.274842	0.27216	0.268219	0.266352	0.26981	0.277062	0.286195	0.297653	0.307946	0.312936	0.314236	0.316118	0.319574	0.318393	0.320934	0.324971	0.320894	0.311415	0.303647	0.299638	0.291772	0.286745	0.281138	0.277529	0.272581	0.266763	0.266699	0.27418	0.280642	0.280375	0.271372	0.268722	0.283467	0.29744	0.299847	0.299434	0.298798	0.296151	0.29011	0.310231	0.33403	0.343782	0.347695	0.330319	0.356546	0.36512	0.364799	0.374834	0.39355	0.403738	0.408399	0.413449	0.44334	0.427136	0.411059	0.501544	0.558353
76	0.289795	0.298351	0.283024	2.694997	0.085737	-0.696901	-0.083052	-0.083052	-0.083052	-0.083052	-0.083052	-0.083052	-0.083052	-0.0834289	-0.0837939	-0.0841092	-0.0843372	-0.0846813	-0.0853282	0.120684	0.263456	0.340012	0.359845	0.370753	0.389011	0.396436	0.401645	0.39616	0.386394	0.381564	0.381151	0.37274	0.360263	0.364288	0.376833	0.37454	0.365342	0.354829	0.349163	0.343199	0.339646	0.329863	0.328536	0.321798	0.315133	0.314823	0.314134	0.312498	0.310844	0.312386	0.305496	0.296525	0.288658	0.28502	0.27884	0.270308	0.268002	0.26592	0.266415	0.269289	0.27605	0.284151	0.294236	0.302768	0.309491	0.315939	0.315825	0.313139	0.313791	0.320382	0.324929	0.320106	0.312209	0.305643	0.297819	0.290478	0.286172	0.282485	0.282218	0.272166	0.268937	0.270274	0.273002	0.27391	0.267702	0.259223	0.262643	0.279906	0.296154	0.302315	0.289597	0.284219	0.290097	0.303195	0.308099	0.314329	0.328265	0.321076	0.301078	0.296309	0.338648	0.342919	0.335027	0.323664	0.332077	0.347247	0.357062	0.374159	0.414492	0.437556	0.422843	0.421207

77	0.308660	0.316175	0.308966	2.855994	0.153568	-0.909092	0.0558091	0.0558091	0.0558091	0.0558091	0.0558091	0.0558091	0.0558091	0.0555823	0.0553345	0.0550411	0.0546779	0.05438	0.0542995	0.246287	0.323016	0.360576	0.374283	0.393738	0.408599	0.41521	0.417332	0.414796	0.410824	0.412105	0.412792	0.402379	0.394094	0.390814	0.392645	0.390847	0.386659	0.389232	0.379645	0.357071	0.357156	0.35707	0.357532	0.347888	0.338172	0.332264	0.325922	0.324452	0.325342	0.329989	0.327772	0.317368	0.308165	0.301149	0.293891	0.289125	0.284942	0.282224	0.282271	0.285434	0.291252	0.30093	0.312243	0.321664	0.328538	0.33223	0.332808	0.333744	0.333011	0.335648	0.337769	0.336352	0.329533	0.320552	0.312478	0.308503	0.304653	0.300597	0.295781	0.291124	0.286651	0.282724	0.280478	0.283657	0.286395	0.27674	0.286343	0.306797	0.312226	0.314811	0.315516	0.317949	0.321315	0.334851	0.333397	0.34719	0.354529	0.357026	0.352324	0.374869	0.368552	0.348748	0.366403	0.39113	0.421212	0.442747	0.482853	0.516035	0.525901	0.56759	0.58842	0.63219
78	0.307647	0.315374	0.311295	2.848763	0.143849	-0.965545	0.0941778	0.0941778	0.0941778	0.0941778	0.0941778	0.0941778	0.0941778	0.0939975	0.0937873	0.0935053	0.0931101	0.0928306	0.0929128	0.282451	0.338798	0.36673	0.383689	0.400634	0.411818	0.41745	0.419206	0.414511	0.411394	0.407201	0.402038	0.395099	0.391427	0.391565	0.396606	0.391724	0.383862	0.378364	0.37616	0.36607	0.364474	0.363351	0.354071	0.345667	0.34052	0.336324	0.333884	0.330063	0.326749	0.321878	0.323027	0.321036	0.309827	0.300661	0.293134	0.286637	0.28253	0.278402	0.277334	0.283181	0.293075	0.30546	0.313736	0.319739	0.325209	0.33138	0.334403	0.331331	0.334068	0.337564	0.337547	0.335699	0.329943	0.323988	0.313286	0.302896	0.2937	0.289262	0.288286	0.281395	0.28193	0.286472	0.285448	0.284164	0.280043	0.281429	0.284658	0.301619	0.30618	0.305058	0.311256	0.314645	0.310343	0.32053	0.332975	0.357558	0.37809	0.371068	0.347364	0.349588	0.370329	0.394305	0.38271	0.396379	0.400063	0.437844	0.445865	0.465724	0.521055	0.501228	0.536459	0.587893
79	0.309650	0.317639	0.312415	2.869225	0.136540	-0.951402	0.11404	0.11404	0.11404	0.11404	0.11404	0.11404	0.11404	0.113883	0.113691	0.113413	0.113	0.112728	0.112886	0.24215	0.327793	0.361974	0.380651	0.396914	0.407288	0.413714	0.417716	0.417429	0.413113	0.406831	0.404232	0.399026	0.389504	0.392666	0.398466	0.40617	0.402666	0.387967	0.381386	0.375562	0.368553	0.366817	0.367384	0.350697	0.339573	0.336714	0.333688	0.332492	0.335284	0.330485	0.323095	0.31791	0.308825	0.300809	0.295446	0.290053	0.285375	0.282479	0.281188	0.284666	0.291743	0.301633	0.312576	0.32352	0.326546	0.32951	0.335089	0.335016	0.335123	0.337034	0.340392	0.341053	0.334752	0.325827	0.315217	0.308899	0.303135	0.29439	0.290469	0.291365	0.287219	0.281567	0.282891	0.290125	0.289204	0.281967	0.285964	0.297734	0.306521	0.314411	0.311443	0.30808	0.312606	0.318977	0.334845	0.341788	0.336939	0.357711	0.362255	0.356465	0.369197	0.391674	0.391555	0.398855	0.421664	0.449817	0.48383	0.44768	0.434222	0.480815	0.51203	0.593135
80	0.304698	0.313837	0.304290	2.834878	0.084627	-0.857231	0.0266353	0.0266353	0.0266353	0.0266353	0.0266353	0.0266353	0.0266353	0.0263759	0.0261025	0.0258034	0.0254674	0.0251587	0.0249595	0.233924	0.304064	0.347015	0.380148	0.395512	0.410053	0.414021	0.417462	0.413924	0.406737	0.401702	0.395826	0.3888	0.389842	0.391319	0.395903	0.393825	0.379267	0.368752	0.371263	0.367859	0.358668	0.352301	0.343284	0.334958	0.33487	0.337331	0.339666	0.334416	0.330716	0.328442	0.326257	0.31906	0.309068	0.299965	0.289781	0.284229	0.280786	0.279405	0.27985	0.284563	0.291501	0.298771	0.306922	0.317884	0.325162	0.327867	0.329198	0.330706	0.330626	0.333288	0.336647	0.333285	0.325881	0.319193	0.311322	0.306446	0.300609	0.294	0.289066	0.28831	0.284654	0.279041	0.276055	0.275262	0.277568	0.276653	0.28092	0.29318	0.303733	0.303096	0.298598	0.30482	0.314	0.321096	0.320778	0.332785	0.338706	0.3349	0.333233	0.324807	0.333372	0.368695	0.37649	0.38818	0.413543	0.438513	0.454715	0.480217	0.462902	0.453012	0.469499	0.507352
81	0.303107	0.312701	0.297351	2.824619	0.064574	-0.743906	-0.0787611	-0.0787611	-0.0787611	-0.0787611	-0.0787611	-0.0787611	-0.0787611	-0.0791459	-0.0795201	-0.079848	-0.0800938	-0.0804503	-0.0810884	0.181809	0.289086	0.338877	0.357236	0.384144	0.405166	0.411487	0.41453	0.413008	0.407939	0.40076	0.396984	0.392105	0.38272	0.381445	0.390523	0.396619	0.392548	0.379646	0.374269	0.369926	0.360399	0.350748	0.34449	0.340337	0.331217	0.330804	0.333092	0.327468	0.32796	0.325415	0.321469	0.316327	0.307413	0.29859	0.28994	0.283603	0.278589	0.274677	0.277472	0.281028	0.289138	0.299325	0.30829	0.316299	0.322283	0.326908	0.328766	0.32921	0.333878	0.338967	0.338972	0.330231	0.324621	0.321634	0.313949	0.302452	0.297247	0.293048	0.289063	0.287484	0.283931	0.281691	0.282906	0.285635	0.283203	0.271417	0.279271	0.294407	0.297486	0.295906	0.300221	0.31311	0.31199	0.306905	0.321812	0.324124	0.318938	0.354025	0.364159	0.357488	0.348211	0.365771	0.3649	0.364869	0.372801	0.366642	0.399935	0.448728	0.477335	0.492952	0.506968	0.543761

82	0.322740	0.331410	0.324580	2.993612	0.128954	-0.966624	0.104041	0.104041	0.104041	0.104041	0.104041	0.104041	0.104041	0.103859	0.103644	0.103351	0.102933	0.102643	0.102749	0.27484	0.344018	0.369166	0.39401	0.411762	0.423474	0.431137	0.435111	0.431554	0.426714	0.423595	0.42361	0.417799	0.408294	0.409236	0.417445	0.415656	0.416915	0.406193	0.397631	0.384074	0.377267	0.379139	0.373936	0.362269	0.362487	0.357295	0.350303	0.346452	0.343453	0.342571	0.340672	0.334348	0.322862	0.316037	0.307549	0.300528	0.294935	0.29158	0.29224	0.299503	0.307294	0.316755	0.329185	0.33944	0.343906	0.346156	0.348729	0.35113	0.352174	0.352083	0.352874	0.352223	0.344711	0.337053	0.330408	0.32183	0.313598	0.30648	0.305972	0.305699	0.301376	0.295321	0.293674	0.301235	0.299261	0.291709	0.294848	0.310821	0.317389	0.324161	0.3234	0.320664	0.324498	0.33079	0.353566	0.375048	0.361955	0.341005	0.355438	0.378992	0.396841	0.386003	0.399459	0.421914	0.441185	0.457184	0.484182	0.49037	0.501922	0.524691	0.557192	0.579195
83	0.316420	0.327680	0.312576	2.959923	0.018974	-0.798059	-0.0415895	-0.0415895	-0.0415895	-0.0415895	-0.0415895	-0.0415895	-0.0415895	-0.0419432	-0.0422952	-0.0426267	-0.0429182	-0.0432722	-0.0437721	0.183965	0.307198	0.363113	0.38599	0.407967	0.421613	0.430077	0.434141	0.43198	0.427066	0.417486	0.414784	0.406892	0.400913	0.397112	0.405319	0.409128	0.40607	0.404075	0.388112	0.375771	0.371464	0.369753	0.365852	0.352017	0.347612	0.345975	0.345193	0.346021	0.345757	0.344367	0.340349	0.331882	0.321056	0.313781	0.308257	0.300349	0.293992	0.291721	0.293686	0.297559	0.303135	0.313299	0.324382	0.333858	0.34085	0.344612	0.345544	0.346499	0.347434	0.350281	0.350935	0.34593	0.34004	0.334117	0.325447	0.319409	0.311828	0.301194	0.296804	0.292889	0.290235	0.288732	0.288274	0.288957	0.287621	0.282346	0.28648	0.304853	0.315925	0.316911	0.31082	0.308403	0.313894	0.317712	0.324429	0.349028	0.34826	0.335709	0.344969	0.348257	0.350457	0.360535	0.386112	0.384483	0.369972	0.396893	0.429287	0.43483	0.464171	0.528584	0.512524	0.542075
84	0.322237	0.332233	0.322515	3.001048	0.076622	-0.914806	0.0637956	0.0637956	0.0637956	0.0637956	0.0637956	0.0637956	0.0637956	0.0635646	0.0633103	0.0630047	0.0626198	0.0623103	0.0622432	0.21137	0.326595	0.371932	0.397254	0.410426	0.422559	0.431023	0.436427	0.43579	0.430537	0.424649	0.422015	0.414492	0.408272	0.408815	0.416932	0.422839	0.418571	0.408847	0.399624	0.395543	0.382178	0.379042	0.373333	0.365594	0.356445	0.352876	0.348967	0.348826	0.34965	0.347174	0.342124	0.332704	0.322629	0.316234	0.307262	0.300211	0.297322	0.295182	0.297466	0.302634	0.308118	0.316164	0.327423	0.3386	0.346517	0.351654	0.352879	0.352759	0.352681	0.353843	0.354319	0.352974	0.34414	0.333877	0.326655	0.320007	0.315189	0.310938	0.305406	0.301443	0.297842	0.291284	0.295788	0.298081	0.291839	0.284108	0.292266	0.31214	0.317325	0.313991	0.312997	0.32125	0.336388	0.345697	0.350288	0.356087	0.353817	0.361868	0.369298	0.37818	0.381032	0.381459	0.414861	0.416663	0.377223	0.411296	0.461515	0.454279	0.479454	0.508347	0.514898	0.589391
85	0.323084	0.332188	0.328767	3.000645	0.112553	-1.033543	0.122147	0.122147	0.122147	0.122147	0.122147	0.122147	0.122147	0.121985	0.121787	0.121497	0.121061	0.120778	0.120959	0.286577	0.345188	0.375068	0.393942	0.413718	0.425138	0.431595	0.43584	0.435645	0.434553	0.425865	0.424471	0.419651	0.415636	0.420678	0.423117	0.429531	0.430132	0.411272	0.399697	0.397416	0.389946	0.376852	0.368891	0.364881	0.360148	0.354563	0.355207	0.35568	0.351965	0.347124	0.341208	0.333755	0.324479	0.317615	0.306633	0.300042	0.296053	0.294297	0.294381	0.298443	0.306518	0.317202	0.329715	0.340106	0.34333	0.345607	0.347971	0.347897	0.349805	0.349558	0.353393	0.352355	0.345875	0.337604	0.328613	0.319449	0.313724	0.311741	0.304098	0.299504	0.298551	0.297987	0.29854	0.297625	0.300426	0.294096	0.294121	0.306981	0.312717	0.311915	0.319972	0.329832	0.323234	0.328396	0.34638	0.360678	0.362533	0.372701	0.383987	0.384121	0.380979	0.392772	0.408025	0.408615	0.417138	0.439769	0.460849	0.497587	0.516352	0.526103	0.56021	0.587394
86	0.322105	0.331988	0.320796	2.998834	0.080813	-0.886166	0.0498209	0.0498209	0.0498209	0.0498209	0.0498209	0.0498209	0.0498209	0.0495736	0.0493064	0.0489973	0.0486249	0.0483096	0.0481883	0.237661	0.333485	0.377996	0.397592	0.407373	0.420133	0.430867	0.43382	0.431427	0.428334	0.422186	0.417675	0.414642	0.409471	0.405523	0.412079	0.410379	0.408254	0.411637	0.396268	0.385477	0.377762	0.379862	0.373545	0.362248	0.358751	0.356943	0.354314	0.353404	0.350184	0.346218	0.342804	0.333839	0.32631	0.319758	0.309113	0.302732	0.296259	0.29301	0.295161	0.30074	0.307182	0.317049	0.326397	0.333241	0.340515	0.347182	0.351051	0.352035	0.350264	0.351234	0.352801	0.347063	0.342767	0.33786	0.327343	0.321079	0.316721	0.310791	0.306864	0.305131	0.303207	0.29706	0.292315	0.294798	0.295929	0.293552	0.298269	0.315496	0.327929	0.329457	0.327103	0.329231	0.334546	0.340077	0.349836	0.359691	0.369194	0.377717	0.375092	0.367421	0.363526	0.365859	0.391278	0.436878	0.435465	0.436064	0.475851	0.534387	0.567317	0.547141	0.544417	0.588723

87	0.339411	0.349959	0.341463	3.161163	0.079962	-0.996473	0.119001	0.119001	0.119001	0.119001	0.119001	0.119001	0.119001	0.11882	0.118603	0.118297	0.117849	0.117547	0.117696	0.271985	0.352859	0.394886	0.419998	0.435948	0.443714	0.449801	0.452034	0.45132	0.449	0.444633	0.439645	0.432778	0.43336	0.437765	0.437889	0.440834	0.437342	0.428835	0.416996	0.411177	0.408614	0.402419	0.396659	0.390951	0.38605	0.377027	0.373675	0.373489	0.374021	0.369475	0.35753	0.349189	0.341873	0.334435	0.324982	0.317549	0.311629	0.308801	0.308866	0.312284	0.321432	0.335488	0.347941	0.355891	0.362664	0.367343	0.368585	0.369062	0.370184	0.369723	0.371054	0.366547	0.359985	0.355082	0.345527	0.339323	0.331479	0.324276	0.318722	0.316464	0.318634	0.312931	0.309599	0.313291	0.316628	0.312439	0.313623	0.319495	0.329112	0.335952	0.33494	0.340828	0.347324	0.35921	0.373913	0.371723	0.372016	0.3784	0.399949	0.412215	0.406501	0.402126	0.411749	0.436778	0.448167	0.460936	0.50248	0.517497	0.514852	0.551196	0.6004	0.666421
88	0.338584	0.349350	0.341800	3.155669	0.070239	-1.012322	0.124587	0.124587	0.124587	0.124587	0.124587	0.124587	0.124587	0.124414	0.124203	0.123899	0.123446	0.123148	0.123325	0.308142	0.353345	0.390485	0.419863	0.436419	0.444435	0.450384	0.45095	0.449879	0.449257	0.442046	0.437329	0.434548	0.429309	0.430378	0.430836	0.436855	0.445282	0.434888	0.426534	0.421402	0.416319	0.409672	0.395788	0.384608	0.378118	0.370168	0.370501	0.374456	0.371832	0.366458	0.357216	0.348764	0.340179	0.332241	0.322648	0.317265	0.31256	0.309054	0.310884	0.315062	0.321653	0.334482	0.347332	0.358624	0.365517	0.367172	0.368158	0.369403	0.366159	0.366868	0.370163	0.36659	0.361371	0.356165	0.348506	0.338038	0.32888	0.322865	0.318874	0.315073	0.311253	0.309347	0.309028	0.310227	0.307715	0.303546	0.303029	0.320034	0.3375	0.337437	0.330752	0.330572	0.339714	0.35359	0.360666	0.377877	0.373391	0.364453	0.374698	0.373575	0.382595	0.418067	0.437071	0.428959	0.438316	0.456128	0.500294	0.534071	0.544016	0.526653	0.5516	0.585611
89	0.337277	0.348355	0.339752	3.146678	0.056198	-0.989148	0.0825584	0.0825584	0.0825584	0.0825584	0.0825584	0.0825584	0.0825584	0.082335	0.0820836	0.0817677	0.081351	0.0810339	0.0810331	0.266617	0.359197	0.398642	0.414607	0.434347	0.445594	0.451538	0.451346	0.448634	0.445769	0.444513	0.446612	0.441624	0.430565	0.42868	0.43308	0.433837	0.433125	0.43182	0.421626	0.416791	0.406579	0.399853	0.395992	0.386628	0.379147	0.377488	0.373803	0.373274	0.373292	0.366567	0.356039	0.347483	0.342178	0.33507	0.323622	0.315844	0.311837	0.309999	0.30968	0.313903	0.320974	0.333074	0.344489	0.3512	0.360407	0.362659	0.363719	0.365097	0.366398	0.368767	0.36901	0.366387	0.363977	0.35415	0.342543	0.336061	0.330853	0.320572	0.312725	0.312314	0.315427	0.312559	0.309325	0.311569	0.313647	0.305971	0.307031	0.3202	0.333865	0.342179	0.329061	0.325869	0.337692	0.348852	0.366743	0.381586	0.378791	0.372053	0.378297	0.377045	0.374951	0.384335	0.419107	0.443262	0.445032	0.462254	0.482095	0.52233	0.535441	0.556764	0.582829	0.615256
90	0.335094	0.346740	0.333089	3.132088	0.030959	-0.888504	0.00605385	0.00605385	0.00605385	0.00605385	0.00605385	0.00605385	0.00605385	0.00574064	0.0054174	0.00508186	0.00473195	0.00438151	0.00406683	0.26131	0.337251	0.371016	0.401095	0.424148	0.441262	0.449197	0.451757	0.448749	0.445556	0.439977	0.439871	0.436075	0.432996	0.425441	0.428588	0.437941	0.434293	0.431628	0.422835	0.403843	0.391726	0.392065	0.381526	0.372984	0.37683	0.376218	0.374457	0.374526	0.371036	0.364223	0.356468	0.346978	0.337308	0.328755	0.31993	0.313208	0.312439	0.310755	0.307269	0.311829	0.319597	0.330726	0.342524	0.354513	0.361982	0.366403	0.367612	0.366228	0.367075	0.369645	0.368081	0.362008	0.357598	0.351225	0.341104	0.333378	0.327633	0.322102	0.319068	0.314859	0.310969	0.313093	0.311368	0.310303	0.31141	0.308608	0.307507	0.320966	0.321855	0.316764	0.316322	0.32015	0.327294	0.34258	0.352498	0.356088	0.369026	0.368282	0.374264	0.372898	0.368984	0.392544	0.393691	0.390061	0.417632	0.453759	0.471854	0.463933	0.482791	0.537183	0.546488	0.574076
91	0.335107	0.346781	0.335162	3.132461	0.029862	-0.927012	0.0536658	0.0536658	0.0536658	0.0536658	0.0536658	0.0536658	0.0536658	0.05341	0.0531331	0.0528113	0.0524214	0.0520933	0.0519751	0.259673	0.340059	0.383238	0.405663	0.422987	0.43801	0.448419	0.449618	0.44642	0.446391	0.440554	0.43699	0.432	0.427837	0.427999	0.435069	0.442659	0.438674	0.427817	0.421971	0.418771	0.397173	0.389097	0.383435	0.379883	0.379541	0.371375	0.368367	0.367867	0.366921	0.364144	0.356065	0.349862	0.339813	0.329682	0.321746	0.315246	0.311643	0.309645	0.3115	0.313284	0.319692	0.330556	0.345248	0.355506	0.362595	0.366236	0.367872	0.368323	0.365464	0.362624	0.362384	0.362134	0.358514	0.351249	0.341862	0.332074	0.327738	0.323965	0.31741	0.312248	0.308911	0.306272	0.30797	0.309946	0.306472	0.301857	0.305159	0.320217	0.330403	0.333982	0.331703	0.324382	0.325773	0.333299	0.350658	0.365465	0.381297	0.378662	0.358543	0.346584	0.371314	0.381454	0.386384	0.408259	0.427758	0.447974	0.452105	0.470356	0.484284	0.492975	0.537585	0.598306

92	0.351025	0.364844	0.353898	3.295624	-0.030649	-0.999430	0.101794	0.101794	0.101794	0.101794	0.101794	0.101794	0.101794	0.10158	0.101333	0.101008	0.100559	0.100236	0.1003	0.280296	0.36021	0.401738	0.423359	0.440799	0.460515	0.470255	0.46965	0.470787	0.469948	0.464044	0.46112	0.452528	0.44135	0.44219	0.454122	0.467521	0.464094	0.457309	0.444843	0.438448	0.428412	0.420595	0.41216	0.402312	0.396737	0.399706	0.398335	0.394225	0.392298	0.386002	0.374453	0.366471	0.360032	0.351572	0.340683	0.33286	0.327618	0.322439	0.323291	0.329127	0.336635	0.346929	0.360294	0.372046	0.379167	0.386005	0.387596	0.38538	0.380945	0.381739	0.385371	0.382131	0.372542	0.363939	0.358911	0.351702	0.34381	0.333959	0.329055	0.32521	0.324172	0.320941	0.317407	0.318478	0.323007	0.321426	0.316268	0.326121	0.332852	0.335959	0.333739	0.331304	0.343928	0.356518	0.36256	0.359453	0.355916	0.368245	0.36624	0.370999	0.369131	0.381573	0.403614	0.428247	0.454318	0.475102	0.474754	0.494305	0.502072	0.531982	0.529704	0.565886
93	0.354842	0.368239	0.358284	3.326288	-0.008673	-1.029359	0.117984	0.117984	0.117984	0.117984	0.117984	0.117984	0.117984	0.117786	0.117552	0.117228	0.116763	0.116444	0.116572	0.296003	0.367282	0.404261	0.429335	0.446872	0.458053	0.468037	0.471764	0.47128	0.469705	0.464101	0.463213	0.465107	0.458183	0.457392	0.462281	0.465629	0.463308	0.462906	0.457355	0.447599	0.439754	0.42425	0.418584	0.413162	0.407604	0.400018	0.399907	0.399953	0.393518	0.384453	0.375532	0.367879	0.361316	0.35202	0.34319	0.335614	0.33097	0.327242	0.327125	0.330265	0.33974	0.352158	0.361495	0.372183	0.384023	0.388522	0.388381	0.388131	0.390042	0.390695	0.388858	0.381461	0.375271	0.368299	0.359574	0.351661	0.342861	0.340978	0.336472	0.329746	0.32763	0.32668	0.322983	0.323424	0.327631	0.325565	0.316701	0.324386	0.342316	0.344056	0.339805	0.341423	0.351779	0.375124	0.385718	0.386824	0.384573	0.381049	0.390317	0.389946	0.386197	0.392707	0.415028	0.447122	0.475534	0.503808	0.551004	0.547599	0.518318	0.52965	0.5911	0.655247
94	0.350839	0.365065	0.349923	3.297623	-0.046781	-0.920932	0.0314287	0.0314287	0.0314287	0.0314287	0.0314287	0.0314287	0.0314287	0.03113	0.0308148	0.0304696	0.030081	0.0297246	0.0294957	0.256822	0.348775	0.397132	0.425483	0.44401	0.457733	0.467961	0.470873	0.469557	0.466801	0.460679	0.456357	0.451193	0.444359	0.445515	0.457252	0.462262	0.45826	0.454211	0.446191	0.437124	0.430762	0.41871	0.412157	0.408238	0.401441	0.396998	0.394384	0.393824	0.389012	0.384431	0.37714	0.369357	0.358489	0.34836	0.339225	0.331088	0.325042	0.323793	0.325027	0.328062	0.337	0.34808	0.362465	0.37492	0.383728	0.38674	0.386661	0.383835	0.382688	0.384081	0.383181	0.378773	0.375439	0.368234	0.357369	0.348934	0.342793	0.338127	0.331108	0.326283	0.326155	0.321774	0.31763	0.317291	0.321211	0.319276	0.317344	0.328021	0.335467	0.338633	0.329982	0.336359	0.354062	0.362412	0.37424	0.382667	0.379305	0.375602	0.38733	0.390759	0.384212	0.386981	0.403907	0.393713	0.414976	0.451319	0.472337	0.503454	0.519086	0.542276	0.566941	0.59617
95	0.351417	0.365473	0.354227	3.301302	-0.039304	-0.995848	0.0993351	0.0993351	0.0993351	0.0993351	0.0993351	0.0993351	0.0993351	0.0991175	0.0988675	0.0985412	0.0980947	0.0977694	0.09782	0.256184	0.353829	0.405591	0.423551	0.443029	0.457605	0.46758	0.470916	0.471305	0.467222	0.45839	0.454711	0.455154	0.450547	0.450129	0.459767	0.465564	0.470479	0.465873	0.451267	0.44659	0.437066	0.423369	0.416429	0.407079	0.401288	0.393723	0.393394	0.393071	0.390441	0.385283	0.375474	0.369636	0.361061	0.349968	0.339219	0.331745	0.32593	0.323006	0.322667	0.327468	0.337468	0.350152	0.364738	0.374987	0.381102	0.386384	0.38857	0.38779	0.386524	0.383496	0.383185	0.38046	0.372843	0.366132	0.356566	0.346523	0.337796	0.329954	0.327233	0.328547	0.326096	0.322101	0.319388	0.321042	0.322126	0.32178	0.318064	0.326649	0.338022	0.342235	0.344292	0.339523	0.344208	0.359465	0.36793	0.369247	0.377077	0.380994	0.386527	0.388878	0.37354	0.378924	0.409385	0.427751	0.426588	0.428084	0.452455	0.497062	0.541197	0.544277	0.55791	0.57387
96	0.354139	0.367284	0.357891	3.317659	0.000135	-1.036822	0.125264	0.125264	0.125264	0.125264	0.125264	0.125264	0.125264	0.125076	0.12485	0.124529	0.124059	0.123744	0.123907	0.318715	0.377034	0.407748	0.427364	0.443759	0.46022	0.470022	0.469986	0.468807	0.465415	0.460587	0.461193	0.455158	0.448387	0.456813	0.468799	0.469924	0.470527	0.466206	0.454092	0.445398	0.432224	0.417398	0.413147	0.408717	0.40225	0.398409	0.399791	0.398181	0.390463	0.384086	0.377354	0.367195	0.3591	0.350897	0.343168	0.3353	0.329212	0.326231	0.326919	0.331623	0.339879	0.350281	0.362851	0.375186	0.383089	0.390514	0.389129	0.386579	0.385931	0.386402	0.382902	0.377169	0.374279	0.368153	0.358919	0.351471	0.344749	0.339995	0.333928	0.328819	0.326364	0.324031	0.319785	0.320474	0.324427	0.327636	0.325313	0.328707	0.339733	0.345245	0.345264	0.346696	0.355327	0.369569	0.384255	0.385126	0.388861	0.39935	0.404989	0.413323	0.42298	0.425532	0.427874	0.434276	0.43236	0.458114	0.488551	0.496483	0.521001	0.538336	0.544272	0.591395

97	0.369870	0.386465	0.371096	3.490927	-0.111487	-0.987380	0.0540895	0.0540895	0.0540895	0.0540895	0.0540895	0.0540895	0.0540895	0.0537987	0.0534856	0.0531265	0.052698	0.0523309	0.052176	0.282334	0.375695	0.427164	0.441507	0.462692	0.481167	0.4926	0.493141	0.491821	0.490571	0.487584	0.486898	0.482232	0.47441	0.476146	0.475435	0.484175	0.48228	0.482504	0.483325	0.476865	0.460924	0.450345	0.444884	0.433867	0.423144	0.423448	0.423344	0.421978	0.414971	0.405066	0.39727	0.388007	0.378644	0.370482	0.36308	0.355041	0.347833	0.34491	0.345186	0.348843	0.357805	0.369237	0.382403	0.394839	0.403401	0.408775	0.409572	0.407658	0.406589	0.403597	0.402295	0.397478	0.387302	0.380665	0.373827	0.367831	0.360744	0.353194	0.349044	0.349002	0.344614	0.340691	0.33807	0.334879	0.337936	0.336267	0.333291	0.337097	0.341797	0.345137	0.346249	0.350457	0.360585	0.379501	0.392532	0.391085	0.396506	0.393976	0.407595	0.417631	0.426872	0.416904	0.424054	0.453144	0.48919	0.495366	0.491739	0.515679	0.554916	0.548967	0.571783	0.626413
98	0.370956	0.386597	0.372253	3.492118	-0.072769	-1.007177	0.123493	0.123493	0.123493	0.123493	0.123493	0.123493	0.123493	0.123286	0.123041	0.122702	0.122216	0.121882	0.122013	0.280085	0.36187	0.408653	0.442008	0.463722	0.479118	0.492212	0.494336	0.491426	0.488801	0.48305	0.479069	0.479111	0.473701	0.481832	0.485463	0.481283	0.481796	0.483051	0.483312	0.476512	0.459791	0.441731	0.430735	0.431373	0.431979	0.429126	0.423647	0.416247	0.412376	0.406052	0.397854	0.389092	0.380741	0.370958	0.360346	0.350697	0.344796	0.342196	0.343442	0.348165	0.357793	0.370646	0.384819	0.397165	0.405265	0.410104	0.41229	0.410249	0.406389	0.403004	0.401024	0.397693	0.388257	0.38013	0.376144	0.368947	0.363096	0.356528	0.350735	0.346991	0.345223	0.34547	0.341591	0.337732	0.336905	0.334805	0.329868	0.336357	0.352637	0.36381	0.364139	0.366433	0.365625	0.367572	0.374196	0.383414	0.380417	0.393723	0.394505	0.392152	0.405595	0.419019	0.438496	0.455476	0.459239	0.491471	0.506395	0.544682	0.576261	0.613529	0.625545	0.619335
99	0.372338	0.387779	0.374418	3.502794	-0.062976	-1.029655	0.0922671	0.0922671	0.0922671	0.0922671	0.0922671	0.0922671	0.0922671	0.092021	0.0917438	0.0913945	0.0909325	0.090582	0.0905831	0.280376	0.393902	0.430094	0.440867	0.464946	0.482458	0.492452	0.493938	0.493981	0.489398	0.48253	0.479309	0.481096	0.483466	0.487649	0.492882	0.49166	0.485816	0.486573	0.488121	0.476653	0.468221	0.454311	0.440619	0.435696	0.429415	0.426217	0.420939	0.413334	0.409286	0.404106	0.397696	0.390285	0.382299	0.371701	0.361875	0.352072	0.345279	0.342567	0.343923	0.348779	0.358556	0.372119	0.386405	0.39837	0.40699	0.412101	0.411623	0.411408	0.411564	0.409533	0.405382	0.396794	0.389685	0.385442	0.377641	0.366342	0.359159	0.352909	0.348717	0.346266	0.344576	0.342216	0.340772	0.338354	0.334282	0.335508	0.337706	0.343331	0.356588	0.366456	0.363295	0.369044	0.376357	0.381902	0.400148	0.411376	0.421967	0.418802	0.438474	0.445309	0.449221	0.439148	0.427312	0.432958	0.466093	0.485946	0.509768	0.552795	0.545473	0.553069	0.608832	0.634353
100	0.370229	0.386297	0.372542	3.489409	-0.090441	-1.017300	0.12437	0.12437	0.12437	0.12437	0.12437	0.12437	0.12437	0.124165	0.123921	0.123584	0.123097	0.122764	0.122902	0.307678	0.375951	0.409258	0.43562	0.461707	0.476959	0.487321	0.491969	0.490012	0.48796	0.484109	0.481376	0.478788	0.473661	0.476249	0.481834	0.491249	0.491501	0.482421	0.47638	0.470488	0.458125	0.447517	0.444179	0.435531	0.428973	0.423439	0.420871	0.420554	0.414961	0.407083	0.397232	0.387655	0.380722	0.368156	0.360233	0.356034	0.349148	0.344404	0.34297	0.347507	0.355843	0.367645	0.382807	0.395798	0.403643	0.406905	0.408711	0.407372	0.40553	0.405853	0.404714	0.398402	0.38762	0.381243	0.375556	0.368056	0.362897	0.355336	0.347747	0.341339	0.34002	0.341738	0.33618	0.335667	0.336639	0.336794	0.340027	0.34435	0.354126	0.356454	0.344626	0.345243	0.360382	0.369743	0.393529	0.395326	0.378628	0.40026	0.409222	0.401762	0.410725	0.441174	0.455384	0.445967	0.471677	0.473156	0.480898	0.50552	0.53134	0.52987	0.560863	0.55673
101	0.370761	0.386622	0.373164	3.492341	-0.081603	-1.023989	0.123671	0.123671	0.123671	0.123671	0.123671	0.123671	0.123671	0.123464	0.123219	0.12288	0.122392	0.122058	0.122189	0.277478	0.365982	0.415037	0.44218	0.46585	0.485278	0.495093	0.493897	0.491395	0.489054	0.484731	0.480981	0.477686	0.475252	0.476213	0.487799	0.494151	0.487185	0.476921	0.471459	0.464943	0.455905	0.455494	0.441816	0.432001	0.428954	0.427039	0.422231	0.419341	0.416022	0.406446	0.396918	0.38981	0.381048	0.370902	0.362162	0.353947	0.347981	0.342746	0.343937	0.347993	0.354768	0.367628	0.384241	0.397681	0.405157	0.409108	0.409587	0.40899	0.405133	0.401993	0.401301	0.397809	0.38972	0.383773	0.376496	0.36806	0.361143	0.352823	0.348103	0.347527	0.345676	0.3429	0.335273	0.331552	0.332084	0.333835	0.331436	0.339589	0.351669	0.362527	0.360954	0.360742	0.370136	0.376008	0.39819	0.399591	0.400315	0.41235	0.417816	0.442965	0.449668	0.434397	0.438594	0.461992	0.474139	0.480389	0.513797	0.523265	0.557397	0.576234	0.571377	0.621605

102	0.390503	0.409427	0.392913	3.698342	-0.172339	-1.041680	0.0837624	0.0837624	0.0837624	0.0837624	0.0837624	0.0837624	0.0837624	0.0834872	0.0831822	0.0828104	0.0823351	0.0819596	0.0819063	0.304692	0.401372	0.440364	0.461948	0.48598	0.507272	0.519502	0.518956	0.517784	0.511662	0.506305	0.506817	0.511722	0.503678	0.509261	0.517989	0.514779	0.512886	0.51399	0.510653	0.501336	0.494004	0.483144	0.474892	0.466856	0.461623	0.455173	0.4513	0.447296	0.438017	0.428885	0.42173	0.411415	0.403085	0.394634	0.384984	0.37518	0.366677	0.363143	0.36406	0.36831	0.37695	0.390741	0.407117	0.421622	0.429671	0.434896	0.43531	0.433644	0.430138	0.427536	0.423998	0.41755	0.40946	0.400638	0.389767	0.384255	0.377146	0.373695	0.372648	0.367179	0.36057	0.358353	0.356689	0.351351	0.351577	0.352016	0.34571	0.354933	0.366787	0.375003	0.372216	0.368188	0.375939	0.389137	0.397831	0.397512	0.407851	0.412974	0.422497	0.411748	0.419241	0.430733	0.429182	0.454917	0.489173	0.50671	0.489827	0.532387	0.544675	0.568805	0.633808	0.646617
103	0.389595	0.408195	0.391906	3.687212	-0.161055	-1.041863	0.134109	0.134109	0.134109	0.134109	0.134109	0.134109	0.134109	0.133896	0.133642	0.133286	0.13277	0.13242	0.132578	0.314344	0.378287	0.431918	0.459407	0.481989	0.500802	0.514897	0.517083	0.516186	0.512155	0.507715	0.506845	0.508491	0.503111	0.499372	0.501899	0.511242	0.520698	0.512513	0.506302	0.494973	0.485244	0.473619	0.464692	0.456891	0.460248	0.457241	0.448723	0.444224	0.436442	0.424691	0.418331	0.412867	0.404993	0.394068	0.383684	0.374158	0.367234	0.363461	0.363713	0.368528	0.378673	0.392051	0.403912	0.417344	0.428157	0.435853	0.435409	0.431574	0.430319	0.429499	0.423856	0.418148	0.409185	0.3971	0.391389	0.383845	0.37818	0.371361	0.363931	0.362069	0.357375	0.355873	0.354177	0.350157	0.352333	0.353105	0.348385	0.35338	0.362441	0.371251	0.367108	0.362743	0.371984	0.377638	0.398888	0.406092	0.407986	0.411144	0.427342	0.427787	0.429342	0.43071	0.455247	0.488878	0.502201	0.525662	0.525139	0.532202	0.552836	0.574379	0.60256	0.61506
104	0.391094	0.409072	0.393809	3.695136	-0.134675	-1.064115	0.141036	0.141036	0.141036	0.141036	0.141036	0.141036	0.141036	0.14083	0.140581	0.140227	0.139704	0.139356	0.13954	0.304163	0.392881	0.433416	0.464256	0.49435	0.507184	0.516026	0.517017	0.516852	0.513668	0.508782	0.5057	0.508145	0.506596	0.505177	0.514041	0.508132	0.514497	0.51021	0.502569	0.491226	0.486025	0.476283	0.468086	0.462519	0.460048	0.453135	0.452637	0.445353	0.434712	0.425914	0.420987	0.412384	0.406925	0.395349	0.384928	0.375166	0.367449	0.362699	0.364526	0.367991	0.376815	0.389892	0.404262	0.421039	0.429131	0.431184	0.434225	0.43425	0.43313	0.430693	0.428425	0.421744	0.411547	0.400991	0.39146	0.38471	0.378246	0.373447	0.370215	0.366868	0.360911	0.354893	0.352211	0.353173	0.353254	0.352805	0.349391	0.348997	0.359418	0.369456	0.370883	0.374498	0.379183	0.389559	0.403676	0.407381	0.422925	0.442981	0.425813	0.404876	0.404988	0.425782	0.449696	0.474439	0.504504	0.487258	0.467621	0.490285	0.538378	0.549038	0.543441	0.620243
105	0.391000	0.409035	0.393431	3.694793	-0.136963	-1.057572	0.112917	0.112917	0.112917	0.112917	0.112917	0.112917	0.112917	0.112677	0.112401	0.112038	0.111538	0.111177	0.111243	0.298201	0.394604	0.443376	0.469611	0.494039	0.507602	0.517799	0.518596	0.518411	0.514311	0.508834	0.504918	0.503819	0.499957	0.506998	0.514684	0.51594	0.511174	0.513068	0.50822	0.498623	0.484488	0.480853	0.472214	0.461705	0.456998	0.457171	0.451476	0.444642	0.437025	0.429318	0.421025	0.412607	0.403864	0.392456	0.383059	0.373528	0.365114	0.362254	0.365396	0.369912	0.377891	0.390693	0.40407	0.417677	0.429971	0.435329	0.435182	0.434411	0.428938	0.425697	0.425583	0.421779	0.412913	0.399863	0.390192	0.38526	0.378261	0.373102	0.369117	0.363574	0.360136	0.359029	0.358074	0.35547	0.354344	0.354032	0.351751	0.352576	0.364634	0.378225	0.376003	0.367053	0.372263	0.396118	0.410049	0.425249	0.42747	0.428023	0.42486	0.440247	0.437051	0.438037	0.455159	0.465288	0.474854	0.498493	0.519808	0.537206	0.56112	0.586871	0.606318	0.609911
106	0.391325	0.409421	0.393982	3.698284	-0.138907	-1.061971	0.175392	0.175392	0.175392	0.175392	0.175392	0.175392	0.175392	0.175228	0.175013	0.174669	0.174117	0.173786	0.174113	0.315342	0.372117	0.439575	0.469272	0.488523	0.503132	0.514519	0.515382	0.513398	0.508916	0.505711	0.505978	0.507034	0.504436	0.503607	0.506252	0.509648	0.513073	0.519801	0.508793	0.492541	0.480672	0.471503	0.469332	0.468992	0.469398	0.462289	0.451431	0.443999	0.434597	0.42538	0.420239	0.413038	0.404224	0.393737	0.383089	0.375103	0.370083	0.365431	0.363972	0.368794	0.377926	0.390637	0.404912	0.421122	0.430372	0.433269	0.435319	0.43476	0.430811	0.429591	0.425505	0.420117	0.409965	0.397926	0.391119	0.383742	0.378298	0.373997	0.371031	0.368166	0.364395	0.356492	0.352694	0.350137	0.352853	0.354322	0.353086	0.352674	0.365775	0.379167	0.37974	0.380112	0.381141	0.391906	0.407204	0.415424	0.42271	0.416199	0.404224	0.41951	0.439107	0.459852	0.458822	0.469853	0.475607	0.498618	0.494969	0.490201	0.516613	0.561019	0.568345	0.601864

107	0.414562	0.435348	0.418071	3.932481	-0.210046	-1.112974	0.164813	0.164813	0.164813	0.164813	0.164813	0.164813	0.164813	0.164613	0.164363	0.163991	0.163424	0.163061	0.163319	0.327428	0.422418	0.464687	0.492272	0.511789	0.528134	0.544336	0.549378	0.547181	0.543642	0.538809	0.536076	0.536545	0.531846	0.532172	0.548586	0.550355	0.544356	0.544725	0.540873	0.535285	0.519414	0.509529	0.502772	0.496866	0.493171	0.487666	0.479167	0.470714	0.463128	0.454478	0.449499	0.444392	0.43188	0.422195	0.411182	0.402299	0.397086	0.391693	0.388647	0.390518	0.398804	0.41255	0.42822	0.441387	0.453084	0.461592	0.465888	0.465873	0.461675	0.4573	0.453299	0.445802	0.435468	0.423399	0.410598	0.404574	0.399311	0.394152	0.390339	0.385289	0.385482	0.379788	0.373256	0.371835	0.371087	0.368728	0.367063	0.364388	0.377642	0.400347	0.40363	0.397331	0.401248	0.415153	0.417317	0.411425	0.425216	0.434262	0.44474	0.454906	0.446668	0.45435	0.466834	0.466827	0.490904	0.52367	0.53081	0.552819	0.584277	0.582446	0.556651	0.556054
108	0.413620	0.434356	0.415390	3.923520	-0.209469	-1.077808	0.0886422	0.0886422	0.0886422	0.0886422	0.0886422	0.0886422	0.0886422	0.0883508	0.0880278	0.0876343	0.0871312	0.0867337	0.086677	0.321688	0.432274	0.469302	0.48976	0.513206	0.530511	0.543719	0.546812	0.545822	0.543199	0.542636	0.538029	0.540749	0.536896	0.532561	0.538885	0.54804	0.548296	0.545896	0.531398	0.52221	0.521202	0.508938	0.501787	0.497246	0.491074	0.485867	0.480786	0.468628	0.460412	0.454703	0.450255	0.440053	0.430436	0.419868	0.410475	0.402298	0.393506	0.387192	0.384997	0.389347	0.400023	0.412394	0.427908	0.44205	0.454547	0.461807	0.46477	0.463761	0.459689	0.456675	0.45435	0.446101	0.433545	0.422289	0.411171	0.404037	0.40057	0.396048	0.39177	0.38458	0.382337	0.375684	0.373716	0.372805	0.367029	0.369738	0.374443	0.373076	0.379212	0.389397	0.397059	0.395487	0.398217	0.408921	0.414058	0.425856	0.443802	0.436209	0.426184	0.43737	0.443177	0.446802	0.43881	0.45344	0.479227	0.48562	0.514065	0.566951	0.582814	0.607517	0.619402	0.655454
109	0.416781	0.436928	0.422758	3.946750	-0.181965	-1.176860	0.216022	0.216022	0.216022	0.216022	0.216022	0.216022	0.216022	0.215882	0.21568	0.215321	0.214708	0.214368	0.214836	0.336726	0.427472	0.4831	0.50172	0.5175	0.534237	0.545048	0.549552	0.547653	0.543712	0.537196	0.532293	0.537157	0.537902	0.54467	0.552203	0.55266	0.54964	0.54234	0.54466	0.539172	0.526859	0.516734	0.508826	0.504818	0.495471	0.487867	0.484314	0.47868	0.46873	0.459175	0.450121	0.44261	0.433946	0.4216	0.41072	0.401266	0.393659	0.388573	0.387727	0.390273	0.399869	0.413785	0.42844	0.443355	0.455499	0.464866	0.467303	0.465447	0.462882	0.459968	0.456165	0.448469	0.438625	0.425237	0.414288	0.406598	0.403707	0.396216	0.388748	0.386298	0.383389	0.380084	0.376817	0.374808	0.372412	0.371449	0.37289	0.372251	0.380346	0.392772	0.393661	0.399908	0.416635	0.425507	0.433304	0.439081	0.436839	0.423066	0.439196	0.456594	0.453405	0.445988	0.458707	0.479462	0.510175	0.512001	0.525286	0.565606	0.616037	0.65655	0.623223	0.575662
110	0.411622	0.432671	0.413093	3.908298	-0.224516	-1.060686	0.0789169	0.0789169	0.0789169	0.0789169	0.0789169	0.0789169	0.0789169	0.0786154	0.0782847	0.0778901	0.0773969	0.0769966	0.0769002	0.309019	0.417216	0.454646	0.486468	0.513947	0.528629	0.539799	0.545805	0.546385	0.543169	0.540266	0.535231	0.536485	0.536897	0.536825	0.546935	0.549797	0.544892	0.534156	0.524724	0.52356	0.512831	0.501339	0.494792	0.493324	0.491331	0.485804	0.477694	0.468505	0.458372	0.452687	0.445671	0.438613	0.429217	0.41825	0.409114	0.401143	0.39379	0.388037	0.386162	0.390241	0.397939	0.410462	0.424514	0.437861	0.452508	0.461075	0.463533	0.461554	0.459009	0.457195	0.454245	0.446551	0.434416	0.421537	0.409375	0.402017	0.398001	0.39488	0.388628	0.381893	0.378477	0.3739	0.371452	0.366507	0.36324	0.361448	0.361064	0.365768	0.376658	0.395525	0.399729	0.389427	0.388951	0.401266	0.408572	0.416015	0.43155	0.421102	0.415654	0.415566	0.440345	0.440543	0.455145	0.485571	0.472063	0.480929	0.497178	0.545486	0.56859	0.551692	0.541707	0.551355
111	0.414977	0.435763	0.419427	3.936235	-0.209473	-1.132100	0.187297	0.187297	0.187297	0.187297	0.187297	0.187297	0.187297	0.187124	0.186896	0.18653	0.185943	0.18559	0.185942	0.348563	0.413512	0.46069	0.48769	0.513932	0.533139	0.543538	0.547492	0.547358	0.54442	0.541324	0.538238	0.538999	0.536125	0.542229	0.549808	0.545067	0.539444	0.533776	0.534823	0.530563	0.519549	0.507517	0.504314	0.50325	0.496766	0.494311	0.483056	0.471703	0.462354	0.454123	0.448068	0.443027	0.435729	0.423102	0.412416	0.4024	0.394631	0.389997	0.388755	0.390926	0.401872	0.413997	0.428934	0.443279	0.454823	0.463934	0.467453	0.462347	0.458416	0.456758	0.455558	0.447798	0.433612	0.420977	0.410692	0.402698	0.400293	0.396703	0.391835	0.389482	0.382783	0.374809	0.373711	0.371247	0.366317	0.3707	0.372642	0.369308	0.383684	0.396955	0.395211	0.388408	0.395097	0.41267	0.423655	0.424528	0.437654	0.441617	0.444378	0.450645	0.433767	0.444208	0.473568	0.471192	0.497669	0.531777	0.545352	0.552996	0.54757	0.559711	0.594637	0.618366

112	0.439874	0.463812	0.445095	4.189595	-0.296194	-1.179876	0.162714	0.162714	0.162714	0.162714	0.162714	0.162714	0.162714	0.162485	0.162207	0.161807	0.161213	0.160821	0.161041	0.337105	0.436816	0.489294	0.52092	0.551273	0.565549	0.574686	0.580038	0.578438	0.577778	0.577795	0.570621	0.571918	0.569932	0.571164	0.577611	0.588577	0.595201	0.585254	0.580404	0.574488	0.560162	0.55144	0.544871	0.538918	0.53232	0.522153	0.51431	0.505551	0.498129	0.489811	0.483252	0.475007	0.465397	0.451825	0.440764	0.429002	0.419361	0.413791	0.410417	0.413533	0.42198	0.436052	0.452414	0.467714	0.481577	0.490517	0.496749	0.495896	0.490552	0.489375	0.485025	0.474982	0.460745	0.446192	0.435254	0.4239	0.417793	0.418139	0.415767	0.410521	0.408821	0.40465	0.396031	0.393633	0.391193	0.392398	0.393767	0.392923	0.400089	0.407161	0.411541	0.409537	0.419021	0.425405	0.440945	0.449282	0.465283	0.466261	0.459591	0.469201	0.476982	0.478499	0.499857	0.533872	0.526862	0.539754	0.554787	0.581524	0.618302	0.604996	0.586549	0.627041
113	0.434652	0.459576	0.439161	4.151331	-0.342118	-1.133817	0.101588	0.101588	0.101588	0.101588	0.101588	0.101588	0.101588	0.10129	0.100956	0.100542	0.100004	0.0995874	0.0995568	0.309867	0.437227	0.488305	0.518751	0.543165	0.557658	0.570866	0.575493	0.577246	0.577257	0.575607	0.566996	0.56441	0.568673	0.577828	0.580322	0.578946	0.57971	0.579535	0.566407	0.55606	0.5508	0.545974	0.538053	0.529818	0.523214	0.518934	0.511296	0.496527	0.489555	0.485518	0.480216	0.471806	0.460703	0.449269	0.43831	0.425963	0.415728	0.409895	0.409446	0.412473	0.420473	0.434544	0.451464	0.46558	0.479464	0.487606	0.493813	0.494884	0.490384	0.485908	0.480526	0.471212	0.455523	0.441151	0.432159	0.42251	0.415217	0.409445	0.404838	0.403717	0.39906	0.391227	0.38695	0.386651	0.384068	0.380913	0.380389	0.373407	0.38495	0.402876	0.409225	0.406858	0.406648	0.403897	0.415025	0.426368	0.434578	0.434528	0.435142	0.42858	0.439508	0.458763	0.453853	0.494	0.518096	0.509587	0.51757	0.528246	0.552278	0.554962	0.588662	0.56216
114	0.437578	0.461862	0.442944	4.171986	-0.313007	-1.169630	0.148852	0.148852	0.148852	0.148852	0.148852	0.148852	0.148852	0.148608	0.148318	0.147916	0.147335	0.146938	0.147101	0.312705	0.436746	0.492358	0.523298	0.544856	0.562975	0.573583	0.577843	0.579054	0.576725	0.572349	0.567368	0.569546	0.572381	0.5714	0.579361	0.587541	0.593921	0.585995	0.571273	0.566091	0.557375	0.543821	0.533771	0.536003	0.535343	0.530059	0.51403	0.501248	0.494348	0.490067	0.484078	0.474557	0.464023	0.452057	0.440993	0.429063	0.416776	0.410337	0.407475	0.410668	0.418898	0.432251	0.449012	0.464712	0.478726	0.488508	0.494797	0.496179	0.490955	0.486993	0.482624	0.472913	0.458343	0.446095	0.435866	0.425629	0.416423	0.411753	0.407163	0.403889	0.401736	0.402181	0.399291	0.393728	0.386169	0.388643	0.393531	0.390694	0.392007	0.406974	0.411507	0.414713	0.418626	0.422117	0.431763	0.441046	0.440887	0.461103	0.465746	0.446737	0.458921	0.481803	0.482753	0.513571	0.514458	0.515188	0.538557	0.565798	0.574073	0.60221	0.605241	0.606277
115	0.439082	0.462388	0.443950	4.176732	-0.272718	-1.180443	0.173233	0.173233	0.173233	0.173233	0.173233	0.173233	0.173233	0.173018	0.172752	0.172356	0.171755	0.171369	0.171634	0.342195	0.433836	0.489384	0.524287	0.548297	0.562608	0.572755	0.578567	0.578912	0.578487	0.574788	0.567051	0.566827	0.568293	0.575573	0.575176	0.581732	0.588309	0.581391	0.571218	0.566723	0.560068	0.547619	0.541219	0.536527	0.53115	0.526522	0.514625	0.501875	0.491715	0.488508	0.484888	0.474331	0.46404	0.451558	0.440229	0.428818	0.418111	0.409943	0.408576	0.409855	0.418225	0.434678	0.450324	0.466415	0.480302	0.488114	0.491818	0.491425	0.491033	0.489144	0.484477	0.477732	0.461677	0.44826	0.43829	0.426262	0.416337	0.41346	0.409545	0.407648	0.4062	0.401767	0.398206	0.393455	0.385504	0.38973	0.398545	0.396007	0.396413	0.412746	0.424667	0.425329	0.432828	0.438162	0.45092	0.462462	0.463865	0.470212	0.480038	0.478547	0.468455	0.467682	0.477593	0.512794	0.548367	0.527432	0.546562	0.571706	0.562783	0.548553	0.564322	0.57986
116	0.439802	0.463475	0.446664	4.186555	-0.285996	-1.214735	0.185585	0.185585	0.185585	0.185585	0.185585	0.185585	0.185585	0.185384	0.185128	0.184735	0.184122	0.183741	0.184059	0.374277	0.438655	0.493211	0.521569	0.546293	0.561703	0.573841	0.579387	0.579508	0.578675	0.576161	0.568542	0.567573	0.569603	0.575778	0.586389	0.593531	0.596699	0.590353	0.574867	0.568737	0.56396	0.556242	0.542642	0.537571	0.5336	0.525773	0.511685	0.50459	0.495809	0.489498	0.483421	0.4743	0.462149	0.45247	0.442747	0.43068	0.41851	0.41138	0.409714	0.413476	0.422832	0.435996	0.449581	0.465485	0.479641	0.489393	0.497287	0.497089	0.491081	0.486879	0.482282	0.475285	0.46163	0.449196	0.439051	0.429436	0.42101	0.419103	0.412559	0.409134	0.409474	0.402254	0.390991	0.388224	0.387243	0.387388	0.390789	0.392299	0.396344	0.408112	0.414267	0.411214	0.408696	0.418146	0.435009	0.450781	0.457367	0.45608	0.44611	0.456656	0.465364	0.473217	0.481964	0.496516	0.538288	0.565441	0.595941	0.604853	0.578512	0.568231	0.5784	0.605477

117	0.466455	0.493445	0.473364	4.457269	-0.376606	-1.252092	0.196489	0.196489	0.196489	0.196489	0.196489	0.196489	0.196489	0.196275	0.196002	0.195584	0.194934	0.194528	0.194861	0.36612	0.468254	0.5218	0.555271	0.582236	0.597778	0.607485	0.613849	0.613433	0.611222	0.608123	0.602381	0.599014	0.604729	0.612853	0.618593	0.624518	0.627553	0.627616	0.619168	0.615001	0.601509	0.592116	0.584643	0.577064	0.576205	0.563046	0.549656	0.540176	0.53171	0.525828	0.520953	0.511837	0.499745	0.482871	0.465674	0.452219	0.44184	0.436925	0.435708	0.438216	0.447497	0.463649	0.482588	0.498188	0.509614	0.51848	0.522751	0.524512	0.526423	0.523491	0.518828	0.506821	0.494457	0.477695	0.460883	0.4506	0.441217	0.435799	0.433624	0.434014	0.428795	0.423622	0.422035	0.417036	0.41304	0.410886	0.411271	0.413029	0.411115	0.424805	0.439065	0.448852	0.44889	0.441385	0.448066	0.472704	0.479125	0.480738	0.492386	0.488544	0.4871	0.503301	0.522834	0.520991	0.525684	0.531272	0.533588	0.539656	0.575653	0.620617	0.665239	0.647874
118	0.464834	0.492234	0.470309	4.446334	-0.394930	-1.213264	0.13263	0.13263	0.13263	0.13263	0.13263	0.13263	0.13263	0.13234	0.132006	0.131571	0.130975	0.130541	0.130611	0.366889	0.464303	0.517305	0.556013	0.57878	0.594058	0.605832	0.610848	0.612106	0.611	0.606823	0.600218	0.598576	0.601497	0.61151	0.62131	0.629379	0.63745	0.636012	0.619977	0.605709	0.593938	0.595554	0.591577	0.580149	0.568365	0.554372	0.546228	0.538622	0.530246	0.524064	0.516132	0.50866	0.495569	0.480117	0.465969	0.453421	0.44292	0.435634	0.433661	0.437182	0.447699	0.462644	0.482339	0.49689	0.507996	0.517627	0.52316	0.52773	0.526768	0.522668	0.518929	0.508724	0.49209	0.47344	0.459034	0.447247	0.439923	0.437142	0.435171	0.432256	0.428504	0.42216	0.417947	0.410503	0.408308	0.407429	0.408238	0.408828	0.408635	0.425304	0.435922	0.437451	0.435423	0.444977	0.458134	0.472912	0.471158	0.47396	0.493159	0.497969	0.484855	0.484946	0.487811	0.505185	0.540169	0.571714	0.573853	0.564521	0.584293	0.617056	0.623317	0.663903
119	0.463963	0.491536	0.468616	4.440024	-0.402873	-1.192181	0.134898	0.134898	0.134898	0.134898	0.134898	0.134898	0.134898	0.134612	0.134281	0.133848	0.133251	0.132819	0.132895	0.328055	0.448111	0.517788	0.554411	0.576152	0.59222	0.603905	0.611584	0.612238	0.610937	0.605442	0.59907	0.596694	0.607893	0.619318	0.621539	0.623857	0.619697	0.622979	0.619564	0.608541	0.600886	0.591724	0.581777	0.579136	0.570457	0.555466	0.542992	0.537002	0.529076	0.521872	0.517194	0.509697	0.495399	0.479581	0.46426	0.452716	0.442925	0.436884	0.433883	0.437585	0.448147	0.461576	0.478413	0.496153	0.510453	0.517069	0.52063	0.527212	0.527261	0.522143	0.51624	0.507005	0.490627	0.476121	0.460772	0.448554	0.438932	0.433099	0.432131	0.430033	0.428708	0.426715	0.419826	0.412346	0.405179	0.40173	0.403511	0.403526	0.409	0.420151	0.439836	0.444176	0.442276	0.449239	0.450987	0.461002	0.455101	0.45713	0.472366	0.475691	0.470045	0.493116	0.505523	0.509626	0.525949	0.529486	0.537361	0.553936	0.570339	0.549148	0.552297	0.612126
120	0.462222	0.490255	0.466616	4.428452	-0.423295	-1.174375	0.0989772	0.0989772	0.0989772	0.0989772	0.0989772	0.0989772	0.0989772	0.0986481	0.0982837	0.0978403	0.0972745	0.0968264	0.0967529	0.304456	0.441403	0.509866	0.55139	0.579855	0.59369	0.603473	0.610452	0.612953	0.610495	0.606986	0.604474	0.598544	0.604261	0.613249	0.616009	0.622943	0.637533	0.626516	0.616663	0.60681	0.59538	0.588009	0.580132	0.571979	0.564744	0.552831	0.539313	0.532634	0.528179	0.524132	0.516306	0.506539	0.494398	0.478027	0.464754	0.452087	0.442822	0.437799	0.434198	0.436456	0.446659	0.462485	0.479401	0.495628	0.509017	0.518425	0.522605	0.5258	0.523383	0.518879	0.510573	0.502245	0.489072	0.474195	0.459903	0.446348	0.435453	0.433071	0.431688	0.429768	0.427264	0.424817	0.419686	0.411459	0.403034	0.404729	0.409888	0.402344	0.399984	0.413097	0.424802	0.430711	0.43488	0.432645	0.434139	0.442913	0.45543	0.457862	0.463716	0.469904	0.471203	0.475016	0.507949	0.540253	0.52437	0.522091	0.526964	0.523992	0.56408	0.554236	0.554075	0.586613
121	0.462386	0.489702	0.467078	4.423461	-0.395179	-1.191692	0.144411	0.144411	0.144411	0.144411	0.144411	0.144411	0.144411	0.144137	0.143818	0.143389	0.142786	0.14236	0.142476	0.314536	0.455507	0.520641	0.552802	0.57574	0.590804	0.603283	0.610359	0.609609	0.607773	0.605283	0.59898	0.597257	0.600645	0.609027	0.612234	0.61864	0.624416	0.621848	0.616486	0.608275	0.598693	0.584399	0.574901	0.569237	0.562007	0.555229	0.542006	0.532175	0.525334	0.521261	0.515408	0.50763	0.49815	0.480695	0.46363	0.449394	0.440214	0.435932	0.432774	0.435227	0.446313	0.461238	0.479212	0.495663	0.509247	0.51692	0.520174	0.522161	0.521799	0.519633	0.513985	0.501931	0.488651	0.473963	0.460653	0.447506	0.438942	0.435765	0.433016	0.429702	0.427456	0.422795	0.415257	0.414658	0.407967	0.401523	0.399414	0.396046	0.403946	0.418379	0.427466	0.425848	0.434794	0.438979	0.445814	0.461387	0.474776	0.475995	0.471235	0.463983	0.480325	0.49182	0.491636	0.497444	0.503022	0.515623	0.554757	0.570717	0.524874	0.509069	0.556235	0.606531

122	0.495154	0.527032	0.498964	4.760660	-0.525413	-1.212319	0.111967	0.111967	0.111967	0.111967	0.111967	0.111967	0.111967	0.111622	0.111237	0.110763	0.110152	0.109674	0.109618	0.313969	0.459406	0.545914	0.5759	0.610089	0.6319	0.645922	0.651826	0.654831	0.650359	0.647779	0.64295	0.641529	0.647836	0.65813	0.669691	0.684426	0.683001	0.669129	0.656859	0.648402	0.641458	0.640996	0.630996	0.620024	0.604722	0.592527	0.583623	0.582065	0.573236	0.565268	0.556521	0.546086	0.53338	0.51643	0.500275	0.484772	0.473148	0.465546	0.463026	0.467974	0.480983	0.498593	0.518224	0.535363	0.549259	0.556085	0.56035	0.559529	0.559722	0.558627	0.5563	0.544344	0.525614	0.511699	0.495946	0.478604	0.467929	0.462332	0.455839	0.454131	0.453236	0.45078	0.44773	0.439386	0.429385	0.427552	0.427396	0.433729	0.436836	0.436869	0.446901	0.45766	0.456538	0.454345	0.457555	0.473316	0.482849	0.478553	0.483025	0.49299	0.485353	0.476324	0.493762	0.523292	0.541032	0.548773	0.554549	0.576796	0.577974	0.602303	0.602236	0.59642
123	0.498446	0.529280	0.506408	4.780970	-0.480035	-1.317838	0.212227	0.212227	0.212227	0.212227	0.212227	0.212227	0.212227	0.212	0.21171	0.211263	0.210565	0.210132	0.210496	0.391918	0.481019	0.541333	0.585566	0.618719	0.635306	0.647316	0.652342	0.654429	0.651402	0.649179	0.6459	0.643206	0.651198	0.663365	0.672518	0.672399	0.68383	0.67781	0.67184	0.658985	0.646398	0.645481	0.631898	0.623007	0.608998	0.597032	0.591047	0.583937	0.575393	0.568153	0.563762	0.549369	0.532027	0.515588	0.499204	0.484347	0.474583	0.469404	0.466608	0.471144	0.481355	0.497159	0.516609	0.536219	0.551978	0.559507	0.563532	0.564243	0.561562	0.560031	0.555821	0.545153	0.530817	0.51425	0.496935	0.481137	0.469307	0.459772	0.457311	0.456795	0.456778	0.454177	0.449118	0.439805	0.437708	0.435127	0.434653	0.438443	0.432952	0.439678	0.455993	0.460233	0.459939	0.456868	0.465531	0.479402	0.50074	0.502135	0.499807	0.510102	0.523069	0.512498	0.506392	0.558955	0.574809	0.581596	0.595227	0.602134	0.594416	0.604045	0.594927	0.585495
124	0.498844	0.529660	0.507282	4.784398	-0.478748	-1.328438	0.221506	0.221506	0.221506	0.221506	0.221506	0.221506	0.221506	0.22129	0.221009	0.220564	0.219858	0.219429	0.219828	0.371483	0.490152	0.548912	0.588369	0.620441	0.636508	0.647743	0.654129	0.654936	0.652192	0.648219	0.646459	0.63977	0.641917	0.663902	0.679988	0.686671	0.68389	0.675531	0.668841	0.662545	0.655788	0.638249	0.630384	0.625412	0.610505	0.597723	0.588036	0.581764	0.576763	0.570759	0.564873	0.551814	0.533848	0.515934	0.498282	0.48449	0.474926	0.467293	0.465873	0.471517	0.482534	0.499544	0.521518	0.539958	0.550682	0.555928	0.559273	0.561623	0.561144	0.561321	0.558106	0.54542	0.529978	0.51589	0.496509	0.480243	0.472221	0.463	0.455083	0.458441	0.460327	0.455578	0.448243	0.441936	0.434923	0.432434	0.431865	0.433696	0.43298	0.438038	0.456805	0.468203	0.460796	0.466485	0.474804	0.499073	0.510098	0.507977	0.486185	0.470148	0.496346	0.503568	0.520606	0.543768	0.541163	0.548871	0.58636	0.557485	0.529532	0.578796	0.649912	0.683889
125	0.496620	0.528091	0.501419	4.770224	-0.507458	-1.242190	0.128786	0.128786	0.128786	0.128786	0.128786	0.128786	0.128786	0.12846	0.12809	0.12762	0.126994	0.126523	0.126539	0.346325	0.477459	0.552666	0.578994	0.610944	0.633721	0.645294	0.651928	0.654743	0.652168	0.647412	0.643777	0.641719	0.650176	0.658928	0.67207	0.681179	0.683317	0.673783	0.659776	0.648727	0.646398	0.642609	0.633815	0.621948	0.606511	0.59482	0.586939	0.582191	0.575331	0.56857	0.560306	0.548475	0.532052	0.513424	0.498318	0.483997	0.474322	0.467179	0.46584	0.47046	0.481224	0.498036	0.516799	0.533891	0.548969	0.558229	0.56062	0.559907	0.559987	0.561368	0.557902	0.546318	0.530726	0.514255	0.496755	0.481017	0.470281	0.459088	0.455041	0.452905	0.452063	0.450525	0.448643	0.442996	0.433859	0.43412	0.436739	0.429942	0.428193	0.435338	0.453841	0.467973	0.466076	0.461981	0.470247	0.479714	0.490391	0.506473	0.483019	0.467499	0.487908	0.517039	0.500369	0.518136	0.554819	0.566791	0.577888	0.603071	0.597647	0.594776	0.60182	0.635189
126	0.497864	0.529477	0.506515	4.782742	-0.511172	-1.316801	0.18331	0.18331	0.18331	0.18331	0.18331	0.18331	0.18331	0.183047	0.182729	0.182273	0.181599	0.181151	0.181395	0.397516	0.485011	0.541656	0.580151	0.615012	0.635647	0.64727	0.65302	0.655652	0.653453	0.65074	0.648584	0.64421	0.647878	0.659288	0.675795	0.69499	0.693573	0.68026	0.668051	0.661175	0.649219	0.643198	0.641492	0.625596	0.608007	0.598006	0.589371	0.582522	0.580717	0.573212	0.563348	0.547128	0.532102	0.516358	0.499704	0.485614	0.476163	0.4697	0.466875	0.471373	0.482737	0.499841	0.517934	0.535298	0.548998	0.559335	0.562607	0.560531	0.559935	0.559201	0.55588	0.546623	0.529633	0.509026	0.49344	0.479124	0.466817	0.460774	0.458317	0.458052	0.457815	0.455184	0.450567	0.444439	0.435674	0.428457	0.425965	0.429131	0.429238	0.439565	0.46106	0.470363	0.470718	0.465144	0.469149	0.480454	0.486774	0.495362	0.511873	0.509481	0.504292	0.500164	0.533488	0.538094	0.546346	0.583615	0.608649	0.610543	0.625181	0.602204	0.605229	0.651423

127	0.536452	0.572623	0.544289	5.172480	-0.632871	-1.358021	0.166205	0.166205	0.166205	0.166205	0.166205	0.166205	0.166205	0.165883	0.165509	0.165007	0.164306	0.163808	0.163934	0.368136	0.514402	0.587231	0.617514	0.659258	0.684004	0.695881	0.705638	0.706869	0.700653	0.699077	0.698653	0.696636	0.701364	0.715255	0.724958	0.74177	0.74906	0.751895	0.739053	0.72403	0.712859	0.707557	0.691843	0.671662	0.657822	0.645836	0.637597	0.636586	0.629449	0.620085	0.607129	0.592075	0.577879	0.561767	0.54572	0.530291	0.516347	0.507983	0.506017	0.509642	0.518204	0.536021	0.555102	0.575944	0.592922	0.605989	0.610673	0.608993	0.605834	0.602589	0.598037	0.588888	0.571973	0.554034	0.536259	0.517722	0.504325	0.495399	0.49004	0.485732	0.485342	0.485389	0.487319	0.483652	0.470118	0.463272	0.460512	0.460157	0.462738	0.465812	0.490491	0.505647	0.507756	0.508465	0.502903	0.506919	0.522069	0.536395	0.535685	0.526859	0.521428	0.524179	0.535843	0.537996	0.58136	0.620449	0.614212	0.619252	0.620087	0.625079	0.622713	0.620423
128	0.535067	0.572325	0.539859	5.169795	-0.677221	-1.279008	0.0954634	0.0954634	0.0954634	0.0954634	0.0954634	0.0954634	0.0954634	0.0950572	0.0946146	0.0940934	0.093452	0.0929217	0.0927539	0.343101	0.503694	0.586458	0.616733	0.655102	0.682364	0.697252	0.705911	0.705906	0.702417	0.701727	0.698826	0.685169	0.68899	0.713549	0.732336	0.744665	0.746638	0.740567	0.736164	0.724973	0.713794	0.703762	0.689269	0.673116	0.657098	0.645117	0.637692	0.632121	0.62847	0.623836	0.610041	0.593951	0.577143	0.560074	0.544056	0.530226	0.51872	0.509912	0.505581	0.507846	0.518452	0.536087	0.556209	0.575459	0.592909	0.607689	0.611068	0.607432	0.60687	0.604277	0.598497	0.589036	0.571118	0.552428	0.535589	0.514707	0.500183	0.492233	0.488437	0.484617	0.486312	0.48872	0.483328	0.478236	0.472398	0.465641	0.463981	0.462669	0.455896	0.45852	0.478767	0.496254	0.504389	0.498712	0.493616	0.505322	0.523691	0.528055	0.52772	0.523849	0.533456	0.532472	0.546804	0.601073	0.618073	0.620759	0.617518	0.600817	0.600847	0.599377	0.611635	0.654033
129	0.536211	0.572883	0.543194	5.174831	-0.652719	-1.333288	0.179521	0.179521	0.179521	0.179521	0.179521	0.179521	0.179521	0.179216	0.178855	0.178358	0.177646	0.177155	0.177335	0.354918	0.513163	0.580172	0.613096	0.653787	0.680923	0.69358	0.704595	0.706553	0.701753	0.696876	0.695132	0.692601	0.697345	0.719653	0.731612	0.740438	0.749626	0.746416	0.732261	0.720942	0.712626	0.700333	0.686834	0.672749	0.661186	0.647652	0.642338	0.637761	0.630226	0.625016	0.610039	0.592934	0.576318	0.558825	0.542381	0.529658	0.51781	0.509959	0.506067	0.509919	0.520622	0.537233	0.557747	0.577438	0.595648	0.606505	0.609158	0.608107	0.605565	0.602633	0.597697	0.587654	0.573101	0.555369	0.537022	0.51832	0.502286	0.494655	0.488033	0.484636	0.487779	0.487272	0.481316	0.477353	0.469697	0.46711	0.463237	0.459126	0.460818	0.466173	0.481312	0.493921	0.503581	0.508746	0.510585	0.511892	0.529636	0.528948	0.507112	0.511765	0.534825	0.550713	0.545371	0.554954	0.59023	0.634454	0.621138	0.591718	0.587537	0.610498	0.61569	0.628995
130	0.538539	0.574475	0.549205	5.189208	-0.620706	-1.421989	0.222405	0.222405	0.222405	0.222405	0.222405	0.222405	0.222405	0.222149	0.221828	0.221341	0.22059	0.220117	0.220476	0.400857	0.530181	0.590069	0.620104	0.658696	0.685741	0.699517	0.706567	0.706167	0.703878	0.702916	0.698387	0.690852	0.694029	0.717977	0.735245	0.751438	0.763461	0.764554	0.756692	0.736892	0.713056	0.697634	0.688951	0.674009	0.663469	0.650664	0.644377	0.639404	0.629988	0.624214	0.611413	0.593243	0.576758	0.562076	0.545194	0.528846	0.517821	0.510158	0.505138	0.508863	0.520768	0.537279	0.558809	0.579083	0.596199	0.608933	0.611299	0.609289	0.607801	0.604593	0.601656	0.594147	0.576317	0.557499	0.539859	0.519502	0.502269	0.493655	0.490637	0.486381	0.486234	0.486138	0.483687	0.475096	0.466145	0.463549	0.464726	0.466654	0.467002	0.470703	0.486631	0.501678	0.508586	0.500147	0.499509	0.527997	0.539744	0.534291	0.532102	0.541589	0.555272	0.552713	0.573955	0.56771	0.572671	0.598878	0.609663	0.614294	0.636713	0.667026	0.666439	0.673057
131	0.539457	0.575396	0.549274	5.197531	-0.619500	-1.408936	0.196564	0.196564	0.196564	0.196564	0.196564	0.196564	0.196564	0.196276	0.195928	0.195433	0.194703	0.194217	0.19447	0.41952	0.524132	0.587366	0.624169	0.665712	0.687534	0.696546	0.704514	0.707323	0.706646	0.70627	0.70325	0.695495	0.70372	0.724563	0.733624	0.742037	0.747164	0.750191	0.75165	0.739296	0.721997	0.705152	0.697656	0.681048	0.662809	0.647846	0.643999	0.6382	0.631519	0.624498	0.611334	0.597415	0.57978	0.56079	0.544205	0.530681	0.519976	0.51074	0.507531	0.511843	0.522183	0.537917	0.557624	0.578266	0.597634	0.606273	0.610211	0.612082	0.609286	0.606432	0.60119	0.590492	0.57608	0.557218	0.539328	0.521293	0.50897	0.501735	0.492547	0.486107	0.487029	0.487111	0.485487	0.478453	0.471226	0.470599	0.464294	0.46383	0.464819	0.46297	0.482252	0.513819	0.519316	0.508689	0.502614	0.512852	0.536965	0.53604	0.534614	0.545524	0.564434	0.570002	0.569481	0.578009	0.605675	0.62988	0.624569	0.603238	0.615605	0.638184	0.632714	0.637169

132	0.580428	0.621328	0.590781	5.612436	-0.753451	-1.477229	0.240062	0.240062	0.240062	0.240062	0.240062	0.240062	0.240062	0.239786	0.239439	0.238913	0.238103	0.237592	0.237979	0.417239	0.548595	0.631573	0.663447	0.698968	0.731249	0.747611	0.757335	0.76114	0.761859	0.761298	0.756871	0.749901	0.754154	0.767365	0.790968	0.812048	0.817119	0.814585	0.810184	0.795039	0.782402	0.76939	0.747992	0.736628	0.719618	0.709106	0.70749	0.703017	0.692483	0.673071	0.657419	0.643218	0.629818	0.610814	0.589176	0.571397	0.557849	0.549265	0.544849	0.549532	0.562654	0.583024	0.605829	0.626683	0.643024	0.653691	0.658944	0.658884	0.657603	0.652961	0.645176	0.632311	0.618521	0.60382	0.585594	0.562316	0.546637	0.537345	0.526565	0.521696	0.517658	0.517717	0.518333	0.51794	0.514699	0.505616	0.499085	0.495703	0.498987	0.499596	0.508346	0.527499	0.550629	0.557461	0.55961	0.556435	0.561161	0.574953	0.57983	0.590053	0.583917	0.563241	0.576906	0.582135	0.591761	0.625451	0.660544	0.647248	0.641248	0.667587	0.674215	0.663786
133	0.582255	0.621862	0.594998	5.617256	-0.700439	-1.548530	0.28017	0.28017	0.28017	0.28017	0.28017	0.28017	0.28017	0.279942	0.279633	0.279118	0.278273	0.277781	0.278338	0.477405	0.598335	0.643422	0.66998	0.706096	0.732958	0.749392	0.75919	0.761426	0.759794	0.760018	0.761171	0.752481	0.747897	0.764348	0.787076	0.807078	0.820025	0.817212	0.815112	0.796082	0.779627	0.766388	0.744278	0.732209	0.720627	0.712721	0.705769	0.700555	0.690471	0.673823	0.659961	0.645058	0.627726	0.610217	0.590347	0.573884	0.558759	0.548025	0.54471	0.550832	0.563241	0.581598	0.604299	0.626357	0.644266	0.65424	0.659683	0.661524	0.659282	0.653012	0.646984	0.635744	0.621938	0.606466	0.583093	0.562706	0.549661	0.536113	0.525734	0.525547	0.520626	0.520239	0.523684	0.518154	0.513106	0.510268	0.505875	0.499365	0.498162	0.495001	0.504127	0.52405	0.543794	0.553724	0.553123	0.556905	0.571253	0.588908	0.598437	0.593719	0.589619	0.587067	0.602636	0.616833	0.610068	0.628949	0.663407	0.680251	0.665216	0.676608	0.679741	0.691604
134	0.581908	0.622294	0.593729	5.621155	-0.731280	-1.517848	0.2598	0.2598	0.2598	0.2598	0.2598	0.2598	0.2598	0.259548	0.259219	0.258698	0.25787	0.257367	0.25784	0.468499	0.561773	0.63188	0.675285	0.707429	0.730325	0.746322	0.757337	0.761956	0.76244	0.759346	0.756819	0.752133	0.757662	0.771241	0.79497	0.812623	0.815739	0.815491	0.808015	0.793646	0.785449	0.771493	0.748442	0.731568	0.719129	0.713578	0.707144	0.700118	0.690352	0.672609	0.660206	0.645218	0.630765	0.61394	0.591437	0.573061	0.558701	0.549471	0.547594	0.551175	0.56267	0.581892	0.605445	0.627325	0.642849	0.655288	0.661746	0.6635	0.660148	0.654075	0.645323	0.630772	0.617484	0.605182	0.586335	0.565968	0.549242	0.537122	0.526018	0.522641	0.520866	0.521411	0.524027	0.521877	0.512426	0.503367	0.499444	0.495822	0.499329	0.498877	0.511183	0.529624	0.542504	0.553393	0.543608	0.549643	0.554689	0.55754	0.59083	0.591002	0.56632	0.562961	0.582705	0.614169	0.624515	0.645378	0.683228	0.712816	0.696885	0.65084	0.650627	0.689757
135	0.582204	0.622708	0.593709	5.624900	-0.735454	-1.511028	0.238692	0.238692	0.238692	0.238692	0.238692	0.238692	0.238692	0.238413	0.238063	0.237536	0.236726	0.236213	0.236596	0.462189	0.5729	0.639726	0.66332	0.700036	0.731063	0.749369	0.759579	0.759934	0.758995	0.757004	0.757583	0.757306	0.756523	0.771099	0.802074	0.819862	0.825083	0.822328	0.815412	0.799251	0.782026	0.763538	0.750583	0.732697	0.720052	0.717523	0.708426	0.698334	0.693472	0.677009	0.659545	0.648007	0.632232	0.611354	0.590292	0.570568	0.556709	0.550138	0.547993	0.551966	0.562938	0.583478	0.605059	0.625412	0.642139	0.655084	0.660062	0.662319	0.659781	0.652357	0.644886	0.634809	0.62256	0.606768	0.584982	0.563945	0.549895	0.539667	0.530889	0.52607	0.522424	0.516551	0.520114	0.518387	0.510591	0.503008	0.500658	0.496556	0.499746	0.504292	0.514317	0.535532	0.552856	0.556601	0.548568	0.556263	0.567876	0.585219	0.590149	0.581804	0.58969	0.604618	0.605496	0.611737	0.639349	0.661681	0.703973	0.718519	0.696991	0.714757	0.729514	0.72733
136	0.578336	0.619530	0.585318	5.596188	-0.767903	-1.402110	0.149259	0.149259	0.149259	0.149259	0.149259	0.149259	0.149259	0.148876	0.148442	0.147893	0.147161	0.146609	0.146619	0.379103	0.552557	0.628286	0.663528	0.696904	0.727786	0.746695	0.758032	0.758497	0.758632	0.757181	0.755625	0.750435	0.752931	0.765801	0.789385	0.810817	0.819263	0.813278	0.802771	0.79198	0.773888	0.765933	0.744812	0.723003	0.713874	0.706604	0.701023	0.695903	0.689087	0.672511	0.656319	0.64111	0.623679	0.607166	0.588809	0.570125	0.555104	0.548248	0.546574	0.548575	0.562574	0.58217	0.603693	0.623091	0.641176	0.654981	0.662055	0.660943	0.657432	0.651669	0.646006	0.63532	0.62065	0.6031	0.581115	0.560361	0.544692	0.533151	0.525789	0.520826	0.516577	0.519854	0.523186	0.515744	0.503444	0.498207	0.493848	0.490199	0.493734	0.493704	0.502869	0.525894	0.543097	0.546287	0.531648	0.543783	0.552798	0.55717	0.569255	0.571199	0.562983	0.566111	0.579807	0.600754	0.613349	0.621784	0.6208	0.636531	0.652685	0.676579	0.681116	0.67991

137	0.625139	0.670801	0.635227	6.059323	-0.874204	-1.545862	0.239077	0.239077	0.239077	0.239077	0.239077	0.239077	0.239077	0.238756	0.238363	0.237791	0.236935	0.236376	0.236712	0.453836	0.600098	0.677914	0.712317	0.749822	0.779883	0.800243	0.811915	0.815234	0.813914	0.810163	0.812809	0.8143	0.815806	0.833019	0.853357	0.878877	0.888769	0.884937	0.871397	0.865624	0.847038	0.82461	0.81032	0.789622	0.779536	0.77192	0.765311	0.757889	0.741531	0.726916	0.713781	0.699667	0.681551	0.661931	0.639951	0.621566	0.604367	0.59148	0.58541	0.590787	0.602942	0.627712	0.654086	0.675744	0.695346	0.707758	0.713881	0.712418	0.708982	0.707574	0.698989	0.682242	0.664923	0.647164	0.629637	0.609317	0.591355	0.580223	0.568669	0.557555	0.555313	0.554578	0.556677	0.556665	0.543482	0.5384	0.534387	0.53177	0.53485	0.540856	0.545698	0.563334	0.588072	0.588847	0.575849	0.577936	0.591688	0.612572	0.630837	0.634437	0.634813	0.652048	0.658743	0.639394	0.632366	0.652697	0.670805	0.707909	0.701307	0.721359	0.72891	0.69039
138	0.627619	0.672504	0.640372	6.074702	-0.840369	-1.616497	0.312688	0.312688	0.312688	0.312688	0.312688	0.312688	0.312688	0.312455	0.312131	0.311579	0.310659	0.310133	0.310775	0.492046	0.617604	0.686527	0.715261	0.751268	0.782368	0.802105	0.814765	0.818853	0.816165	0.81159	0.811631	0.815422	0.813734	0.82445	0.84542	0.879803	0.895536	0.892261	0.895881	0.877141	0.854154	0.826586	0.806663	0.791615	0.782993	0.772543	0.764998	0.756715	0.746639	0.729413	0.716691	0.702301	0.680659	0.658395	0.639644	0.623439	0.60582	0.592365	0.587493	0.592943	0.608061	0.629055	0.653832	0.678608	0.696406	0.707587	0.714128	0.714576	0.713649	0.709339	0.699303	0.683744	0.663181	0.644813	0.632351	0.614038	0.593891	0.580674	0.570648	0.563816	0.556607	0.553202	0.557317	0.55863	0.56054	0.551194	0.541183	0.533235	0.533488	0.540626	0.547834	0.560752	0.570296	0.577748	0.584475	0.596526	0.609236	0.611046	0.625292	0.624704	0.616863	0.611612	0.631866	0.641585	0.65968	0.661948	0.643988	0.668614	0.702309	0.69285	0.676401	0.711427
139	0.622675	0.668815	0.631510	6.041385	-0.896406	-1.506619	0.20573	0.20573	0.20573	0.20573	0.20573	0.20573	0.20573	0.205371	0.204947	0.204368	0.203541	0.202968	0.203165	0.418011	0.584938	0.669592	0.710014	0.750369	0.779788	0.799956	0.811877	0.814468	0.815611	0.81485	0.811979	0.809843	0.814479	0.826522	0.84349	0.861737	0.882945	0.888737	0.876157	0.865106	0.847323	0.821169	0.796339	0.783758	0.77829	0.776806	0.768046	0.757895	0.74028	0.724593	0.716042	0.700917	0.676664	0.655942	0.634307	0.613854	0.599064	0.58963	0.585984	0.589208	0.605041	0.629283	0.653944	0.676142	0.694019	0.705712	0.710711	0.709129	0.707387	0.706496	0.698458	0.681648	0.660605	0.642503	0.625001	0.607041	0.591215	0.579158	0.569022	0.558334	0.554421	0.551734	0.550439	0.551877	0.549818	0.540146	0.534396	0.531339	0.529795	0.52509	0.53021	0.551975	0.576858	0.579725	0.564102	0.564496	0.580358	0.603985	0.623633	0.629247	0.607306	0.60178	0.606785	0.619567	0.659704	0.663107	0.646264	0.680645	0.674426	0.648131	0.621201	0.619624
140	0.625811	0.671248	0.636067	6.063357	-0.864462	-1.554779	0.228984	0.228984	0.228984	0.228984	0.228984	0.228984	0.228984	0.228651	0.228247	0.227672	0.226823	0.226258	0.226554	0.473621	0.610435	0.677085	0.713685	0.751676	0.780554	0.799825	0.813308	0.819085	0.820043	0.819153	0.816041	0.809123	0.810243	0.829267	0.850071	0.88047	0.892046	0.880201	0.87488	0.869459	0.846167	0.820712	0.807572	0.790579	0.781983	0.776565	0.766089	0.758076	0.743339	0.730359	0.716555	0.700874	0.677542	0.658301	0.637873	0.620106	0.603621	0.592105	0.58693	0.590046	0.605043	0.62843	0.652933	0.676715	0.695071	0.706561	0.713981	0.713078	0.714669	0.712784	0.700913	0.684521	0.664776	0.645711	0.629642	0.611464	0.593212	0.57894	0.569029	0.559495	0.554325	0.555377	0.556491	0.55207	0.547507	0.543564	0.535638	0.530262	0.5295	0.537146	0.544607	0.563349	0.579355	0.582693	0.583864	0.590884	0.597769	0.614426	0.626514	0.632376	0.622452	0.612072	0.621296	0.645894	0.661829	0.690969	0.70521	0.685872	0.6745	0.710214	0.720878	0.735501
141	0.625259	0.671292	0.635107	6.063760	-0.888517	-1.535959	0.239431	0.239431	0.239431	0.239431	0.239431	0.239431	0.239431	0.239111	0.238719	0.238147	0.237291	0.236732	0.237073	0.491524	0.619248	0.679394	0.707344	0.745218	0.776659	0.7975	0.811936	0.816366	0.814669	0.814135	0.812933	0.808011	0.813432	0.829166	0.848678	0.873098	0.883062	0.88038	0.86993	0.865576	0.851898	0.832224	0.807125	0.790613	0.781405	0.775193	0.76828	0.759889	0.746595	0.72811	0.715115	0.700528	0.681386	0.662377	0.642456	0.622699	0.605986	0.592686	0.586662	0.590057	0.605091	0.627771	0.650469	0.673627	0.695441	0.709743	0.713534	0.711536	0.710326	0.705392	0.696195	0.681904	0.663503	0.647255	0.630677	0.612794	0.593344	0.577701	0.56821	0.557701	0.556843	0.556374	0.555856	0.558051	0.555294	0.541057	0.533773	0.52881	0.528906	0.536488	0.541659	0.553173	0.571573	0.592437	0.594191	0.587529	0.607053	0.621335	0.61814	0.614853	0.620239	0.617466	0.630708	0.642642	0.674998	0.672591	0.68354	0.679665	0.680341	0.693253	0.683613	0.701144

142	0.697179	0.749585	0.708721	6.770975	-1.032668	-1.706433	0.382377	0.382377	0.382377	0.382377	0.382377	0.382377	0.382377	0.38216	0.381836	0.381233	0.380182	0.379613	0.38047	0.543306	0.664471	0.735493	0.782183	0.827743	0.861943	0.887065	0.901123	0.90468	0.902781	0.899102	0.90238	0.910116	0.908537	0.914968	0.941316	0.971189	0.980506	0.975849	0.959762	0.945885	0.938169	0.9274	0.907328	0.893337	0.886569	0.880554	0.863554	0.844091	0.831957	0.821501	0.805705	0.784354	0.758912	0.736025	0.7159	0.695081	0.674001	0.662172	0.6565	0.659164	0.674805	0.702976	0.727765	0.752235	0.774921	0.791377	0.798019	0.796856	0.792135	0.78924	0.780632	0.764879	0.745013	0.720012	0.696334	0.676022	0.661545	0.648392	0.635556	0.624033	0.615086	0.609043	0.609493	0.608422	0.606961	0.600441	0.602156	0.596866	0.590129	0.596152	0.604665	0.61597	0.636239	0.652518	0.66067	0.674001	0.668478	0.674527	0.681787	0.675004	0.678575	0.697204	0.690311	0.672444	0.710189	0.744323	0.779465	0.810367	0.781855	0.761746	0.816157	0.812526
143	0.699308	0.751514	0.712144	6.788394	-1.021772	-1.741026	0.37144	0.37144	0.37144	0.37144	0.37144	0.37144	0.37144	0.371207	0.37087	0.370261	0.369217	0.36864	0.369451	0.548593	0.665647	0.75104	0.794607	0.829153	0.861047	0.886883	0.901872	0.905268	0.90283	0.899773	0.906447	0.918004	0.919816	0.923252	0.940517	0.980306	0.995709	0.989549	0.979394	0.956103	0.946798	0.931586	0.908651	0.893741	0.887263	0.878064	0.855942	0.837487	0.830918	0.824811	0.809177	0.787891	0.762441	0.739493	0.717541	0.695551	0.676741	0.663888	0.657836	0.661266	0.678698	0.704984	0.730057	0.756131	0.776208	0.790703	0.799297	0.797779	0.793249	0.789878	0.781014	0.764999	0.747026	0.722037	0.69765	0.675175	0.661121	0.647672	0.639633	0.628287	0.617458	0.610406	0.611882	0.611673	0.616839	0.612271	0.609494	0.601261	0.597109	0.600727	0.608722	0.603388	0.610448	0.636893	0.668833	0.678998	0.673268	0.692376	0.722399	0.735099	0.754117	0.730803	0.721985	0.751918	0.759633	0.7511	0.777066	0.778717	0.777993	0.794564	0.808409	0.779678
144	0.691693	0.746445	0.696734	6.742606	-1.131921	-1.529041	0.219379	0.219379	0.219379	0.219379	0.219379	0.219379	0.219379	0.218969	0.218489	0.217843	0.216932	0.216291	0.216468	0.440391	0.634877	0.724957	0.764936	0.811044	0.856325	0.886463	0.900534	0.902595	0.900071	0.89786	0.898201	0.903623	0.908762	0.914991	0.938596	0.959978	0.96667	0.969533	0.966708	0.952706	0.935892	0.915812	0.894426	0.890893	0.881346	0.870837	0.853543	0.836802	0.829587	0.820532	0.804927	0.781313	0.758373	0.736735	0.710503	0.690586	0.676407	0.66331	0.656713	0.65904	0.674263	0.69845	0.725793	0.752393	0.775578	0.787356	0.793754	0.794302	0.788912	0.786692	0.777594	0.760011	0.739355	0.714018	0.688699	0.670161	0.655531	0.641264	0.627719	0.619376	0.612714	0.608489	0.610931	0.609635	0.607478	0.600402	0.590269	0.583852	0.581471	0.588087	0.593768	0.590138	0.61345	0.653018	0.659778	0.659434	0.661506	0.67208	0.68258	0.679425	0.686915	0.699887	0.71144	0.700144	0.68797	0.718593	0.725721	0.721145	0.735325	0.738193	0.744806	0.730011
145	0.697503	0.750483	0.707809	6.779081	-1.054532	-1.675250	0.359394	0.359394	0.359394	0.359394	0.359394	0.359394	0.359394	0.359149	0.358802	0.358192	0.357159	0.356579	0.35734	0.5334	0.646924	0.731921	0.781212	0.824104	0.860819	0.888095	0.902342	0.904268	0.899671	0.898971	0.903433	0.910123	0.912713	0.925163	0.946346	0.97025	0.980723	0.97512	0.964505	0.95046	0.939121	0.927975	0.908683	0.890528	0.882792	0.878891	0.860144	0.845199	0.831242	0.819916	0.804726	0.784003	0.762234	0.741783	0.719169	0.696027	0.677532	0.66508	0.659984	0.663153	0.677544	0.699507	0.726728	0.753773	0.775752	0.792458	0.799417	0.798347	0.792714	0.791263	0.781186	0.766991	0.74618	0.717323	0.693097	0.674363	0.658429	0.643371	0.632047	0.624217	0.616396	0.611372	0.615186	0.615781	0.612815	0.606546	0.600655	0.596291	0.592898	0.593364	0.599963	0.609362	0.635497	0.663107	0.667698	0.675202	0.674787	0.675145	0.695472	0.707226	0.704427	0.705088	0.724932	0.712517	0.714035	0.735505	0.760015	0.78392	0.768854	0.792119	0.810407	0.798271
146	0.699097	0.751046	0.713869	6.784168	-1.012063	-1.780881	0.388019	0.388019	0.388019	0.388019	0.388019	0.388019	0.388019	0.387806	0.387485	0.386881	0.385823	0.385254	0.386139	0.606483	0.709905	0.746565	0.790708	0.830559	0.861332	0.890379	0.904136	0.905457	0.905162	0.903245	0.906145	0.916439	0.915341	0.922653	0.946795	0.971087	0.980901	0.979307	0.974198	0.955496	0.942191	0.923037	0.904428	0.889021	0.881082	0.877588	0.865217	0.846863	0.836088	0.825343	0.807727	0.788145	0.764159	0.740445	0.718371	0.694394	0.677156	0.664331	0.658201	0.663094	0.679206	0.702102	0.727417	0.753048	0.774083	0.790919	0.800192	0.798424	0.791221	0.786438	0.778112	0.761452	0.743045	0.718309	0.695683	0.676401	0.661418	0.646013	0.637011	0.629434	0.623646	0.619005	0.61727	0.612997	0.610656	0.607958	0.603455	0.599511	0.599404	0.599884	0.601158	0.610649	0.631725	0.653589	0.665339	0.659394	0.653506	0.662307	0.680524	0.69397	0.729358	0.735706	0.714768	0.715634	0.750236	0.772262	0.807874	0.804194	0.786241	0.787981	0.801976	0.843512

147	0.795988	0.857640	0.809176	7.747032	-1.249841	-1.869898	0.476286	0.476286	0.476286	0.476286	0.476286	0.476286	0.476286	0.476088	0.475756	0.47508	0.473848	0.473218	0.474368	0.682487	0.768134	0.828959	0.89143	0.933569	0.966063	0.993151	1.01264	1.02041	1.02217	1.02375	1.02453	1.02825	1.0414	1.05294	1.08022	1.11289	1.13029	1.12172	1.11545	1.10121	1.08006	1.06429	1.05451	1.04172	1.01647	0.995877	0.988245	0.973937	0.954511	0.941012	0.928965	0.905694	0.874132	0.843318	0.818155	0.793198	0.768058	0.751386	0.746473	0.754126	0.769834	0.797106	0.830518	0.860674	0.885989	0.904112	0.911492	0.912363	0.909948	0.907259	0.892448	0.872624	0.848518	0.818768	0.794022	0.769938	0.74746	0.731413	0.724152	0.716902	0.710255	0.700109	0.694073	0.689858	0.687532	0.688369	0.69417	0.692792	0.688827	0.684042	0.685375	0.698853	0.71027	0.720026	0.749286	0.776324	0.768457	0.759796	0.788988	0.812255	0.820283	0.829312	0.836024	0.860763	0.869486	0.842217	0.8607	0.897363	0.949305	0.954383	0.87598	0.899518
148	0.791847	0.855354	0.802075	7.726379	-1.328012	-1.779914	0.36916	0.36916	0.36916	0.36916	0.36916	0.36916	0.36916	0.368834	0.368401	0.367696	0.366556	0.365878	0.36658	0.603759	0.746826	0.819299	0.885954	0.930581	0.962354	0.989289	1.01148	1.02189	1.02342	1.02186	1.02012	1.02285	1.03884	1.06214	1.08254	1.10718	1.12574	1.12519	1.11195	1.10115	1.08605	1.06957	1.05346	1.03424	1.00856	0.988308	0.97994	0.970624	0.956767	0.9425	0.92266	0.902173	0.874336	0.845219	0.816336	0.789119	0.765569	0.75221	0.747182	0.752589	0.770188	0.797884	0.828002	0.857774	0.883943	0.90442	0.91012	0.908889	0.90853	0.902987	0.890311	0.868256	0.844655	0.820145	0.789559	0.765588	0.744231	0.72839	0.721567	0.713159	0.704464	0.693941	0.687254	0.688425	0.688733	0.685964	0.683437	0.679396	0.674108	0.672569	0.686479	0.693228	0.683925	0.696377	0.735058	0.755349	0.748834	0.743251	0.756537	0.775172	0.783891	0.806818	0.810026	0.819991	0.868368	0.862196	0.836931	0.855886	0.864116	0.929926	0.931894	0.958137
149	0.792025	0.854540	0.800030	7.719025	-1.289137	-1.756271	0.388671	0.388671	0.388671	0.388671	0.388671	0.388671	0.388671	0.38837	0.387957	0.387259	0.386103	0.385436	0.38622	0.604527	0.746069	0.819698	0.883456	0.92436	0.962268	0.994066	1.01544	1.02171	1.01855	1.015	1.01076	1.01744	1.03976	1.05452	1.07599	1.09956	1.11007	1.11418	1.11243	1.09182	1.07431	1.06614	1.05407	1.03658	1.01065	0.991099	0.976784	0.967769	0.953462	0.938769	0.921128	0.898829	0.873686	0.843304	0.814945	0.788949	0.767684	0.751398	0.748169	0.753549	0.767563	0.793966	0.828316	0.857797	0.883678	0.899355	0.906791	0.906715	0.906709	0.90385	0.890869	0.869652	0.845861	0.822119	0.794432	0.766271	0.742964	0.73024	0.720761	0.711202	0.707918	0.705851	0.697658	0.685758	0.679842	0.687985	0.68979	0.673277	0.674413	0.679529	0.681388	0.692714	0.697795	0.712835	0.744706	0.769198	0.774403	0.766226	0.763976	0.792933	0.819449	0.828555	0.840576	0.853348	0.832034	0.810637	0.842079	0.888222	0.857374	0.843539	0.866446	0.902294
150	0.792059	0.855623	0.803071	7.728810	-1.329926	-1.793384	0.430987	0.430987	0.430987	0.430987	0.430987	0.430987	0.430987	0.430736	0.430364	0.429677	0.428486	0.427837	0.428797	0.61823	0.726275	0.811667	0.881051	0.927604	0.961595	0.989859	1.00786	1.0165	1.01741	1.0177	1.01718	1.02364	1.04265	1.05904	1.08373	1.11175	1.13218	1.12367	1.1085	1.09837	1.08552	1.06813	1.0559	1.04432	1.01968	0.993648	0.97953	0.970759	0.957538	0.943098	0.922706	0.901617	0.875045	0.845061	0.814306	0.790276	0.769607	0.753004	0.746921	0.752859	0.768255	0.795599	0.827788	0.858728	0.88488	0.90206	0.90933	0.909217	0.905335	0.901286	0.889098	0.866352	0.840537	0.818413	0.79308	0.765581	0.744975	0.727755	0.723617	0.71635	0.705702	0.697623	0.693209	0.69021	0.686423	0.68477	0.687419	0.685048	0.674304	0.66959	0.675973	0.691459	0.690964	0.702415	0.727454	0.760404	0.763938	0.746709	0.757351	0.780939	0.818858	0.842969	0.835289	0.838789	0.816355	0.823289	0.824286	0.846406	0.863581	0.892478	0.886193	0.902198
151	0.792407	0.855554	0.802261	7.728186	-1.313215	-1.780090	0.398209	0.398209	0.398209	0.398209	0.398209	0.398209	0.398209	0.397919	0.397514	0.396818	0.395653	0.39499	0.395813	0.618526	0.751002	0.819826	0.886053	0.929273	0.963173	0.994655	1.01138	1.0187	1.01977	1.01821	1.01821	1.02063	1.03682	1.05227	1.08095	1.11051	1.12539	1.11966	1.11063	1.09214	1.07807	1.06289	1.05097	1.0369	1.0109	0.99405	0.985034	0.976408	0.958401	0.941403	0.92641	0.901851	0.871583	0.843673	0.818383	0.792075	0.769371	0.754218	0.74692	0.75013	0.766578	0.793426	0.825475	0.857864	0.883984	0.900339	0.907356	0.907352	0.908031	0.906259	0.893874	0.868655	0.845666	0.824253	0.795914	0.765133	0.743381	0.728398	0.721941	0.711263	0.701381	0.700025	0.698645	0.687942	0.67824	0.68274	0.685894	0.683907	0.679813	0.676555	0.680656	0.691745	0.694205	0.712923	0.742774	0.755911	0.750444	0.764085	0.775161	0.790653	0.80205	0.80182	0.824554	0.836603	0.826097	0.848621	0.865041	0.88436	0.887963	0.879903	0.887734	0.921307

152	0.887614	0.962014	0.893387	8.670905	-1.549623	-1.713474	0.44222	0.44222	0.44222	0.44222	0.44222	0.44222	0.44222	0.441891	0.441435	0.440655	0.439355	0.438611	0.439518	0.685624	0.817196	0.899623	0.977344	1.02594	1.06498	1.09955	1.119	1.12728	1.12804	1.1244	1.12595	1.1354	1.15252	1.18805	1.22703	1.25133	1.26051	1.26266	1.2588	1.24353	1.23417	1.21582	1.18222	1.15405	1.13802	1.12401	1.10841	1.09318	1.07964	1.06481	1.04163	1.01352	0.98288	0.952003	0.922116	0.892158	0.865361	0.848949	0.841418	0.843114	0.859867	0.89019	0.924958	0.96139	0.993783	1.01528	1.02679	1.02528	1.02434	1.01996	1.00466	0.979509	0.949365	0.920374	0.889379	0.854873	0.831179	0.817399	0.802909	0.788669	0.782431	0.784304	0.780526	0.770715	0.760302	0.756546	0.759598	0.768125	0.76514	0.763275	0.761471	0.765586	0.789346	0.800275	0.796955	0.827692	0.858458	0.858346	0.848151	0.847512	0.871014	0.923779	0.933401	0.933587	0.943206	0.951279	0.935015	0.916322	0.954063	0.994658	1.01626	1.03882
153	0.886909	0.961511	0.893259	8.666603	-1.558807	-1.718772	0.404525	0.404525	0.404525	0.404525	0.404525	0.404525	0.404525	0.404151	0.403658	0.402867	0.401598	0.400836	0.401589	0.702203	0.835275	0.890481	0.963171	1.02078	1.06253	1.10272	1.12172	1.12672	1.12999	1.13037	1.13403	1.14577	1.15579	1.18304	1.21185	1.24927	1.27123	1.27478	1.26398	1.25092	1.23413	1.21079	1.18804	1.15727	1.13816	1.1231	1.10449	1.09378	1.08252	1.0633	1.03891	1.01196	0.982279	0.949606	0.918709	0.891707	0.866155	0.846943	0.839308	0.843558	0.861949	0.891686	0.926345	0.962947	0.993771	1.0154	1.02633	1.02523	1.02039	1.01443	0.998978	0.978883	0.949257	0.916677	0.885288	0.855093	0.83198	0.814281	0.801799	0.792759	0.786576	0.782014	0.777508	0.770936	0.764128	0.758547	0.754485	0.7639	0.76704	0.764881	0.76312	0.770219	0.786995	0.807771	0.803284	0.827586	0.856076	0.867537	0.873232	0.87787	0.884903	0.907387	0.928819	0.94979	0.96961	0.943657	0.951525	0.976994	0.973728	1.00212	1.01892	1.03219
154	0.885705	0.959425	0.889687	8.648756	-1.529329	-1.690477	0.399048	0.399048	0.399048	0.399048	0.399048	0.399048	0.399048	0.398669	0.398173	0.397383	0.396122	0.39536	0.39609	0.664442	0.815543	0.906149	0.970175	1.01748	1.06113	1.09828	1.11659	1.12414	1.12845	1.12607	1.13074	1.14014	1.15103	1.18227	1.21308	1.24167	1.26292	1.26445	1.25196	1.2398	1.22883	1.20671	1.17843	1.15307	1.13282	1.11505	1.10426	1.09445	1.07648	1.05691	1.03387	1.0079	0.978961	0.946851	0.917313	0.890668	0.8624	0.846846	0.83961	0.840979	0.858056	0.889289	0.925343	0.960663	0.991647	1.01243	1.02485	1.02456	1.01947	1.01384	1.00084	0.980998	0.953495	0.921466	0.88888	0.857717	0.834092	0.813941	0.798173	0.789178	0.787097	0.788724	0.779739	0.764287	0.752415	0.754575	0.759989	0.767303	0.761874	0.756611	0.75932	0.761594	0.773252	0.792337	0.798526	0.822929	0.847047	0.848737	0.839566	0.844014	0.856261	0.88021	0.904789	0.915068	0.923623	0.904805	0.885173	0.890279	0.918291	0.949715	0.981264	0.974441
155	0.888205	0.962556	0.892576	8.675537	-1.546317	-1.692095	0.391595	0.391595	0.391595	0.391595	0.391595	0.391595	0.391595	0.391204	0.390698	0.389903	0.388644	0.387876	0.388569	0.642195	0.816922	0.909809	0.977411	1.02485	1.0663	1.10023	1.11733	1.12371	1.12809	1.12879	1.13292	1.14499	1.15499	1.18577	1.22149	1.25534	1.27833	1.27065	1.26845	1.25165	1.23218	1.21017	1.18236	1.15573	1.13849	1.12431	1.10742	1.09367	1.07999	1.06016	1.03939	1.0148	0.983223	0.951771	0.921786	0.890499	0.865731	0.848701	0.840965	0.845262	0.862599	0.891725	0.92673	0.962705	0.992658	1.01423	1.02552	1.0264	1.02313	1.01377	0.99978	0.979317	0.954124	0.925605	0.894369	0.86221	0.838075	0.817716	0.799598	0.790743	0.791907	0.790202	0.781215	0.770081	0.762346	0.759849	0.759866	0.764	0.757626	0.756574	0.763213	0.765477	0.785668	0.801535	0.798589	0.816892	0.855016	0.867583	0.858724	0.874451	0.893598	0.898528	0.895637	0.910397	0.939591	0.957419	0.948673	0.956012	0.971907	1.00132	1.00448	1.0337
156	0.887414	0.960787	0.897277	8.660416	-1.512269	-1.795688	0.524331	0.524331	0.524331	0.524331	0.524331	0.524331	0.524331	0.524102	0.523726	0.522971	0.521602	0.520897	0.522146	0.706655	0.833426	0.909652	0.973167	1.02475	1.06359	1.09733	1.11742	1.12607	1.12928	1.13151	1.13486	1.14209	1.15662	1.18546	1.21319	1.24145	1.2614	1.26104	1.2628	1.24919	1.22452	1.20473	1.17827	1.15595	1.13534	1.11969	1.10956	1.09845	1.08049	1.06294	1.03939	1.01246	0.981064	0.950193	0.921187	0.890712	0.864431	0.847843	0.838121	0.841716	0.860164	0.89123	0.926293	0.961041	0.992458	1.0138	1.02322	1.02175	1.01735	1.01317	1.00152	0.979873	0.95005	0.920905	0.890777	0.858953	0.835987	0.816334	0.799534	0.790176	0.785307	0.781356	0.777641	0.766377	0.760072	0.755451	0.756298	0.764013	0.757391	0.754647	0.757998	0.763552	0.785509	0.783565	0.783183	0.816078	0.850653	0.867408	0.874059	0.865109	0.884576	0.912032	0.94853	0.961916	0.94791	0.92954	0.916669	0.925158	0.935284	0.945142	0.981301	0.998247

157	0.981571	1.064301	0.978979	9.516012	-1.618130	-1.626637	0.515309	0.515309	0.515309	0.515309	0.515309	0.515309	0.515309	0.514982	0.514508	0.513659	0.512204	0.511399	0.51252	0.800805	0.903211	0.977312	1.04625	1.09988	1.1538	1.19176	1.21402	1.22429	1.23077	1.23759	1.23866	1.24485	1.26058	1.28545	1.33038	1.38452	1.41138	1.41056	1.40158	1.38509	1.36818	1.33125	1.30114	1.27916	1.25544	1.23276	1.22208	1.2127	1.19614	1.17265	1.1496	1.12231	1.08767	1.05043	1.01287	0.980921	0.953366	0.93512	0.927739	0.933399	0.954417	0.988528	1.02992	1.06996	1.10473	1.1268	1.13731	1.13772	1.13544	1.12966	1.11206	1.08419	1.05448	1.0243	0.98798	0.950594	0.920882	0.900172	0.886608	0.874844	0.864885	0.861007	0.862069	0.852898	0.840824	0.837292	0.842987	0.849387	0.863075	0.86214	0.855801	0.849579	0.865938	0.884951	0.878979	0.887732	0.922802	0.950757	0.964027	0.986828	1.00594	1.00657	1.03261	1.06958	1.07676	1.05024	1.06034	1.07081	1.10313	1.13368	1.12714	1.14153
158	0.980417	1.064161	0.974093	9.514897	-1.655812	-1.552540	0.473838	0.473838	0.473838	0.473838	0.473838	0.473838	0.473838	0.473462	0.472949	0.472088	0.470669	0.469845	0.470784	0.691084	0.874762	0.969404	1.04239	1.09873	1.15118	1.1903	1.21558	1.22571	1.22781	1.23197	1.237	1.24488	1.26372	1.29292	1.33536	1.37639	1.39719	1.40505	1.39783	1.38625	1.37489	1.33763	1.29964	1.27642	1.2582	1.24174	1.22455	1.2115	1.19218	1.17315	1.15112	1.1246	1.08919	1.05136	1.0132	0.979352	0.952948	0.935535	0.928406	0.931894	0.951657	0.988389	1.02992	1.06943	1.1002	1.12215	1.13456	1.13861	1.13846	1.13139	1.1113	1.08258	1.05324	1.02564	0.988911	0.953276	0.925269	0.898743	0.881537	0.87086	0.863565	0.863415	0.865821	0.857716	0.845695	0.839949	0.839902	0.844743	0.853985	0.85736	0.849151	0.855804	0.871149	0.884278	0.897482	0.900602	0.930943	0.974054	0.976027	0.960019	0.969901	1.00203	1.02184	1.03329	1.05901	1.06615	1.05496	1.06873	1.08926	1.1157	1.09282	1.13227
159	0.984758	1.067723	0.981065	9.543332	-1.618725	-1.611914	0.532552	0.532552	0.532552	0.532552	0.532552	0.532552	0.532552	0.532244	0.531784	0.530937	0.529466	0.528666	0.529853	0.781369	0.888315	0.979826	1.04736	1.09839	1.14804	1.19035	1.21331	1.22498	1.23313	1.24102	1.24481	1.25295	1.26767	1.29414	1.33398	1.38468	1.40979	1.41399	1.40007	1.39357	1.37927	1.34252	1.31223	1.28421	1.26378	1.24358	1.2266	1.21511	1.19838	1.17416	1.15169	1.13057	1.09622	1.05539	1.01713	0.982964	0.95353	0.935279	0.928148	0.934029	0.954005	0.991629	1.03286	1.07307	1.10563	1.12924	1.13859	1.13874	1.14076	1.13291	1.11054	1.08655	1.05828	1.02549	0.992484	0.956348	0.922876	0.900102	0.892471	0.882471	0.871322	0.868735	0.871716	0.861692	0.849169	0.84192	0.843731	0.851195	0.859857	0.859039	0.867998	0.87855	0.88472	0.885759	0.893917	0.914793	0.943717	0.97078	0.987115	0.991559	0.989408	1.00039	1.04218	1.06284	1.05444	1.0606	1.06884	1.09046	1.09062	1.07212	1.08509	1.1208
160	0.984251	1.065887	0.983523	9.528683	-1.574210	-1.675277	0.607891	0.607891	0.607891	0.607891	0.607891	0.607891	0.607891	0.607675	0.607289	0.606465	0.604931	0.604168	0.605669	0.792548	0.89597	0.973886	1.04188	1.09908	1.15234	1.19216	1.21788	1.22793	1.23472	1.24123	1.24018	1.24135	1.25295	1.2893	1.3384	1.3926	1.42207	1.42084	1.41048	1.39108	1.36827	1.32988	1.29982	1.2796	1.25653	1.23914	1.22673	1.21184	1.19346	1.1717	1.15478	1.12746	1.08709	1.05015	1.01592	0.98207	0.952121	0.934732	0.927588	0.932516	0.952991	0.991167	1.03306	1.07261	1.10343	1.12666	1.13696	1.13743	1.13626	1.1291	1.1144	1.08977	1.05692	1.02505	0.987283	0.955469	0.929208	0.904943	0.889166	0.873348	0.866319	0.863195	0.865882	0.863089	0.853848	0.846584	0.844022	0.848608	0.853899	0.855901	0.866701	0.873954	0.871941	0.880301	0.890308	0.906189	0.947611	0.973296	0.976606	0.982912	0.98937	1.02874	1.04716	1.07199	1.07287	1.04892	1.05783	1.08505	1.09927	1.08907	1.01775	1.1282
161	0.980011	1.063625	0.978917	9.510608	-1.652254	-1.634998	0.546765	0.546765	0.546765	0.546765	0.546765	0.546765	0.546765	0.546477	0.546034	0.545194	0.543714	0.542924	0.544172	0.759748	0.902544	0.986743	1.04364	1.09733	1.14704	1.18762	1.21626	1.22479	1.23071	1.23706	1.23931	1.24374	1.25456	1.2818	1.32552	1.38331	1.4148	1.41543	1.39942	1.38792	1.36822	1.33868	1.3075	1.28234	1.25806	1.23876	1.22184	1.20999	1.19289	1.17504	1.15168	1.12664	1.08779	1.04773	1.01265	0.982497	0.955111	0.936365	0.926754	0.93204	0.95377	0.98809	1.03008	1.06975	1.1018	1.1233	1.13317	1.1337	1.13283	1.12785	1.1113	1.08252	1.04916	1.01478	0.983241	0.94944	0.920885	0.901168	0.885717	0.87218	0.863942	0.862636	0.866672	0.855462	0.842944	0.838772	0.834325	0.838847	0.850839	0.854888	0.85044	0.853603	0.859159	0.878442	0.889703	0.891857	0.927792	0.965395	0.977458	0.952514	0.977128	1.00697	1.0276	1.04434	1.05781	1.07927	1.03606	1.04309	1.06003	1.05659	1.0894	1.13876
