Reading	X	Y	Z	L*	a*	b*	380.000	383.333	386.667	390.000	393.333	396.667	400.000	403.333	406.667	410.000	413.333	416.667	420.000	423.333	426.667	430.000	433.333	436.667	440.000	443.333	446.667	450.000	453.333	456.667	460.000	463.333	466.667	470.000	473.333	476.667	480.000	483.333	486.667	490.000	493.333	496.667	500.000	503.333	506.667	510.000	513.333	516.667	520.000	523.333	526.667	530.000	533.333	536.667	540.000	543.333	546.667	550.000	553.333	556.667	560.000	563.333	566.667	570.000	573.333	576.667	580.000	583.333	586.667	590.000	593.333	596.667	600.000	603.333	606.667	610.000	613.333	616.667	620.000	623.333	626.667	630.000	633.333	636.667	640.000	643.333	646.667	650.000	653.333	656.667	660.000	663.333	666.667	670.000	673.333	676.667	680.000	683.333	686.667	690.000	693.333	696.667	700.000	703.333	706.667	710.000	713.333	716.667	720.000	723.333	726.667	730.000
1	0.243118	0.248021	0.240473	2.240362	0.160537	-0.677393	-0.0281013	-0.0281013	-0.0281013	-0.0281013	-0.0281013	-0.0281013	-0.0281013	-0.0283555	-0.0286091	-0.028849	-0.0290623	-0.0293182	-0.0296723	0.133673	0.219258	0.268265	0.301597	0.31784	0.322164	0.327819	0.327593	0.328911	0.32886	0.321143	0.318759	0.323312	0.323101	0.318611	0.317474	0.312867	0.312045	0.306535	0.294596	0.287516	0.280061	0.278318	0.278879	0.271897	0.262146	0.254516	0.254009	0.254726	0.249097	0.244691	0.246764	0.243967	0.235477	0.226479	0.225552	0.223378	0.218818	0.219732	0.224114	0.231386	0.237833	0.243855	0.25245	0.258586	0.260346	0.260146	0.263223	0.266584	0.263398	0.259935	0.260048	0.260119	0.258677	0.253081	0.246938	0.242398	0.241235	0.241038	0.239543	0.237408	0.233874	0.228904	0.229643	0.232006	0.236061	0.23742	0.233055	0.228836	0.232658	0.235579	0.230969	0.233132	0.232697	0.230517	0.226956	0.244124	0.25088	0.255446	0.28307	0.3004	0.297676	0.294781	0.300337	0.333214	0.351155	0.317095	0.363021	0.37376	0.35025	0.326648	0.349417	0.370041
2	0.247245	0.250396	0.247806	2.261816	0.234705	-0.778848	0.0624452	0.0624452	0.0624452	0.0624452	0.0624452	0.0624452	0.0624452	0.0622941	0.0621224	0.0619023	0.0616064	0.0613864	0.061406	0.198681	0.240741	0.2825	0.309946	0.326638	0.330162	0.333317	0.330294	0.328617	0.325541	0.323527	0.325537	0.32344	0.322704	0.318123	0.31746	0.318769	0.318447	0.309643	0.301823	0.286138	0.274119	0.280338	0.277181	0.27026	0.266529	0.263451	0.256761	0.256523	0.251486	0.247454	0.247486	0.244598	0.237668	0.232064	0.228586	0.224752	0.221073	0.222049	0.225325	0.232242	0.24022	0.246562	0.252835	0.258507	0.262421	0.263874	0.264039	0.26312	0.26063	0.259428	0.261984	0.264041	0.262849	0.258379	0.251064	0.245814	0.242759	0.243152	0.244961	0.245891	0.239544	0.231689	0.232552	0.23598	0.242761	0.243717	0.241349	0.237793	0.237886	0.24556	0.248383	0.242114	0.244885	0.256271	0.253317	0.259601	0.265654	0.269767	0.294955	0.305219	0.292132	0.317724	0.334956	0.350914	0.370608	0.370769	0.371419	0.358966	0.409286	0.431604	0.413507	0.431267
3	0.242511	0.248054	0.238654	2.240664	0.134738	-0.642542	-0.0695633	-0.0695633	-0.0695633	-0.0695633	-0.0695633	-0.0695633	-0.0695633	-0.0698658	-0.070158	-0.0704082	-0.0705849	-0.0708583	-0.0713827	0.122282	0.222265	0.26771	0.309771	0.321192	0.321935	0.328789	0.328517	0.327808	0.328513	0.321376	0.317644	0.319282	0.321753	0.315965	0.315807	0.314658	0.311242	0.308391	0.294631	0.280465	0.274462	0.276289	0.277808	0.267976	0.26301	0.258127	0.256848	0.257796	0.252988	0.248579	0.247889	0.242542	0.236656	0.231262	0.226327	0.221607	0.219128	0.219276	0.222629	0.229133	0.236444	0.245055	0.253185	0.258973	0.260846	0.261419	0.262474	0.261892	0.26014	0.260141	0.261351	0.261517	0.258431	0.251904	0.24491	0.240684	0.239798	0.241538	0.244217	0.241293	0.237383	0.228918	0.224935	0.227474	0.229158	0.227597	0.23057	0.236051	0.23915	0.244918	0.244135	0.23483	0.219808	0.217201	0.231692	0.24455	0.252466	0.263635	0.270129	0.282575	0.29096	0.276116	0.297196	0.284538	0.275126	0.305466	0.303519	0.329873	0.35766	0.371311	0.421559	0.482576
4	0.244441	0.248403	0.244152	2.243817	0.199055	-0.740898	0.0211199	0.0211199	0.0211199	0.0211199	0.0211199	0.0211199	0.0211199	0.0209222	0.0207136	0.0204849	0.0202271	0.0199911	0.0198389	0.152329	0.231853	0.263717	0.298276	0.31916	0.324042	0.330495	0.32961	0.330301	0.329647	0.325274	0.321418	0.323105	0.324401	0.321477	0.322869	0.320898	0.315562	0.308815	0.293356	0.281579	0.280053	0.285233	0.281452	0.268638	0.264667	0.26014	0.256507	0.257814	0.252703	0.246776	0.24556	0.241259	0.234542	0.228644	0.224858	0.220812	0.219056	0.218205	0.221019	0.228925	0.238503	0.246135	0.252198	0.258756	0.261968	0.26238	0.261037	0.261285	0.259132	0.255885	0.258799	0.263919	0.262363	0.254957	0.248203	0.243714	0.243424	0.2424	0.244169	0.239876	0.23272	0.230182	0.230058	0.234139	0.239863	0.240144	0.231424	0.228372	0.23587	0.2451	0.237924	0.231923	0.235322	0.237687	0.246628	0.256989	0.281277	0.294886	0.287303	0.303846	0.304081	0.309455	0.328797	0.334243	0.35326	0.334793	0.318582	0.323992	0.365546	0.379344	0.373924	0.403799
5	0.244835	0.248776	0.241675	2.247188	0.200458	-0.688327	0.000929472	0.000929472	0.000929472	0.000929472	0.000929472	0.000929472	0.000929472	0.00070847	0.000481294	0.000247844	8.17917e-06	-0.000236047	-0.000472356	0.132609	0.224179	0.275564	0.312311	0.32057	0.323198	0.328251	0.328978	0.329591	0.329567	0.325147	0.321197	0.317727	0.312379	0.311467	0.312168	0.308703	0.311001	0.303479	0.296155	0.29351	0.286412	0.280922	0.27819	0.271509	0.265939	0.261141	0.257696	0.253427	0.249008	0.244304	0.245338	0.243368	0.235665	0.227075	0.225338	0.221926	0.219266	0.219421	0.222125	0.229341	0.237739	0.244579	0.253009	0.259535	0.262983	0.261489	0.262875	0.263033	0.260889	0.260786	0.263656	0.262355	0.259545	0.256159	0.250849	0.245288	0.243352	0.245316	0.243431	0.241085	0.235785	0.230502	0.228856	0.235215	0.236738	0.237727	0.238133	0.242229	0.247282	0.245525	0.235448	0.22761	0.238819	0.238694	0.238436	0.249923	0.262495	0.271493	0.28458	0.308972	0.308545	0.297862	0.314545	0.337681	0.346532	0.34306	0.365896	0.390561	0.346784	0.353342	0.429638	0.49456

6	0.249766	0.255459	0.246211	2.307549	0.139382	-0.669883	-0.0492052	-0.0492052	-0.0492052	-0.0492052	-0.0492052	-0.0492052	-0.0492052	-0.0494903	-0.0497698	-0.0500216	-0.0502229	-0.0504946	-0.0509427	0.126068	0.244957	0.284492	0.306837	0.321986	0.32936	0.335106	0.336869	0.338237	0.333231	0.326344	0.328472	0.331104	0.333832	0.325587	0.323057	0.323736	0.323377	0.310458	0.300819	0.29478	0.289877	0.298176	0.28935	0.282005	0.273462	0.270421	0.266055	0.265933	0.258512	0.254894	0.254676	0.249453	0.239086	0.235265	0.231973	0.226783	0.225228	0.226731	0.229071	0.234667	0.244576	0.25361	0.260122	0.265907	0.268991	0.270737	0.270242	0.267018	0.267337	0.267727	0.268691	0.268116	0.265344	0.260186	0.255411	0.249441	0.247217	0.248943	0.246757	0.242227	0.240144	0.23626	0.237068	0.238052	0.242427	0.241811	0.237692	0.240093	0.246606	0.242794	0.237377	0.237471	0.244462	0.249601	0.251085	0.25796	0.276967	0.273497	0.286157	0.296627	0.31002	0.299314	0.273437	0.301186	0.346042	0.324132	0.315284	0.356244	0.323436	0.33921	0.360573	0.374989
7	0.247265	0.252461	0.243642	2.280469	0.155109	-0.668069	-0.0235021	-0.0235021	-0.0235021	-0.0235021	-0.0235021	-0.0235021	-0.0235021	-0.0237545	-0.0240073	-0.0242498	-0.0244709	-0.0247287	-0.0250682	0.131076	0.213347	0.272876	0.310537	0.324579	0.329028	0.334656	0.334921	0.334466	0.333538	0.329002	0.325623	0.323519	0.32028	0.319825	0.317362	0.315961	0.310514	0.309816	0.301606	0.288158	0.2808	0.280005	0.278148	0.272705	0.267349	0.260583	0.259993	0.264408	0.257256	0.251542	0.249716	0.245522	0.237109	0.232497	0.229658	0.227429	0.226862	0.226565	0.229366	0.234842	0.241363	0.248937	0.25573	0.262231	0.265222	0.265919	0.265416	0.266244	0.265476	0.265728	0.265835	0.266481	0.264405	0.258861	0.254811	0.250482	0.247245	0.248781	0.247653	0.241004	0.23915	0.237769	0.234159	0.235364	0.234327	0.230477	0.229867	0.2336	0.23626	0.23439	0.222932	0.219897	0.220423	0.223065	0.23442	0.245431	0.260151	0.275738	0.287689	0.298694	0.285568	0.280341	0.284591	0.267194	0.286072	0.262027	0.269539	0.264048	0.280102	0.354269	0.372649	0.350962
8	0.251323	0.256503	0.248575	2.316983	0.161589	-0.698256	0.00547966	0.00547966	0.00547966	0.00547966	0.00547966	0.00547966	0.00547966	0.00525787	0.00502866	0.0047899	0.00453962	0.00429055	0.00406758	0.150389	0.236632	0.272944	0.309038	0.326222	0.330855	0.335817	0.336395	0.337089	0.334077	0.326957	0.327356	0.329202	0.327611	0.323611	0.329892	0.330864	0.325262	0.314648	0.30452	0.297483	0.295891	0.290935	0.286258	0.278841	0.271251	0.267227	0.266211	0.264688	0.259667	0.253464	0.250197	0.248408	0.244957	0.237748	0.232464	0.22853	0.226922	0.228927	0.232246	0.237394	0.244658	0.253787	0.260822	0.267192	0.271547	0.270762	0.269009	0.27014	0.271641	0.271378	0.271388	0.271335	0.265981	0.263365	0.25917	0.252406	0.247644	0.246839	0.248702	0.247038	0.239181	0.235506	0.235067	0.238291	0.238822	0.238669	0.238327	0.241991	0.24266	0.238942	0.232658	0.239185	0.24282	0.237553	0.245193	0.255965	0.266412	0.276944	0.305813	0.318003	0.325114	0.325827	0.340112	0.348625	0.336233	0.318736	0.337863	0.359389	0.34317	0.335564	0.37232	0.39518
9	0.251080	0.255601	0.250788	2.308836	0.186918	-0.754090	0.0838301	0.0838301	0.0838301	0.0838301	0.0838301	0.0838301	0.0838301	0.0837007	0.0835455	0.0833272	0.0830089	0.0827943	0.0828983	0.2073	0.259072	0.279834	0.308304	0.325125	0.329601	0.334793	0.33598	0.336604	0.335054	0.32835	0.32197	0.31923	0.319201	0.317906	0.322238	0.317275	0.317819	0.308932	0.30261	0.290308	0.287377	0.299276	0.300723	0.284216	0.271929	0.265896	0.265117	0.266793	0.258884	0.251604	0.252263	0.248828	0.239705	0.234791	0.232746	0.228835	0.225177	0.225574	0.229718	0.236046	0.244939	0.25334	0.259859	0.264567	0.2689	0.270866	0.27299	0.272002	0.271384	0.269319	0.268993	0.268424	0.2637	0.259839	0.25575	0.250561	0.248926	0.248859	0.248699	0.245075	0.240737	0.235897	0.235077	0.236787	0.239944	0.243602	0.239567	0.241418	0.246037	0.233775	0.225426	0.231593	0.233878	0.231423	0.241193	0.254128	0.270758	0.274486	0.272932	0.298434	0.313996	0.30983	0.306832	0.324077	0.315186	0.30792	0.296124	0.34421	0.381638	0.370505	0.356189	0.394132
10	0.245896	0.251798	0.242599	2.274479	0.125663	-0.658714	-0.0328457	-0.0328457	-0.0328457	-0.0328457	-0.0328457	-0.0328457	-0.0328457	-0.0331084	-0.0333693	-0.0336135	-0.0338258	-0.034087	-0.0344644	0.127325	0.222288	0.268729	0.308163	0.32636	0.328296	0.333751	0.33445	0.336801	0.334464	0.326704	0.325241	0.322279	0.318945	0.315554	0.316952	0.315368	0.310697	0.299685	0.292865	0.287089	0.281092	0.278555	0.279146	0.2727	0.266412	0.267147	0.263681	0.258989	0.255436	0.250677	0.250236	0.246953	0.238781	0.232459	0.228786	0.22576	0.223532	0.224218	0.227773	0.232824	0.240695	0.250287	0.258684	0.265427	0.267735	0.2664	0.266546	0.268729	0.266876	0.265147	0.266013	0.266157	0.262829	0.257449	0.250378	0.243733	0.242412	0.244231	0.241406	0.239986	0.236313	0.230924	0.228811	0.22913	0.230703	0.225411	0.2256	0.229713	0.237348	0.244948	0.239857	0.22659	0.2187	0.223381	0.231021	0.231731	0.246522	0.263245	0.268364	0.271049	0.280656	0.288915	0.287613	0.286856	0.286046	0.256306	0.286765	0.286349	0.288781	0.297662	0.317144	0.36653

11	0.255503	0.261060	0.253143	2.358145	0.152955	-0.713524	0.0136719	0.0136719	0.0136719	0.0136719	0.0136719	0.0136719	0.0136719	0.0134556	0.0132299	0.012989	0.0127271	0.0124771	0.0122827	0.147861	0.229147	0.282803	0.320923	0.337406	0.338382	0.343985	0.342457	0.343041	0.342329	0.33625	0.333565	0.336687	0.334446	0.325833	0.330888	0.335689	0.328133	0.308928	0.300571	0.296293	0.293839	0.294519	0.292718	0.28455	0.275141	0.273731	0.275329	0.271326	0.259975	0.257116	0.260612	0.254829	0.246868	0.241977	0.237935	0.233919	0.231381	0.23198	0.236515	0.240854	0.248772	0.257437	0.265758	0.272716	0.278431	0.279156	0.278125	0.276941	0.275303	0.276748	0.278443	0.275326	0.27133	0.264999	0.260221	0.256089	0.25174	0.249487	0.248913	0.250255	0.245125	0.237607	0.237915	0.241369	0.245406	0.242177	0.238356	0.237919	0.244056	0.240341	0.234801	0.238201	0.236457	0.247814	0.260888	0.26039	0.273624	0.281339	0.285127	0.283584	0.283429	0.288093	0.289421	0.297307	0.319225	0.296186	0.272377	0.298968	0.342134	0.378154	0.387322	0.369892
12	0.257098	0.262686	0.255031	2.372832	0.154083	-0.723860	0.0219066	0.0219066	0.0219066	0.0219066	0.0219066	0.0219066	0.0219066	0.0216985	0.0214791	0.0212387	0.0209681	0.0207201	0.0205573	0.142607	0.248891	0.286634	0.319158	0.337078	0.338305	0.342173	0.343127	0.343999	0.341502	0.338959	0.337244	0.334892	0.33743	0.334355	0.33313	0.331112	0.327805	0.316539	0.311576	0.301448	0.300369	0.307108	0.293506	0.28456	0.277168	0.275916	0.273215	0.270003	0.26412	0.261776	0.262347	0.256385	0.248451	0.242335	0.239403	0.23559	0.232156	0.232036	0.23663	0.24447	0.251559	0.258953	0.267582	0.275883	0.279622	0.27855	0.278807	0.278945	0.276106	0.274447	0.275775	0.275813	0.272161	0.266603	0.262897	0.258521	0.253689	0.250529	0.251936	0.252302	0.244613	0.240234	0.24105	0.247658	0.245323	0.243251	0.244862	0.242135	0.245067	0.249246	0.243193	0.237657	0.239008	0.248896	0.261376	0.269985	0.279491	0.284724	0.292208	0.288187	0.292122	0.31448	0.322543	0.328043	0.363406	0.353371	0.363184	0.33899	0.304377	0.339424	0.366599	0.336733
13	0.258790	0.263593	0.256360	2.381030	0.187059	-0.734805	0.051737	0.051737	0.051737	0.051737	0.051737	0.051737	0.051737	0.0515632	0.0513709	0.0511373	0.0508396	0.0506035	0.0505621	0.14635	0.232102	0.283961	0.316677	0.332937	0.339039	0.344794	0.344409	0.34557	0.343163	0.337666	0.335455	0.33766	0.339602	0.335723	0.339271	0.33688	0.321321	0.314015	0.314112	0.306302	0.305189	0.301954	0.298055	0.287562	0.27787	0.271816	0.273953	0.273817	0.267433	0.263505	0.261403	0.255081	0.248001	0.243223	0.24036	0.236647	0.234216	0.23388	0.235498	0.242238	0.251425	0.259055	0.267322	0.274453	0.279154	0.279793	0.277594	0.277132	0.278332	0.27769	0.276133	0.275376	0.273562	0.266793	0.261824	0.259822	0.256878	0.257373	0.256135	0.252963	0.251102	0.245347	0.244346	0.249478	0.251777	0.25008	0.249408	0.24986	0.255728	0.258698	0.253607	0.249561	0.254854	0.258048	0.261012	0.258395	0.276058	0.285648	0.292452	0.294997	0.294315	0.287951	0.295702	0.318743	0.351512	0.33266	0.309479	0.312145	0.327786	0.347095	0.343769	0.406016
14	0.254298	0.261134	0.249720	2.358818	0.101429	-0.647747	-0.0678526	-0.0678526	-0.0678526	-0.0678526	-0.0678526	-0.0678526	-0.0678526	-0.068164	-0.0684657	-0.0687269	-0.0689168	-0.0692016	-0.0697315	0.123046	0.229485	0.271751	0.311029	0.33488	0.340403	0.344129	0.342898	0.3444	0.342745	0.339192	0.334835	0.330767	0.331676	0.327063	0.330058	0.337776	0.33196	0.321647	0.30485	0.302633	0.301331	0.300393	0.29064	0.28164	0.275005	0.27388	0.270297	0.267878	0.263435	0.259901	0.257564	0.253786	0.248603	0.243637	0.23826	0.234914	0.230885	0.231504	0.235957	0.243097	0.25083	0.257824	0.26445	0.272467	0.27849	0.28277	0.279674	0.277441	0.27598	0.274217	0.275713	0.27399	0.269881	0.266996	0.262806	0.251859	0.246903	0.249708	0.251637	0.247858	0.243069	0.240496	0.237775	0.239201	0.239947	0.238237	0.236694	0.234424	0.235761	0.240144	0.241554	0.240769	0.241404	0.241112	0.251457	0.260395	0.26016	0.274176	0.279514	0.281441	0.285725	0.26983	0.263546	0.294169	0.318423	0.300279	0.281537	0.255354	0.297471	0.364024	0.370712	0.350747
15	0.256413	0.262975	0.253579	2.375441	0.115147	-0.691934	0.00288181	0.00288181	0.00288181	0.00288181	0.00288181	0.00288181	0.00288181	0.00265151	0.00241425	0.00216906	0.00191514	0.00165885	0.00141757	0.13733	0.229257	0.281704	0.313012	0.332178	0.336516	0.344976	0.344562	0.345299	0.345894	0.339301	0.335318	0.335245	0.334206	0.328887	0.332593	0.332317	0.329586	0.31993	0.316649	0.30716	0.299158	0.299516	0.297678	0.287167	0.276936	0.277012	0.27366	0.269314	0.263807	0.260454	0.262157	0.25702	0.249994	0.24432	0.242734	0.236681	0.233891	0.235703	0.23974	0.245153	0.253271	0.260084	0.267848	0.274994	0.278848	0.27952	0.27789	0.276098	0.273666	0.272514	0.275869	0.27747	0.273257	0.267488	0.25796	0.251157	0.251823	0.252934	0.252989	0.250897	0.246965	0.238668	0.237075	0.242918	0.245313	0.245642	0.245588	0.243714	0.246788	0.251849	0.251205	0.246136	0.241723	0.238284	0.249373	0.257944	0.258065	0.269413	0.27865	0.287099	0.297524	0.312645	0.331611	0.33503	0.35354	0.338316	0.323573	0.303639	0.315308	0.34329	0.351908	0.337261

16	0.263934	0.271352	0.260346	2.451114	0.092696	-0.689221	0.0300034	0.0300034	0.0300034	0.0300034	0.0300034	0.0300034	0.0300034	0.0297983	0.0295796	0.0293342	0.0290493	0.0287973	0.0286579	0.125591	0.225578	0.279861	0.314904	0.338191	0.34605	0.354466	0.354845	0.352839	0.354082	0.353054	0.343954	0.339161	0.339795	0.337885	0.340146	0.341511	0.343579	0.329778	0.320926	0.31479	0.3066	0.314803	0.310052	0.294511	0.283535	0.285455	0.285035	0.28101	0.272331	0.276404	0.273714	0.26533	0.260874	0.254696	0.246426	0.241264	0.239692	0.240434	0.244414	0.254089	0.261472	0.268838	0.278042	0.2842	0.288874	0.288623	0.284281	0.283467	0.283407	0.285897	0.286659	0.282878	0.279288	0.27585	0.270187	0.265066	0.259035	0.257735	0.260548	0.257357	0.253946	0.249824	0.24715	0.248755	0.245273	0.243006	0.24251	0.248623	0.25734	0.257099	0.246781	0.245062	0.250467	0.251764	0.248316	0.262156	0.264309	0.273094	0.276835	0.284437	0.296873	0.289893	0.290241	0.279526	0.303753	0.294643	0.326512	0.323852	0.301413	0.31709	0.354898	0.42211
17	0.261644	0.269148	0.256488	2.431203	0.086053	-0.650715	-0.00763283	-0.00763283	-0.00763283	-0.00763283	-0.00763283	-0.00763283	-0.00763283	-0.00787983	-0.00813143	-0.00838391	-0.00863335	-0.00889903	-0.00918974	0.123786	0.222412	0.281703	0.32236	0.339841	0.345311	0.353365	0.354229	0.35184	0.349823	0.345241	0.341	0.338504	0.340616	0.331416	0.334147	0.330459	0.327732	0.319783	0.316192	0.307106	0.30028	0.307304	0.304905	0.297946	0.284167	0.276228	0.274849	0.276815	0.272415	0.272564	0.268907	0.261102	0.256694	0.251909	0.246567	0.242794	0.239943	0.239438	0.244509	0.250396	0.259408	0.267369	0.276047	0.281721	0.285223	0.286388	0.287554	0.288007	0.288153	0.285436	0.283178	0.283227	0.279718	0.275083	0.269652	0.264863	0.259403	0.253048	0.250996	0.250663	0.244746	0.243343	0.246749	0.244688	0.241248	0.24047	0.242987	0.248555	0.252017	0.244628	0.237879	0.231622	0.225499	0.235263	0.254996	0.266408	0.264071	0.276101	0.27395	0.265667	0.270539	0.268894	0.299404	0.30953	0.295407	0.289399	0.273514	0.278151	0.293926	0.305086	0.31263	0.318248
18	0.262996	0.270473	0.259025	2.443174	0.089056	-0.677988	0.023245	0.023245	0.023245	0.023245	0.023245	0.023245	0.023245	0.0230328	0.0228087	0.0225626	0.0222846	0.0220307	0.0218665	0.140993	0.225352	0.284972	0.321617	0.34087	0.344862	0.35348	0.353838	0.354254	0.352118	0.34481	0.340226	0.337172	0.335914	0.337845	0.335203	0.327178	0.334836	0.329173	0.3172	0.311624	0.314322	0.312331	0.309093	0.301845	0.293414	0.285131	0.282993	0.280124	0.275133	0.274815	0.269808	0.261888	0.258712	0.252328	0.246474	0.240909	0.238767	0.239635	0.244445	0.251703	0.258242	0.265598	0.274464	0.282651	0.287913	0.288232	0.286782	0.287516	0.287632	0.285543	0.284564	0.282586	0.279152	0.273874	0.268357	0.263778	0.25845	0.256288	0.256778	0.255707	0.249917	0.245671	0.246716	0.250088	0.25075	0.248024	0.245308	0.245835	0.249086	0.249154	0.241853	0.240071	0.237066	0.249792	0.257836	0.261197	0.267866	0.273968	0.286822	0.291441	0.294749	0.298984	0.277877	0.278615	0.310703	0.324026	0.306015	0.290196	0.291002	0.312138	0.376122	0.381566
19	0.263249	0.270841	0.258600	2.446494	0.084927	-0.664233	-0.01978	-0.01978	-0.01978	-0.01978	-0.01978	-0.01978	-0.01978	-0.020043	-0.0203077	-0.0205649	-0.0208055	-0.0210781	-0.0214194	0.133095	0.237223	0.285783	0.327379	0.346374	0.34607	0.352925	0.352638	0.353307	0.353405	0.348713	0.341586	0.341014	0.338734	0.330202	0.335145	0.342382	0.340983	0.33075	0.316581	0.312919	0.308278	0.311099	0.306304	0.296415	0.286778	0.282916	0.279858	0.276606	0.271382	0.271906	0.269926	0.263945	0.260483	0.252716	0.247267	0.244315	0.244274	0.243412	0.248317	0.2534	0.259125	0.266469	0.275209	0.282111	0.287302	0.288497	0.286672	0.288575	0.287394	0.28573	0.284296	0.28243	0.279653	0.273777	0.269183	0.262249	0.25745	0.257212	0.258745	0.256006	0.249072	0.244936	0.248447	0.251032	0.250737	0.2487	0.247509	0.246624	0.251368	0.244123	0.237403	0.235418	0.240331	0.250089	0.261134	0.283069	0.282006	0.279426	0.265928	0.259494	0.274993	0.285814	0.298318	0.300854	0.2901	0.305761	0.301039	0.300112	0.25923	0.254069	0.286035	0.330739
20	0.262919	0.271042	0.255418	2.448314	0.063763	-0.601011	-0.0694274	-0.0694274	-0.0694274	-0.0694274	-0.0694274	-0.0694274	-0.0694274	-0.069748	-0.0700587	-0.070328	-0.0705245	-0.0708181	-0.071363	0.121591	0.224279	0.283933	0.319443	0.333014	0.34413	0.353914	0.352619	0.352777	0.351293	0.34929	0.345949	0.345966	0.337994	0.334523	0.336028	0.335825	0.33484	0.323574	0.315958	0.314432	0.304592	0.309223	0.306643	0.295915	0.283017	0.278202	0.280564	0.277809	0.274028	0.272687	0.273226	0.266712	0.25981	0.254482	0.248432	0.244582	0.242213	0.243876	0.24711	0.253182	0.258874	0.266735	0.277369	0.284243	0.288243	0.287824	0.285458	0.286315	0.286202	0.285611	0.287154	0.283537	0.278599	0.273789	0.269251	0.264266	0.259911	0.258775	0.259018	0.257307	0.249458	0.244288	0.247961	0.250502	0.250204	0.248012	0.243652	0.244885	0.247571	0.243333	0.243188	0.241875	0.247915	0.259583	0.251811	0.262473	0.281964	0.287601	0.287425	0.301439	0.287205	0.291666	0.305621	0.287223	0.282117	0.252611	0.277583	0.31698	0.346736	0.361252	0.357853	0.361548

21	0.277128	0.285270	0.274579	2.576829	0.083592	-0.741189	0.0596188	0.0596188	0.0596188	0.0596188	0.0596188	0.0596188	0.0596188	0.0594364	0.0592331	0.0589827	0.0586589	0.0584064	0.0583785	0.164006	0.235181	0.303046	0.338365	0.355697	0.363169	0.37163	0.370701	0.368403	0.368494	0.364687	0.354471	0.355926	0.361971	0.357642	0.357389	0.357906	0.354961	0.342311	0.337303	0.32938	0.321896	0.32774	0.322045	0.315881	0.310987	0.308104	0.301961	0.290899	0.286784	0.28584	0.282108	0.279317	0.273677	0.266615	0.261901	0.256219	0.254414	0.255058	0.257498	0.264925	0.273209	0.281478	0.291717	0.298722	0.303522	0.305651	0.304049	0.30244	0.30095	0.300406	0.299964	0.295811	0.289733	0.287907	0.286436	0.280038	0.270254	0.265492	0.26726	0.2681	0.265666	0.261223	0.260683	0.259095	0.261034	0.260852	0.254935	0.255174	0.256733	0.257482	0.259415	0.255525	0.252644	0.25928	0.263632	0.2676	0.278002	0.283859	0.292859	0.304788	0.30732	0.311757	0.300282	0.289457	0.303293	0.28532	0.273569	0.275391	0.301869	0.310618	0.326237	0.349471
22	0.271583	0.280939	0.264802	2.537711	0.028291	-0.624046	-0.0304779	-0.0304779	-0.0304779	-0.0304779	-0.0304779	-0.0304779	-0.0304779	-0.0307609	-0.0310434	-0.0313115	-0.0315509	-0.0318367	-0.0322322	0.117634	0.223657	0.283623	0.324729	0.34585	0.357183	0.365792	0.365705	0.365195	0.364599	0.361262	0.350707	0.351506	0.356094	0.345896	0.348062	0.348035	0.34504	0.340852	0.325662	0.315481	0.3162	0.31484	0.313156	0.309293	0.298835	0.292336	0.293228	0.288316	0.283164	0.282955	0.277762	0.273473	0.272754	0.265246	0.25795	0.252505	0.250938	0.252612	0.256889	0.263262	0.270902	0.279516	0.287997	0.294201	0.300268	0.304707	0.302751	0.298859	0.296131	0.295103	0.29776	0.295239	0.28942	0.286487	0.281762	0.271393	0.263285	0.261584	0.264022	0.265076	0.259628	0.252805	0.251063	0.25314	0.25634	0.251815	0.245757	0.247002	0.249281	0.241427	0.23017	0.236343	0.244913	0.250314	0.249377	0.251318	0.250012	0.250628	0.249961	0.254052	0.265736	0.264898	0.271146	0.273319	0.269682	0.250704	0.248626	0.27933	0.283251	0.25896	0.282159	0.334543
23	0.273266	0.282015	0.267904	2.547433	0.054370	-0.665862	-0.0104979	-0.0104979	-0.0104979	-0.0104979	-0.0104979	-0.0104979	-0.0104979	-0.010759	-0.0110243	-0.0112888	-0.0115473	-0.0118261	-0.0121382	0.150207	0.230412	0.289818	0.328135	0.349729	0.356937	0.366285	0.367701	0.3672	0.366034	0.362338	0.353776	0.350599	0.35739	0.354481	0.351903	0.346459	0.342602	0.336829	0.335099	0.325412	0.320643	0.322141	0.316758	0.307756	0.302103	0.298253	0.293997	0.287056	0.286975	0.285207	0.280125	0.27543	0.272295	0.26629	0.259379	0.255506	0.252245	0.250015	0.254473	0.261289	0.270097	0.280588	0.290151	0.296103	0.299429	0.30199	0.300955	0.298831	0.296859	0.29861	0.296821	0.292758	0.288764	0.284637	0.279436	0.272175	0.268438	0.266818	0.269013	0.270193	0.262241	0.256522	0.255571	0.260389	0.258444	0.249231	0.247164	0.247335	0.252311	0.257903	0.250764	0.247277	0.244246	0.251012	0.262024	0.268808	0.270488	0.271045	0.265733	0.250059	0.251186	0.260895	0.252551	0.254609	0.287459	0.298217	0.283096	0.280871	0.290786	0.298426	0.308219	0.31279
24	0.272592	0.282140	0.267766	2.548557	0.022295	-0.661310	-0.00167938	-0.00167938	-0.00167938	-0.00167938	-0.00167938	-0.00167938	-0.00167938	-0.00193006	-0.00218705	-0.00244928	-0.00271547	-0.00299044	-0.00326904	0.124892	0.215802	0.28583	0.332507	0.352563	0.357609	0.364074	0.366077	0.366629	0.362599	0.356297	0.349773	0.350448	0.358129	0.35549	0.352182	0.359961	0.356609	0.343909	0.337087	0.322164	0.320422	0.325078	0.316335	0.308402	0.30181	0.296652	0.293947	0.287463	0.286583	0.289468	0.284768	0.278375	0.271106	0.264597	0.257612	0.25383	0.25443	0.254635	0.254321	0.261554	0.26988	0.279233	0.289608	0.296018	0.301367	0.30339	0.300878	0.297078	0.295457	0.296648	0.297621	0.29495	0.289163	0.284303	0.279052	0.274202	0.265795	0.262959	0.262872	0.263775	0.260196	0.25334	0.251454	0.253185	0.257419	0.25444	0.249172	0.248453	0.253905	0.258178	0.246313	0.239131	0.241186	0.245294	0.259496	0.27617	0.282936	0.287224	0.275885	0.282753	0.290149	0.282388	0.271136	0.250259	0.27495	0.28409	0.253934	0.278504	0.289351	0.273212	0.284973	0.310521
25	0.274687	0.284060	0.270204	2.565900	0.032150	-0.677447	0.0235914	0.0235914	0.0235914	0.0235914	0.0235914	0.0235914	0.0235914	0.0233685	0.0231334	0.0228756	0.0225853	0.0223192	0.0221428	0.133591	0.225817	0.286745	0.332337	0.353205	0.359933	0.369116	0.368246	0.365627	0.363398	0.36162	0.356864	0.35436	0.355311	0.355525	0.352967	0.356615	0.353196	0.340447	0.334278	0.329365	0.325612	0.321633	0.317353	0.311612	0.307935	0.30412	0.301932	0.295792	0.288989	0.285287	0.282755	0.279584	0.275498	0.267949	0.261941	0.258406	0.256192	0.256161	0.2561	0.260987	0.270599	0.279748	0.289261	0.298227	0.302312	0.301974	0.300808	0.299074	0.296948	0.298322	0.299553	0.297154	0.291506	0.288046	0.283539	0.272196	0.263279	0.263845	0.26448	0.264115	0.260218	0.258252	0.255595	0.254772	0.258037	0.257419	0.258722	0.262504	0.260775	0.257924	0.258468	0.262306	0.25931	0.260429	0.264658	0.271547	0.281916	0.287294	0.291968	0.274658	0.275626	0.266062	0.261988	0.285729	0.29873	0.327171	0.316118	0.302384	0.312971	0.294436	0.266433	0.289293

26	0.293279	0.305240	0.289023	2.757217	-0.041736	-0.702887	-0.00536949	-0.00536949	-0.00536949	-0.00536949	-0.00536949	-0.00536949	-0.00536949	-0.00564428	-0.00592503	-0.00620897	-0.00649315	-0.00679145	-0.00710564	0.145059	0.250405	0.315511	0.354393	0.374482	0.384538	0.389651	0.389575	0.390561	0.388742	0.385986	0.37662	0.374822	0.377164	0.376408	0.382434	0.394724	0.393714	0.380943	0.372443	0.364131	0.356934	0.354303	0.350806	0.339906	0.331031	0.326823	0.317361	0.311282	0.31451	0.311897	0.309028	0.304092	0.29584	0.288381	0.283725	0.278029	0.27328	0.272147	0.274756	0.281096	0.290093	0.299387	0.308724	0.319229	0.325541	0.32567	0.325977	0.327136	0.324078	0.319425	0.319715	0.31706	0.307392	0.301472	0.296825	0.29158	0.2884	0.280613	0.27636	0.278928	0.282045	0.277107	0.267905	0.26621	0.270898	0.281734	0.282433	0.271689	0.276236	0.276211	0.268872	0.258094	0.254442	0.263082	0.27461	0.29012	0.305417	0.307371	0.28479	0.280991	0.294709	0.290226	0.298649	0.268084	0.288005	0.303525	0.28787	0.279058	0.294404	0.303429	0.339685	0.343571
27	0.294119	0.305801	0.288524	2.762289	-0.029690	-0.684719	-0.0104174	-0.0104174	-0.0104174	-0.0104174	-0.0104174	-0.0104174	-0.0104174	-0.0106986	-0.0109846	-0.0112704	-0.0115507	-0.0118518	-0.0121904	0.114052	0.253157	0.314227	0.354679	0.376591	0.385786	0.391448	0.391871	0.393639	0.393297	0.390486	0.376118	0.368892	0.379781	0.383703	0.376828	0.378827	0.38722	0.383496	0.373837	0.358956	0.357313	0.349894	0.341977	0.338182	0.338144	0.33224	0.319359	0.315856	0.315356	0.313285	0.31063	0.305074	0.295373	0.287032	0.281386	0.274751	0.272214	0.270104	0.274459	0.281534	0.291463	0.299975	0.309798	0.319471	0.326028	0.328915	0.327269	0.326447	0.3251	0.323029	0.323754	0.318647	0.310187	0.304339	0.30019	0.293429	0.285021	0.279444	0.276657	0.27998	0.284433	0.27832	0.273595	0.2716	0.272463	0.275255	0.276247	0.267865	0.273954	0.285203	0.278083	0.264167	0.264189	0.262057	0.268907	0.287109	0.288522	0.280695	0.279079	0.292322	0.310561	0.310263	0.305736	0.310891	0.326791	0.294469	0.297594	0.313804	0.336545	0.332389	0.362448	0.347295
28	0.294270	0.305466	0.289878	2.759265	-0.010563	-0.715493	0.00914221	0.00914221	0.00914221	0.00914221	0.00914221	0.00914221	0.00914221	0.00888418	0.00861677	0.00833624	0.00803907	0.00774678	0.00749471	0.174519	0.252766	0.306526	0.357988	0.380137	0.384356	0.388437	0.391102	0.391389	0.388954	0.385909	0.375524	0.374957	0.390085	0.390711	0.379527	0.377322	0.37826	0.373661	0.366085	0.357879	0.354558	0.353317	0.344871	0.337496	0.332055	0.329604	0.31957	0.311315	0.311377	0.308199	0.306245	0.303281	0.297847	0.290691	0.283687	0.276597	0.273521	0.272692	0.276815	0.283923	0.291403	0.299574	0.308458	0.317297	0.326216	0.329907	0.327463	0.328146	0.324875	0.319258	0.318359	0.316484	0.308776	0.301126	0.29518	0.295569	0.293697	0.282184	0.278303	0.278521	0.277542	0.27649	0.277838	0.274753	0.278616	0.286422	0.280746	0.270193	0.276685	0.270591	0.253735	0.249619	0.253981	0.261408	0.266135	0.275409	0.292134	0.297545	0.297149	0.310693	0.309141	0.293381	0.29582	0.315797	0.302767	0.295728	0.301642	0.301949	0.319126	0.324123	0.351658	0.34629
29	0.292524	0.305014	0.286676	2.755185	-0.063465	-0.662085	-0.0367974	-0.0367974	-0.0367974	-0.0367974	-0.0367974	-0.0367974	-0.0367974	-0.0371085	-0.037418	-0.0377094	-0.0379654	-0.0382767	-0.0387205	0.128981	0.228763	0.304838	0.350572	0.372226	0.382483	0.389414	0.389918	0.391075	0.389562	0.384696	0.375035	0.377508	0.388695	0.387215	0.385536	0.380342	0.381095	0.375765	0.365507	0.362123	0.364306	0.357315	0.347475	0.337228	0.330158	0.327274	0.316134	0.30866	0.311378	0.311326	0.309672	0.302583	0.294939	0.290115	0.285036	0.277072	0.272691	0.272014	0.275498	0.28169	0.289321	0.297158	0.309381	0.32063	0.325921	0.328994	0.329025	0.325932	0.325003	0.323127	0.321473	0.318757	0.309372	0.301459	0.294854	0.290173	0.287002	0.278744	0.276627	0.278367	0.276616	0.273316	0.265121	0.263064	0.27323	0.274244	0.271468	0.268408	0.274724	0.276493	0.261217	0.263267	0.26542	0.26169	0.267701	0.273566	0.290694	0.299699	0.296088	0.278856	0.272867	0.292907	0.308542	0.294891	0.293635	0.288137	0.27402	0.268782	0.318164	0.350395	0.341467	0.318498
30	0.294435	0.305695	0.289738	2.761331	-0.012782	-0.709287	0.0259777	0.0259777	0.0259777	0.0259777	0.0259777	0.0259777	0.0259777	0.0257394	0.0254877	0.0252114	0.0248994	0.0246143	0.0244317	0.18161	0.261936	0.307577	0.354511	0.376626	0.382698	0.390299	0.392481	0.39343	0.391352	0.388755	0.378676	0.372187	0.374409	0.374885	0.375763	0.37907	0.376495	0.371106	0.370221	0.360429	0.356665	0.347168	0.343115	0.34295	0.336427	0.324211	0.315496	0.312157	0.313941	0.309971	0.308404	0.303864	0.29778	0.291475	0.28333	0.276288	0.273053	0.274908	0.276263	0.28235	0.290242	0.299886	0.309961	0.318671	0.325267	0.328324	0.327176	0.328242	0.326729	0.323999	0.322292	0.320852	0.312488	0.303712	0.297792	0.292795	0.286435	0.279472	0.275556	0.278213	0.27832	0.275783	0.270201	0.273358	0.274015	0.272285	0.271787	0.273237	0.28143	0.28307	0.268904	0.256461	0.262143	0.274039	0.272457	0.284399	0.294626	0.294935	0.311024	0.301946	0.287904	0.281552	0.289897	0.28179	0.310022	0.30929	0.319417	0.32155	0.339122	0.337271	0.328434	0.363095

31	0.320300	0.334348	0.315138	3.020153	-0.083963	-0.742597	0.0305825	0.0305825	0.0305825	0.0305825	0.0305825	0.0305825	0.0305825	0.0303254	0.0300531	0.0297525	0.0294104	0.0291006	0.0289072	0.164379	0.28017	0.341812	0.382559	0.39919	0.408441	0.415679	0.424002	0.426805	0.4231	0.422274	0.416816	0.412683	0.412417	0.412942	0.411151	0.412381	0.419304	0.411011	0.398684	0.395848	0.392335	0.38837	0.388202	0.383504	0.367171	0.355298	0.346541	0.341821	0.340531	0.342157	0.342762	0.340301	0.331773	0.321142	0.312185	0.306171	0.300747	0.298117	0.300575	0.303873	0.311864	0.323589	0.334814	0.344154	0.351714	0.357957	0.363734	0.364335	0.359121	0.355545	0.352527	0.346464	0.338357	0.332147	0.324585	0.31584	0.30856	0.304664	0.299639	0.294766	0.295778	0.299951	0.302814	0.297696	0.295706	0.296828	0.30216	0.293066	0.289666	0.302024	0.304241	0.296695	0.294171	0.288349	0.289345	0.288171	0.295633	0.307492	0.307826	0.30341	0.320846	0.331484	0.342096	0.347366	0.344191	0.354829	0.337982	0.333569	0.349402	0.340508	0.364872	0.406813
32	0.321079	0.334765	0.320343	3.023917	-0.068713	-0.834364	0.0927259	0.0927259	0.0927259	0.0927259	0.0927259	0.0927259	0.0927259	0.0925406	0.0923254	0.0920395	0.0916417	0.0913576	0.0914239	0.229701	0.294453	0.344506	0.379333	0.398915	0.410806	0.417343	0.423852	0.425687	0.423921	0.424335	0.418221	0.411235	0.410415	0.42279	0.429282	0.421615	0.421242	0.413161	0.406521	0.394837	0.392721	0.386861	0.375703	0.37816	0.368451	0.355471	0.350741	0.35184	0.348847	0.344982	0.342406	0.341429	0.333265	0.321423	0.310066	0.305231	0.302584	0.299511	0.30003	0.304126	0.31363	0.321781	0.333378	0.343195	0.350971	0.356484	0.360205	0.362593	0.362674	0.358283	0.354438	0.345682	0.337496	0.330502	0.322854	0.317699	0.312025	0.304737	0.301228	0.29573	0.298546	0.299753	0.295654	0.294775	0.295569	0.296524	0.292279	0.287375	0.295624	0.29709	0.29061	0.285287	0.286633	0.291333	0.295186	0.30509	0.317326	0.320591	0.315233	0.312192	0.327425	0.323175	0.319977	0.340559	0.324729	0.287776	0.333284	0.337041	0.309578	0.313277	0.344947	0.373568
33	0.317399	0.332369	0.310585	3.002276	-0.124058	-0.687456	-0.0395188	-0.0395188	-0.0395188	-0.0395188	-0.0395188	-0.0395188	-0.0395188	-0.039856	-0.0401917	-0.0405079	-0.0407862	-0.0411239	-0.0416011	0.166614	0.283221	0.340067	0.378263	0.396863	0.412076	0.419132	0.421414	0.423376	0.420526	0.41822	0.411188	0.40753	0.401174	0.407805	0.411491	0.411058	0.412223	0.412424	0.402081	0.394241	0.391812	0.384273	0.380272	0.377795	0.366103	0.349772	0.346574	0.348596	0.342793	0.342339	0.340111	0.336944	0.329414	0.318999	0.311176	0.303374	0.297574	0.296099	0.296808	0.302278	0.312908	0.324792	0.333969	0.342458	0.349886	0.354544	0.356517	0.357759	0.356548	0.355598	0.354224	0.34751	0.338795	0.332621	0.32506	0.316268	0.309163	0.302856	0.294574	0.289295	0.289917	0.295062	0.295099	0.289458	0.289454	0.292661	0.296359	0.292313	0.288456	0.290915	0.293034	0.27901	0.27929	0.284856	0.286795	0.293242	0.307639	0.293764	0.27759	0.297594	0.309224	0.313907	0.315757	0.349617	0.364885	0.347405	0.322161	0.318778	0.321906	0.347533	0.348753	0.327866
34	0.316888	0.330507	0.311497	2.985458	-0.072200	-0.733663	0.0163042	0.0163042	0.0163042	0.0163042	0.0163042	0.0163042	0.0163042	0.0160337	0.0157516	0.015451	0.0151251	0.0148129	0.0145667	0.17867	0.285364	0.338401	0.380252	0.396046	0.407551	0.416165	0.423304	0.423057	0.418177	0.415	0.407867	0.403904	0.404719	0.414538	0.413906	0.406391	0.407297	0.399064	0.392517	0.392026	0.387671	0.376445	0.374189	0.374731	0.362474	0.345865	0.341325	0.338326	0.338345	0.339962	0.338786	0.334382	0.325423	0.316826	0.309087	0.302373	0.297559	0.296494	0.297426	0.302127	0.310164	0.321135	0.332101	0.34288	0.349561	0.354023	0.357737	0.356756	0.354532	0.353527	0.350559	0.343915	0.33699	0.328776	0.31897	0.315306	0.310864	0.306919	0.297814	0.289339	0.29431	0.299645	0.292588	0.288578	0.290745	0.294239	0.290505	0.285681	0.287589	0.293315	0.28674	0.278327	0.27542	0.271448	0.282527	0.298382	0.30812	0.309654	0.315995	0.317684	0.303132	0.314076	0.31286	0.318697	0.299121	0.269155	0.27233	0.270149	0.278132	0.258666	0.268063	0.317062
35	0.322241	0.335579	0.318954	3.031275	-0.053541	-0.795453	0.0549535	0.0549535	0.0549535	0.0549535	0.0549535	0.0549535	0.0549535	0.0547232	0.0544721	0.0541759	0.0538106	0.0535096	0.0534184	0.206832	0.299421	0.345629	0.385689	0.402889	0.410729	0.420771	0.42711	0.42555	0.421928	0.426049	0.419109	0.409707	0.411351	0.418995	0.41368	0.417007	0.423634	0.416829	0.408561	0.399981	0.391684	0.392112	0.389497	0.384851	0.368142	0.353833	0.348873	0.348154	0.347311	0.346851	0.34265	0.338495	0.332493	0.32311	0.313205	0.306805	0.299864	0.299209	0.298281	0.304009	0.313483	0.324196	0.335702	0.343404	0.349225	0.355289	0.362753	0.361817	0.358267	0.358468	0.357643	0.350127	0.340414	0.334534	0.326154	0.319272	0.312	0.305932	0.304253	0.302266	0.302495	0.300203	0.29738	0.29744	0.298601	0.302502	0.300177	0.292973	0.291751	0.302374	0.295597	0.29435	0.29427	0.28977	0.309973	0.325485	0.325482	0.322622	0.319629	0.305956	0.324117	0.333825	0.330663	0.33536	0.352078	0.346033	0.330696	0.360966	0.421134	0.44271	0.427261	0.44338

36	0.352812	0.369672	0.350061	3.339232	-0.146435	-0.851804	0.0948417	0.0948417	0.0948417	0.0948417	0.0948417	0.0948417	0.0948417	0.0946294	0.0943861	0.0940698	0.0936386	0.093323	0.0933663	0.249195	0.320772	0.369506	0.416743	0.435434	0.450466	0.45903	0.466301	0.468703	0.463354	0.456035	0.451897	0.445235	0.442814	0.45465	0.470268	0.470588	0.463744	0.455861	0.448238	0.441431	0.434422	0.432065	0.434969	0.416536	0.400643	0.394993	0.390304	0.388034	0.387332	0.388539	0.389253	0.383375	0.372314	0.356987	0.34333	0.334119	0.327136	0.324642	0.328206	0.335252	0.346105	0.358044	0.369892	0.378799	0.386385	0.393545	0.395459	0.395157	0.395486	0.394569	0.392617	0.385788	0.376637	0.368754	0.361184	0.35241	0.340464	0.331035	0.327848	0.324648	0.319182	0.321432	0.322478	0.320944	0.316948	0.315683	0.318268	0.322981	0.329506	0.330733	0.338058	0.327374	0.314513	0.310511	0.316988	0.323503	0.340593	0.350046	0.350033	0.35044	0.361047	0.371071	0.370642	0.3557	0.336782	0.325883	0.320062	0.350674	0.381417	0.416397	0.424283	0.402176
37	0.356431	0.372710	0.355294	3.366674	-0.118583	-0.903288	0.143876	0.143876	0.143876	0.143876	0.143876	0.143876	0.143876	0.143718	0.143517	0.14321	0.142732	0.142434	0.142675	0.255745	0.325606	0.386861	0.426803	0.435259	0.448535	0.459547	0.469735	0.471667	0.466213	0.462618	0.459353	0.451139	0.451373	0.456932	0.468057	0.471844	0.466794	0.457207	0.460257	0.447181	0.436379	0.445388	0.438311	0.42013	0.406375	0.399617	0.392175	0.388885	0.39316	0.394407	0.391218	0.387137	0.375557	0.359892	0.345799	0.335199	0.329391	0.327723	0.330704	0.33749	0.347503	0.359704	0.371059	0.382	0.390339	0.394988	0.395404	0.395986	0.399263	0.398788	0.394532	0.389308	0.380654	0.367479	0.359012	0.354193	0.346384	0.338143	0.334241	0.326044	0.319362	0.320904	0.327379	0.327853	0.321982	0.323802	0.332126	0.333603	0.329477	0.331439	0.335007	0.335251	0.337246	0.326403	0.329573	0.341705	0.353429	0.357591	0.378673	0.387947	0.399584	0.407774	0.415609	0.421597	0.422893	0.403685	0.397621	0.386707	0.394362	0.392991	0.438631	0.452705
38	0.349852	0.367675	0.344237	3.321192	-0.188198	-0.772944	0.0126987	0.0126987	0.0126987	0.0126987	0.0126987	0.0126987	0.0126987	0.0123923	0.0120744	0.0117395	0.0113827	0.011034	0.0107387	0.199265	0.306464	0.367271	0.403212	0.428729	0.448853	0.459084	0.467328	0.468952	0.463307	0.456017	0.448986	0.443826	0.447234	0.454305	0.460963	0.459029	0.45725	0.450984	0.447661	0.447268	0.445429	0.438671	0.426572	0.407323	0.394707	0.393263	0.386921	0.382181	0.384359	0.388698	0.387647	0.378066	0.365066	0.354611	0.343604	0.332709	0.324926	0.323922	0.328231	0.334562	0.345143	0.356111	0.369444	0.381655	0.38651	0.388548	0.390903	0.394299	0.397633	0.395851	0.393045	0.384864	0.373545	0.364775	0.358414	0.351229	0.33993	0.330414	0.325942	0.320753	0.31439	0.315	0.318595	0.320643	0.318301	0.319334	0.317209	0.306999	0.308425	0.325907	0.324001	0.315546	0.311462	0.299069	0.302484	0.314828	0.324375	0.326545	0.322621	0.33486	0.341281	0.342556	0.342847	0.351418	0.350738	0.353826	0.327152	0.330696	0.368004	0.379486	0.366474	0.401428
39	0.354403	0.371067	0.350176	3.351835	-0.136540	-0.832239	0.075107	0.075107	0.075107	0.075107	0.075107	0.075107	0.075107	0.0748706	0.0746079	0.0742855	0.0738706	0.0735454	0.0735046	0.226392	0.319702	0.383188	0.411895	0.432401	0.452553	0.460643	0.467029	0.468929	0.463151	0.456213	0.4526	0.446391	0.45008	0.464573	0.46866	0.46829	0.464882	0.459309	0.457833	0.447232	0.435744	0.43543	0.428849	0.409723	0.396438	0.397123	0.393903	0.390039	0.387618	0.38935	0.388215	0.385289	0.374265	0.358808	0.344409	0.334893	0.327507	0.328126	0.330144	0.335982	0.346813	0.358817	0.370603	0.380146	0.387115	0.391714	0.395045	0.39825	0.397608	0.397218	0.397109	0.391611	0.38106	0.367934	0.358338	0.350401	0.342111	0.335805	0.332002	0.328179	0.323926	0.323053	0.325954	0.324828	0.321243	0.323283	0.328811	0.331356	0.328253	0.320572	0.326991	0.327648	0.32247	0.312375	0.306302	0.323384	0.332225	0.344164	0.357965	0.364403	0.386708	0.392794	0.371961	0.365455	0.384903	0.411185	0.384998	0.354492	0.339462	0.356248	0.392601	0.456029
40	0.353782	0.370812	0.351557	3.349535	-0.151677	-0.862267	0.0997781	0.0997781	0.0997781	0.0997781	0.0997781	0.0997781	0.0997781	0.0995705	0.0993307	0.0990145	0.0985777	0.0982629	0.0983241	0.240123	0.305874	0.363862	0.417911	0.434016	0.447111	0.458454	0.468436	0.47081	0.465107	0.45857	0.456361	0.450103	0.446471	0.454386	0.469525	0.475033	0.476679	0.464629	0.45228	0.448429	0.447335	0.44735	0.437003	0.418549	0.401067	0.397159	0.39317	0.38674	0.38895	0.391865	0.390983	0.384438	0.370464	0.356028	0.342564	0.332146	0.32723	0.325833	0.329416	0.336384	0.346108	0.356864	0.368545	0.380634	0.388815	0.392668	0.39214	0.394952	0.398758	0.398185	0.395738	0.391037	0.382042	0.368045	0.360191	0.354505	0.343259	0.335836	0.331744	0.322635	0.316643	0.318164	0.324366	0.325986	0.321593	0.318786	0.321686	0.318487	0.318399	0.321492	0.32162	0.320091	0.31533	0.312774	0.318353	0.331991	0.35845	0.372626	0.35416	0.346369	0.358182	0.35609	0.370304	0.354155	0.343775	0.351373	0.336	0.367993	0.381411	0.357159	0.40516	0.425179

41	0.381760	0.402435	0.379752	3.635182	-0.253152	-0.902101	0.0970516	0.0970516	0.0970516	0.0970516	0.0970516	0.0970516	0.0970516	0.096814	0.096544	0.0961987	0.0957354	0.0953897	0.0954095	0.245871	0.320681	0.391218	0.447189	0.47107	0.488143	0.497085	0.500752	0.500841	0.498349	0.496551	0.492954	0.490892	0.487942	0.488288	0.503214	0.51857	0.520799	0.516028	0.505707	0.495647	0.49104	0.48495	0.462849	0.449197	0.442535	0.431744	0.426192	0.424576	0.428973	0.430323	0.424812	0.415187	0.400312	0.386511	0.375408	0.363996	0.356654	0.355433	0.359189	0.368655	0.377252	0.391666	0.404663	0.41457	0.421941	0.426396	0.425882	0.425434	0.423691	0.422293	0.424268	0.420147	0.412659	0.401655	0.388775	0.379915	0.372947	0.361094	0.350651	0.349367	0.345623	0.337226	0.340698	0.347828	0.345147	0.340625	0.346577	0.346775	0.343818	0.349236	0.352672	0.35066	0.34269	0.33802	0.337023	0.340167	0.341783	0.363606	0.374647	0.378656	0.375332	0.375401	0.393688	0.397076	0.389841	0.387646	0.394926	0.339285	0.337039	0.362196	0.404756	0.468442
42	0.380790	0.401817	0.377913	3.629594	-0.268232	-0.877006	0.0473008	0.0473008	0.0473008	0.0473008	0.0473008	0.0473008	0.0473008	0.0470056	0.0466898	0.0463326	0.0459138	0.0455475	0.0453658	0.255717	0.348673	0.390945	0.437323	0.469285	0.488327	0.496227	0.50096	0.502042	0.501581	0.499818	0.495989	0.484885	0.486809	0.493469	0.505046	0.511801	0.513309	0.500864	0.490421	0.496144	0.492964	0.4848	0.467363	0.460708	0.445848	0.4279	0.422211	0.42138	0.425962	0.427874	0.427651	0.414739	0.399598	0.386062	0.373735	0.364254	0.355455	0.353848	0.357716	0.365879	0.37595	0.390931	0.404731	0.416044	0.424727	0.429115	0.427081	0.424534	0.422704	0.423347	0.424866	0.418964	0.411659	0.402103	0.392427	0.383524	0.369874	0.357868	0.351604	0.347639	0.341494	0.334023	0.338566	0.346088	0.345091	0.342986	0.346789	0.34447	0.334328	0.33679	0.341613	0.337814	0.33624	0.329698	0.323037	0.337004	0.340014	0.346584	0.355069	0.349396	0.365771	0.372432	0.367017	0.36996	0.354404	0.344465	0.356561	0.35098	0.349422	0.40534	0.417012	0.425156
43	0.383581	0.403108	0.382256	3.641259	-0.205811	-0.938888	0.139637	0.139637	0.139637	0.139637	0.139637	0.139637	0.139637	0.139448	0.139217	0.138882	0.13838	0.138052	0.138244	0.237655	0.344149	0.394679	0.436903	0.46784	0.486481	0.495536	0.502628	0.505825	0.50644	0.502762	0.495009	0.488534	0.489745	0.495849	0.512962	0.518064	0.513299	0.507376	0.493325	0.484363	0.484941	0.485478	0.469686	0.456908	0.449868	0.434151	0.424588	0.42233	0.426136	0.427839	0.426889	0.415589	0.400333	0.386799	0.374023	0.362896	0.356461	0.354907	0.357869	0.367171	0.378458	0.391442	0.403245	0.414801	0.424724	0.428211	0.427746	0.4265	0.425958	0.426771	0.425994	0.422993	0.41425	0.403772	0.392829	0.385357	0.374076	0.362589	0.3538	0.351834	0.346362	0.339863	0.341186	0.347289	0.34701	0.344969	0.347504	0.346034	0.341994	0.345589	0.353418	0.351932	0.338786	0.334182	0.338935	0.352274	0.366303	0.377995	0.388257	0.375691	0.364633	0.358295	0.359682	0.370359	0.396834	0.401269	0.39787	0.393654	0.391455	0.406243	0.41961	0.491903
44	0.383973	0.403847	0.383862	3.647938	-0.218774	-0.957708	0.11713	0.11713	0.11713	0.11713	0.11713	0.11713	0.11713	0.116914	0.116661	0.116319	0.115836	0.115496	0.115599	0.268544	0.34928	0.402261	0.449252	0.473346	0.488235	0.498729	0.505733	0.506963	0.502215	0.496861	0.496312	0.489132	0.494883	0.499283	0.508239	0.518283	0.514481	0.514013	0.504255	0.50034	0.501662	0.487562	0.467258	0.456858	0.449797	0.436761	0.427506	0.428413	0.432286	0.430927	0.425507	0.414534	0.39946	0.38678	0.376029	0.365376	0.356534	0.35229	0.356075	0.362855	0.376195	0.391583	0.407092	0.418238	0.426225	0.428508	0.425606	0.426505	0.427917	0.427981	0.426926	0.424498	0.414158	0.405689	0.393167	0.380336	0.371519	0.361655	0.353199	0.350378	0.344732	0.337801	0.338039	0.348002	0.354288	0.34827	0.345237	0.353861	0.354887	0.345546	0.348667	0.350981	0.344793	0.343937	0.351018	0.358428	0.358044	0.368319	0.381424	0.399133	0.3865	0.372829	0.400411	0.400533	0.359603	0.358952	0.376836	0.354731	0.369175	0.390004	0.442393	0.472984
45	0.386298	0.405957	0.387486	3.666994	-0.207006	-0.993266	0.179402	0.179402	0.179402	0.179402	0.179402	0.179402	0.179402	0.179257	0.179061	0.178733	0.178193	0.177879	0.178235	0.279885	0.374448	0.415806	0.448571	0.47039	0.489406	0.500551	0.504759	0.504251	0.502027	0.500142	0.499161	0.491231	0.492287	0.494035	0.501023	0.510014	0.522756	0.525725	0.515606	0.505496	0.499524	0.485987	0.468726	0.461924	0.450111	0.441541	0.436708	0.434033	0.431647	0.431696	0.428922	0.419797	0.403881	0.389564	0.376619	0.364773	0.35689	0.354723	0.356718	0.365923	0.379027	0.393828	0.407569	0.419016	0.425759	0.429214	0.430581	0.428879	0.426082	0.427165	0.429445	0.426296	0.418681	0.408502	0.395783	0.383696	0.376711	0.366845	0.353867	0.346073	0.340935	0.34025	0.343172	0.350919	0.352798	0.352016	0.353612	0.357537	0.350856	0.347357	0.35052	0.351505	0.348737	0.346494	0.354876	0.372065	0.37613	0.366175	0.369727	0.379003	0.401798	0.430077	0.410771	0.402538	0.408463	0.410799	0.439593	0.421932	0.432814	0.433056	0.458726	0.435786

46	0.410300	0.432674	0.408300	3.908329	-0.278032	-0.970134	0.142366	0.142366	0.142366	0.142366	0.142366	0.142366	0.142366	0.142156	0.141901	0.14154	0.141009	0.140655	0.140833	0.274093	0.369835	0.434117	0.476301	0.504038	0.518785	0.52761	0.532848	0.536081	0.537736	0.533409	0.530537	0.520806	0.517172	0.518358	0.528855	0.542785	0.552909	0.554024	0.551673	0.545425	0.534464	0.51462	0.505003	0.492702	0.475413	0.465477	0.461348	0.464364	0.467293	0.46463	0.45608	0.445017	0.431235	0.41521	0.400833	0.388119	0.380533	0.37911	0.384128	0.393991	0.405443	0.418477	0.433274	0.446734	0.455864	0.461294	0.462679	0.458885	0.456096	0.454748	0.451871	0.448527	0.441181	0.432039	0.419763	0.40801	0.396134	0.386449	0.381662	0.374574	0.367118	0.364569	0.362122	0.368553	0.372797	0.371976	0.368101	0.370393	0.377848	0.3765	0.377139	0.382454	0.385685	0.381127	0.368689	0.369759	0.388309	0.400877	0.39755	0.398034	0.407365	0.422555	0.41916	0.428552	0.393876	0.391521	0.411102	0.432237	0.457604	0.476378	0.472208	0.493652
47	0.406277	0.429519	0.405688	3.879827	-0.317638	-0.969963	0.131252	0.131252	0.131252	0.131252	0.131252	0.131252	0.131252	0.131031	0.130769	0.130408	0.12989	0.129533	0.12967	0.286512	0.359973	0.418206	0.47337	0.494543	0.513944	0.525764	0.531309	0.533871	0.536412	0.529757	0.525794	0.522279	0.520058	0.524024	0.529127	0.543278	0.550169	0.547455	0.536911	0.532511	0.528789	0.513756	0.495908	0.484336	0.475208	0.46903	0.465362	0.463867	0.463944	0.462715	0.455202	0.442459	0.426198	0.411832	0.398675	0.386454	0.380757	0.379245	0.383556	0.390515	0.402154	0.41752	0.431476	0.443184	0.452326	0.455002	0.45541	0.454158	0.451824	0.450724	0.448636	0.444372	0.439098	0.430406	0.418655	0.40643	0.39294	0.380006	0.373613	0.367779	0.36417	0.357402	0.355101	0.358036	0.367989	0.372484	0.368432	0.370602	0.369707	0.36191	0.364752	0.35808	0.348444	0.350845	0.352102	0.368285	0.372569	0.377288	0.386113	0.400184	0.411158	0.40218	0.390311	0.395681	0.398385	0.40376	0.400965	0.41142	0.401563	0.390919	0.428452	0.4449
48	0.404633	0.428210	0.399601	3.868005	-0.333076	-0.875421	0.0330895	0.0330895	0.0330895	0.0330895	0.0330895	0.0330895	0.0330895	0.0327552	0.0324031	0.0320187	0.0315882	0.0311909	0.030923	0.233555	0.341557	0.411102	0.465244	0.49797	0.518218	0.52846	0.533194	0.535635	0.535885	0.526532	0.524925	0.517247	0.513646	0.518847	0.530306	0.549992	0.55172	0.54308	0.530913	0.525378	0.517316	0.507562	0.490237	0.481248	0.468065	0.461451	0.459698	0.459815	0.461261	0.460396	0.451026	0.439881	0.427354	0.412706	0.398161	0.38689	0.379232	0.378286	0.382765	0.389809	0.402385	0.416722	0.430402	0.442298	0.452806	0.45588	0.456174	0.456313	0.453375	0.449942	0.446024	0.442729	0.439279	0.430893	0.419132	0.404801	0.388124	0.380555	0.372489	0.361719	0.358775	0.357208	0.358924	0.364312	0.365967	0.366775	0.36223	0.363045	0.370305	0.370248	0.368662	0.37007	0.368182	0.356336	0.344876	0.347252	0.370358	0.386171	0.391609	0.392	0.36934	0.381929	0.411641	0.42457	0.405722	0.408161	0.412323	0.391739	0.39782	0.414213	0.414726	0.457247
49	0.403303	0.427079	0.401693	3.857786	-0.342746	-0.932549	0.100542	0.100542	0.100542	0.100542	0.100542	0.100542	0.100542	0.100287	0.0999985	0.0996318	0.0991426	0.098775	0.0987834	0.232255	0.349515	0.421133	0.465357	0.494921	0.518633	0.529186	0.532148	0.532658	0.531655	0.52695	0.522289	0.517254	0.515329	0.513361	0.521144	0.540546	0.545994	0.549524	0.542285	0.533491	0.522609	0.510288	0.498001	0.490386	0.47147	0.458043	0.454849	0.454937	0.458924	0.459244	0.451653	0.441445	0.426781	0.411516	0.396305	0.383719	0.378467	0.377079	0.380779	0.389461	0.402857	0.416575	0.430115	0.443522	0.451786	0.454746	0.456281	0.453052	0.449756	0.447125	0.445696	0.442848	0.433311	0.423692	0.412867	0.401804	0.391168	0.380326	0.370866	0.364623	0.359342	0.354703	0.352207	0.360463	0.365517	0.367849	0.366153	0.361664	0.35774	0.358997	0.367716	0.356729	0.340884	0.342864	0.339794	0.341754	0.349272	0.357698	0.363344	0.361985	0.374197	0.397485	0.39632	0.388312	0.399729	0.38959	0.392941	0.390286	0.404493	0.412599	0.413764	0.433928
50	0.405211	0.428618	0.402475	3.871691	-0.325601	-0.923326	0.0821758	0.0821758	0.0821758	0.0821758	0.0821758	0.0821758	0.0821758	0.0818985	0.0815919	0.0812195	0.0807455	0.080369	0.0803035	0.2538	0.361404	0.430588	0.472315	0.500166	0.516708	0.524138	0.530368	0.533303	0.531644	0.524636	0.522427	0.515985	0.517451	0.52201	0.531594	0.545895	0.54796	0.541034	0.537536	0.53086	0.519269	0.50777	0.49492	0.487014	0.475731	0.467996	0.46285	0.463225	0.461671	0.458785	0.451766	0.441163	0.429683	0.4117	0.39737	0.385739	0.377839	0.37629	0.380851	0.390929	0.404343	0.416264	0.431195	0.443178	0.45129	0.455457	0.453475	0.452311	0.451638	0.45072	0.449457	0.445347	0.438293	0.429236	0.418121	0.40814	0.395293	0.383745	0.374325	0.366754	0.363245	0.355679	0.354246	0.359986	0.36606	0.359825	0.357945	0.362	0.36227	0.358633	0.359685	0.361136	0.360449	0.36337	0.355449	0.357438	0.358114	0.372023	0.395666	0.405971	0.407835	0.392993	0.423214	0.449141	0.432447	0.412855	0.415313	0.423735	0.423473	0.414178	0.412806	0.436138

51	0.436302	0.462581	0.433599	4.178475	-0.392506	-0.982000	0.136141	0.136141	0.136141	0.136141	0.136141	0.136141	0.136141	0.135899	0.135613	0.135225	0.134673	0.134288	0.134417	0.313445	0.403083	0.450418	0.496517	0.52401	0.546484	0.560566	0.565923	0.568997	0.569743	0.566449	0.567643	0.56014	0.558355	0.560213	0.566839	0.576413	0.580644	0.579264	0.57899	0.576875	0.559265	0.54502	0.541577	0.532158	0.517512	0.505366	0.499484	0.500762	0.499486	0.493775	0.48568	0.477963	0.463257	0.446431	0.430306	0.419357	0.412609	0.409062	0.410411	0.419849	0.435015	0.45033	0.465853	0.48003	0.490558	0.493072	0.492864	0.488777	0.484345	0.485825	0.483009	0.474415	0.466853	0.458371	0.450075	0.441435	0.428269	0.412485	0.401009	0.394434	0.38969	0.380684	0.373601	0.379572	0.390275	0.393123	0.386233	0.385928	0.389975	0.383759	0.385072	0.397675	0.396611	0.375536	0.384324	0.388795	0.396031	0.407116	0.414421	0.414887	0.444203	0.449922	0.436458	0.44551	0.474295	0.456287	0.447939	0.451114	0.457944	0.454721	0.465466	0.483719
52	0.438108	0.463890	0.438378	4.190301	-0.370517	-1.051854	0.19943	0.19943	0.19943	0.19943	0.19943	0.19943	0.19943	0.19926	0.199032	0.198658	0.198048	0.197688	0.198074	0.316742	0.40675	0.468333	0.501368	0.521735	0.547676	0.562971	0.568485	0.571276	0.56873	0.569043	0.570475	0.566473	0.562779	0.562262	0.565497	0.577051	0.583594	0.586169	0.587744	0.577315	0.565281	0.550811	0.54425	0.531734	0.518231	0.515232	0.51199	0.504599	0.500485	0.498135	0.491773	0.477424	0.463117	0.445931	0.431643	0.419022	0.409427	0.409057	0.413708	0.422462	0.435861	0.451514	0.466587	0.478012	0.486939	0.491023	0.489634	0.489102	0.489012	0.485528	0.480696	0.473564	0.466372	0.460967	0.451473	0.439034	0.4257	0.410761	0.404273	0.395759	0.387991	0.385341	0.383507	0.386959	0.397113	0.394654	0.38839	0.396295	0.404224	0.398942	0.395864	0.39773	0.40004	0.39491	0.377766	0.395485	0.422825	0.427354	0.439594	0.442873	0.422426	0.433883	0.442855	0.443561	0.432162	0.441325	0.46548	0.463783	0.472719	0.510558	0.503827	0.540127
53	0.433456	0.460445	0.429301	4.159181	-0.424267	-0.934137	0.105589	0.105589	0.105589	0.105589	0.105589	0.105589	0.105589	0.105313	0.105001	0.104607	0.104084	0.103688	0.103689	0.261966	0.370911	0.451388	0.498492	0.528541	0.550703	0.55774	0.562099	0.56635	0.567179	0.566654	0.561589	0.551841	0.544912	0.554199	0.566102	0.57555	0.584601	0.588884	0.582528	0.572881	0.556553	0.542182	0.532234	0.520646	0.511715	0.502729	0.500088	0.501516	0.498937	0.49239	0.485053	0.475047	0.461481	0.444463	0.429183	0.417147	0.409059	0.406664	0.408327	0.419089	0.432568	0.450966	0.466212	0.478532	0.486387	0.490584	0.490759	0.490606	0.486497	0.483194	0.481079	0.473235	0.464428	0.455623	0.442792	0.430064	0.420177	0.409056	0.39735	0.389801	0.384438	0.382063	0.377891	0.378694	0.390155	0.387533	0.388188	0.393854	0.389629	0.381397	0.38768	0.394953	0.391296	0.375811	0.372565	0.382355	0.395646	0.396829	0.399541	0.409483	0.411009	0.418417	0.407315	0.418424	0.425674	0.407524	0.413144	0.412774	0.424245	0.450686	0.504612	0.5612
54	0.434224	0.461424	0.429616	4.168024	-0.431351	-0.924831	0.0760405	0.0760405	0.0760405	0.0760405	0.0760405	0.0760405	0.0760405	0.0757287	0.0753882	0.0749855	0.0744874	0.074078	0.0739555	0.24887	0.375267	0.462445	0.502987	0.527969	0.547473	0.560105	0.565787	0.569146	0.5695	0.564829	0.565293	0.556021	0.546392	0.552825	0.567279	0.577337	0.579669	0.58573	0.58845	0.57888	0.567515	0.550064	0.540066	0.528719	0.516181	0.505966	0.494969	0.49772	0.498978	0.494535	0.490301	0.481021	0.466234	0.446366	0.427596	0.417228	0.409365	0.406219	0.409591	0.417979	0.432816	0.44846	0.464552	0.47861	0.486058	0.488859	0.488115	0.487951	0.484896	0.484997	0.479431	0.473767	0.46625	0.457882	0.447661	0.43616	0.423616	0.413223	0.404614	0.390432	0.380254	0.379027	0.377112	0.380074	0.389623	0.392482	0.394176	0.394186	0.389825	0.391174	0.396795	0.396289	0.385093	0.379537	0.376269	0.385906	0.394092	0.401391	0.408777	0.40616	0.418903	0.422808	0.413344	0.395252	0.437507	0.428674	0.417018	0.452159	0.468951	0.479915	0.486209	0.539783
55	0.437680	0.463704	0.436726	4.188625	-0.380609	-1.023552	0.181368	0.181368	0.181368	0.181368	0.181368	0.181368	0.181368	0.181177	0.180933	0.180555	0.179962	0.179595	0.17991	0.337165	0.405458	0.451593	0.498904	0.528053	0.550904	0.561726	0.565357	0.568197	0.57099	0.568329	0.565797	0.558428	0.555526	0.561506	0.566645	0.574498	0.5824	0.590791	0.589788	0.581938	0.568771	0.551796	0.545533	0.529556	0.511439	0.504225	0.501601	0.503172	0.506271	0.501512	0.491553	0.47779	0.461575	0.446496	0.432136	0.417206	0.409124	0.407174	0.40897	0.421676	0.438251	0.453217	0.46926	0.480053	0.489378	0.493886	0.4934	0.489756	0.485202	0.482953	0.483807	0.479769	0.469744	0.459539	0.449618	0.440043	0.424508	0.40791	0.401548	0.395531	0.3878	0.382885	0.379126	0.381713	0.391311	0.395654	0.398633	0.400841	0.401979	0.393232	0.391328	0.394907	0.393063	0.382516	0.371129	0.388233	0.399928	0.413443	0.427585	0.410268	0.399582	0.409077	0.420304	0.45708	0.467734	0.458137	0.450956	0.470753	0.488223	0.527193	0.533998	0.589084

56	0.468060	0.496772	0.468303	4.487327	-0.441338	-1.104716	0.225052	0.225052	0.225052	0.225052	0.225052	0.225052	0.225052	0.224884	0.224651	0.224254	0.223592	0.223212	0.223674	0.35029	0.433102	0.498721	0.533209	0.562492	0.586917	0.60282	0.606681	0.606871	0.606805	0.606948	0.604142	0.598962	0.595088	0.598754	0.614462	0.625396	0.625242	0.621129	0.613925	0.607678	0.601196	0.597592	0.587601	0.569856	0.553667	0.545431	0.545385	0.541893	0.535392	0.530915	0.524706	0.518926	0.502469	0.482711	0.464989	0.452713	0.443115	0.43895	0.441257	0.450888	0.462449	0.477878	0.495241	0.511112	0.526157	0.532634	0.533268	0.529158	0.525258	0.520035	0.515008	0.506308	0.495444	0.485667	0.473638	0.465851	0.456834	0.441613	0.429199	0.422554	0.413062	0.408333	0.407703	0.407073	0.41044	0.417327	0.421893	0.423312	0.423124	0.424747	0.426021	0.431151	0.428819	0.416243	0.412451	0.415292	0.42239	0.439346	0.449248	0.458157	0.475013	0.472792	0.482503	0.484151	0.475928	0.485054	0.511796	0.487712	0.485603	0.507986	0.498454	0.570827
57	0.464110	0.493796	0.460635	4.460445	-0.484990	-1.006297	0.15587	0.15587	0.15587	0.15587	0.15587	0.15587	0.15587	0.155625	0.155331	0.15492	0.154323	0.153918	0.1541	0.33843	0.415371	0.483325	0.52574	0.554709	0.581425	0.599935	0.604047	0.605135	0.604738	0.601262	0.596303	0.597246	0.594567	0.589623	0.603151	0.612815	0.610933	0.607427	0.606123	0.599804	0.594283	0.588203	0.578126	0.571838	0.561188	0.549197	0.541118	0.538144	0.531124	0.530072	0.522803	0.511342	0.497939	0.480759	0.464356	0.448632	0.43804	0.437475	0.439469	0.448382	0.460037	0.477823	0.493818	0.509933	0.521451	0.527742	0.526705	0.526179	0.526371	0.522398	0.515082	0.503896	0.493438	0.483774	0.47485	0.464082	0.452045	0.441776	0.429069	0.418364	0.407371	0.404123	0.401126	0.399977	0.403509	0.411573	0.417652	0.415831	0.419325	0.41783	0.410369	0.411654	0.418857	0.403105	0.39651	0.394131	0.408047	0.417762	0.410726	0.405019	0.429641	0.446205	0.467506	0.479869	0.465164	0.447701	0.430626	0.431523	0.435809	0.468457	0.461427	0.510587
58	0.466900	0.496945	0.463217	4.488886	-0.494915	-1.006004	0.135499	0.135499	0.135499	0.135499	0.135499	0.135499	0.135499	0.135227	0.134911	0.134491	0.133909	0.133492	0.133585	0.322864	0.433276	0.489518	0.529361	0.557635	0.582359	0.604868	0.609109	0.610449	0.610177	0.607792	0.600796	0.597406	0.590658	0.595581	0.613022	0.62074	0.612872	0.610102	0.609387	0.61259	0.602769	0.600053	0.587333	0.56832	0.556762	0.549217	0.543841	0.543171	0.540846	0.534553	0.527444	0.51485	0.502544	0.483835	0.465494	0.450965	0.443859	0.440616	0.443807	0.452347	0.463825	0.479383	0.495477	0.508553	0.522287	0.532152	0.531175	0.528206	0.522363	0.519227	0.515189	0.510179	0.500446	0.487438	0.479058	0.466942	0.455587	0.445847	0.431103	0.419455	0.413349	0.411854	0.405594	0.401095	0.408307	0.418735	0.416508	0.413654	0.415646	0.415036	0.41726	0.415088	0.411166	0.404798	0.413639	0.414894	0.423285	0.438339	0.446625	0.455471	0.464321	0.446821	0.458536	0.461909	0.46869	0.472624	0.491287	0.451619	0.414707	0.4324	0.492184	0.561301
59	0.467187	0.495549	0.468260	4.476276	-0.428958	-1.122952	0.234588	0.234588	0.234588	0.234588	0.234588	0.234588	0.234588	0.234432	0.234209	0.233814	0.233145	0.232771	0.233272	0.348386	0.446342	0.506024	0.540721	0.560358	0.586318	0.605692	0.608676	0.608183	0.605022	0.600948	0.599401	0.601193	0.593794	0.59941	0.611913	0.618015	0.620062	0.617964	0.61072	0.607389	0.595725	0.59527	0.583952	0.56738	0.555066	0.542732	0.536681	0.538993	0.537269	0.532138	0.529224	0.518023	0.500835	0.481007	0.464959	0.449013	0.438699	0.438307	0.442287	0.450522	0.462289	0.47805	0.49439	0.510468	0.523458	0.529903	0.530469	0.528063	0.523684	0.5181	0.512689	0.505815	0.49527	0.483847	0.47438	0.46727	0.456253	0.444538	0.431799	0.419948	0.40872	0.404093	0.405853	0.402577	0.412654	0.424755	0.42238	0.417721	0.414747	0.413746	0.424504	0.433404	0.420219	0.406663	0.404894	0.422433	0.442846	0.43602	0.431072	0.433195	0.454112	0.466496	0.467038	0.446832	0.476331	0.496746	0.470312	0.463641	0.447917	0.457259	0.528596	0.558682
60	0.463489	0.494251	0.458585	4.464555	-0.527765	-0.960502	0.0862432	0.0862432	0.0862432	0.0862432	0.0862432	0.0862432	0.0862432	0.0859159	0.0855568	0.0851278	0.0845911	0.0841558	0.0840484	0.297353	0.408193	0.478423	0.524293	0.550959	0.58077	0.600464	0.603524	0.605848	0.607514	0.60472	0.602287	0.603643	0.594985	0.594686	0.609391	0.615616	0.615459	0.612153	0.606671	0.602082	0.59518	0.590934	0.583439	0.566912	0.55405	0.548694	0.547319	0.542263	0.532355	0.527963	0.52343	0.515936	0.500299	0.482947	0.4655	0.447695	0.437965	0.436135	0.441781	0.450092	0.462388	0.478244	0.493131	0.507039	0.521634	0.529439	0.529272	0.527074	0.521588	0.5149	0.5129	0.5057	0.494712	0.485686	0.476107	0.465407	0.454188	0.441678	0.427644	0.416008	0.408895	0.404014	0.400845	0.400183	0.407464	0.415546	0.420491	0.410904	0.411824	0.404327	0.410313	0.415106	0.40467	0.387762	0.385751	0.40324	0.41863	0.42823	0.431176	0.422904	0.428889	0.427042	0.424295	0.443267	0.433482	0.433406	0.428617	0.42652	0.46184	0.470736	0.451329	0.480754

61	0.496087	0.528029	0.497895	4.769663	-0.526537	-1.176616	0.232746	0.232746	0.232746	0.232746	0.232746	0.232746	0.232746	0.23256	0.232307	0.231883	0.231185	0.23078	0.231246	0.386027	0.483021	0.540621	0.57748	0.597862	0.616107	0.630525	0.638555	0.643128	0.647153	0.643299	0.639965	0.640953	0.63445	0.635124	0.643687	0.662826	0.668352	0.654799	0.652416	0.650303	0.643681	0.640558	0.63356	0.613	0.597805	0.590449	0.583285	0.577567	0.572997	0.566401	0.562881	0.555035	0.537971	0.517291	0.496254	0.48183	0.472101	0.464369	0.465301	0.474565	0.488834	0.504911	0.522848	0.539001	0.551193	0.559797	0.566141	0.566534	0.562464	0.557435	0.548351	0.535734	0.524462	0.513118	0.504935	0.496643	0.483673	0.470033	0.454661	0.445718	0.438531	0.428288	0.428464	0.428375	0.43111	0.441317	0.44131	0.438906	0.440397	0.443032	0.442901	0.445167	0.451719	0.446458	0.427986	0.431337	0.457477	0.469741	0.483222	0.487789	0.491251	0.504573	0.506011	0.517269	0.499821	0.5114	0.506518	0.51762	0.525026	0.536554	0.617113	0.658261
62	0.495619	0.528266	0.498624	4.771803	-0.554679	-1.186690	0.263509	0.263509	0.263509	0.263509	0.263509	0.263509	0.263509	0.263359	0.263134	0.262718	0.261993	0.261601	0.262192	0.387919	0.476773	0.539348	0.573169	0.594115	0.618953	0.633354	0.640173	0.644169	0.64586	0.644899	0.642085	0.632223	0.629095	0.641133	0.651374	0.653829	0.656201	0.654636	0.656039	0.654057	0.652195	0.640057	0.622973	0.614532	0.603043	0.59354	0.587726	0.578354	0.572362	0.571435	0.565278	0.554294	0.53864	0.516357	0.499751	0.484482	0.470736	0.463639	0.466483	0.475855	0.489934	0.506788	0.523824	0.540559	0.552167	0.55939	0.56666	0.566657	0.55955	0.553707	0.546126	0.536692	0.524037	0.511591	0.499927	0.49294	0.482257	0.470977	0.45669	0.448145	0.438913	0.429359	0.427033	0.424974	0.425964	0.440346	0.445884	0.4388	0.438576	0.431031	0.434613	0.445471	0.442073	0.423037	0.418378	0.443852	0.449985	0.459642	0.478224	0.481116	0.473072	0.489935	0.488443	0.489324	0.516301	0.497171	0.465275	0.514943	0.538797	0.548209	0.574329	0.625287
63	0.494979	0.526644	0.497773	4.757153	-0.517367	-1.195891	0.249987	0.249987	0.249987	0.249987	0.249987	0.249987	0.249987	0.249822	0.249586	0.249168	0.248456	0.248059	0.248597	0.394593	0.487177	0.541713	0.57098	0.591975	0.616449	0.63179	0.639387	0.643851	0.64711	0.648042	0.639293	0.638284	0.636728	0.635555	0.647601	0.655022	0.657434	0.652734	0.651919	0.640447	0.627547	0.629278	0.624106	0.612591	0.601394	0.59123	0.581824	0.575888	0.56888	0.565033	0.560974	0.553282	0.536137	0.515604	0.497022	0.479897	0.470623	0.466687	0.466141	0.474703	0.488164	0.506651	0.523645	0.538812	0.55155	0.560514	0.5646	0.56367	0.559336	0.553078	0.545395	0.533194	0.519664	0.511854	0.502673	0.493263	0.48151	0.470152	0.458208	0.445167	0.436771	0.431382	0.42983	0.427457	0.424653	0.43517	0.43856	0.43606	0.440427	0.440437	0.441019	0.442916	0.438507	0.43634	0.42509	0.437659	0.458692	0.461129	0.476491	0.498989	0.489539	0.484233	0.486253	0.506266	0.496073	0.481923	0.501854	0.546996	0.567958	0.565718	0.542971	0.588111
64	0.493081	0.526190	0.493137	4.753059	-0.576381	-1.115423	0.188001	0.188001	0.188001	0.188001	0.188001	0.188001	0.188001	0.187765	0.187472	0.187039	0.186383	0.18596	0.186243	0.36015	0.452544	0.522589	0.563027	0.589028	0.615927	0.631389	0.638802	0.642102	0.641623	0.640485	0.636671	0.637915	0.636209	0.642454	0.652916	0.66153	0.658147	0.655014	0.650314	0.638631	0.636703	0.634098	0.625317	0.613696	0.598009	0.588887	0.587383	0.579188	0.567836	0.564363	0.561091	0.548997	0.534716	0.515287	0.497185	0.480514	0.468631	0.463819	0.467106	0.475083	0.488322	0.505428	0.524236	0.540707	0.552333	0.55839	0.563514	0.562078	0.559499	0.555279	0.546469	0.53422	0.523844	0.51136	0.497641	0.488789	0.477322	0.465733	0.45404	0.441608	0.433798	0.431149	0.42758	0.421944	0.424404	0.435366	0.441032	0.437272	0.435548	0.436605	0.438827	0.451342	0.449838	0.441576	0.428435	0.421117	0.442117	0.466466	0.467815	0.467928	0.4635	0.458712	0.464532	0.458781	0.463155	0.520966	0.537088	0.517548	0.517316	0.514429	0.513659	0.598124
65	0.493455	0.526557	0.492914	4.756371	-0.575533	-1.105486	0.183544	0.183544	0.183544	0.183544	0.183544	0.183544	0.183544	0.183303	0.183006	0.182571	0.181919	0.181494	0.18176	0.365368	0.467119	0.52352	0.570215	0.592545	0.613956	0.63018	0.639298	0.642361	0.644764	0.639852	0.63465	0.636492	0.635475	0.6343	0.646545	0.660789	0.655425	0.656955	0.6462	0.639004	0.640657	0.630432	0.620293	0.609767	0.597031	0.590634	0.588054	0.577016	0.570157	0.568608	0.564986	0.554496	0.53453	0.516688	0.496743	0.481537	0.473175	0.466396	0.466395	0.475702	0.488638	0.505015	0.522828	0.537493	0.550133	0.557081	0.561776	0.561297	0.556144	0.552408	0.547983	0.536233	0.523241	0.512239	0.49969	0.491702	0.479857	0.467702	0.455515	0.441863	0.432751	0.426957	0.423311	0.422608	0.428029	0.440803	0.446219	0.438924	0.445932	0.44972	0.44664	0.447347	0.443203	0.433479	0.427748	0.442699	0.456519	0.467068	0.473685	0.453644	0.453539	0.463721	0.4827	0.506186	0.498858	0.463167	0.480192	0.500366	0.510087	0.519636	0.548231	0.590978

66	0.515647	0.551300	0.517770	4.979876	-0.642801	-1.189416	0.179158	0.179158	0.179158	0.179158	0.179158	0.179158	0.179158	0.178889	0.178565	0.178107	0.177435	0.176984	0.177206	0.36105	0.47484	0.550314	0.593078	0.617304	0.640536	0.657288	0.667044	0.671363	0.672918	0.673041	0.669802	0.67237	0.672168	0.6755	0.686346	0.700395	0.706634	0.702299	0.697891	0.686745	0.673697	0.657374	0.652329	0.640915	0.633557	0.630284	0.614168	0.601111	0.59971	0.59694	0.590537	0.577983	0.56256	0.545029	0.519407	0.498361	0.488876	0.481854	0.484883	0.495395	0.51238	0.529245	0.546206	0.56167	0.576621	0.586391	0.589603	0.591297	0.586522	0.577926	0.572261	0.562316	0.547708	0.535407	0.520804	0.510911	0.503528	0.490878	0.478855	0.463132	0.451959	0.445001	0.440241	0.439997	0.440013	0.447766	0.452769	0.450392	0.456074	0.456542	0.455669	0.458443	0.465246	0.455217	0.441129	0.449071	0.465487	0.469446	0.484851	0.50132	0.500855	0.481001	0.481234	0.503354	0.534601	0.538534	0.516623	0.517648	0.542765	0.562536	0.606961	0.597532
67	0.517878	0.552585	0.521449	4.991484	-0.602751	-1.238863	0.287132	0.287132	0.287132	0.287132	0.287132	0.287132	0.287132	0.286989	0.286765	0.286333	0.285565	0.285159	0.285826	0.407665	0.486729	0.559061	0.597066	0.619872	0.641204	0.658025	0.666774	0.672221	0.673001	0.67249	0.66586	0.670175	0.667425	0.667266	0.675884	0.693926	0.69719	0.693058	0.684565	0.67938	0.677475	0.669448	0.657948	0.641345	0.631498	0.624621	0.61568	0.602228	0.595865	0.598735	0.595374	0.583295	0.565905	0.544014	0.521311	0.5048	0.492368	0.486852	0.488508	0.498549	0.512595	0.52793	0.546373	0.565753	0.577654	0.582111	0.58949	0.590822	0.585702	0.579809	0.574416	0.562882	0.548234	0.533273	0.51768	0.509421	0.502708	0.4901	0.475406	0.46734	0.457992	0.44997	0.449221	0.447179	0.445176	0.451452	0.463456	0.46232	0.463157	0.461622	0.459997	0.462633	0.465527	0.469224	0.45481	0.459598	0.478838	0.494494	0.487671	0.487767	0.514714	0.524585	0.504534	0.498913	0.535191	0.548081	0.510588	0.532297	0.559523	0.548538	0.547069	0.585038
68	0.512027	0.548349	0.512819	4.953217	-0.674065	-1.141906	0.187323	0.187323	0.187323	0.187323	0.187323	0.187323	0.187323	0.187067	0.186754	0.186301	0.185625	0.185182	0.185438	0.337818	0.448624	0.527861	0.579605	0.612705	0.635822	0.652288	0.663646	0.670032	0.671088	0.669954	0.665258	0.65993	0.661222	0.668971	0.681736	0.700796	0.700063	0.699598	0.68493	0.683239	0.676471	0.661841	0.648813	0.636714	0.627072	0.617356	0.607638	0.598827	0.595326	0.594755	0.591777	0.581026	0.562323	0.539308	0.518434	0.501005	0.487169	0.481611	0.483422	0.493775	0.509316	0.52651	0.544232	0.562465	0.572842	0.577469	0.581212	0.584966	0.582425	0.575419	0.567168	0.557184	0.546465	0.532055	0.516428	0.506254	0.497224	0.488039	0.474277	0.459768	0.450477	0.444298	0.439449	0.438905	0.441757	0.450752	0.456969	0.453063	0.454899	0.450741	0.448011	0.450951	0.458763	0.446362	0.423637	0.434481	0.448472	0.459708	0.470789	0.47379	0.461158	0.447445	0.466472	0.490718	0.479248	0.499911	0.50479	0.528588	0.569327	0.558593	0.544298	0.547662
69	0.516031	0.551164	0.517392	4.978647	-0.621979	-1.184391	0.216438	0.216438	0.216438	0.216438	0.216438	0.216438	0.216438	0.216214	0.215926	0.215478	0.214774	0.21434	0.21472	0.412841	0.46941	0.54634	0.595682	0.616018	0.637019	0.656387	0.665524	0.668623	0.673721	0.673382	0.665619	0.664546	0.668567	0.674952	0.679073	0.692836	0.695111	0.695292	0.68423	0.675349	0.666142	0.661548	0.653557	0.641491	0.630679	0.619966	0.607615	0.599574	0.598601	0.597999	0.593853	0.582168	0.564018	0.541982	0.520713	0.502018	0.489423	0.486409	0.486892	0.495063	0.511227	0.53062	0.546913	0.559802	0.573595	0.584361	0.588886	0.589648	0.585197	0.579906	0.574918	0.564292	0.549058	0.536345	0.5246	0.512873	0.501312	0.487849	0.476752	0.466658	0.455635	0.444743	0.442387	0.43728	0.438241	0.455436	0.457892	0.450144	0.455914	0.462249	0.458443	0.45192	0.450026	0.447177	0.441817	0.438169	0.456452	0.469017	0.475141	0.472918	0.492848	0.514717	0.477222	0.475566	0.500916	0.487762	0.490215	0.485044	0.494735	0.493067	0.537604	0.615643
70	0.515777	0.551216	0.518668	4.979111	-0.634246	-1.207688	0.208847	0.208847	0.208847	0.208847	0.208847	0.208847	0.208847	0.208613	0.208317	0.207866	0.207168	0.20673	0.207075	0.382157	0.476314	0.548069	0.597055	0.619645	0.640493	0.658222	0.666874	0.67039	0.673835	0.673348	0.66812	0.667721	0.672596	0.674669	0.685033	0.69675	0.69568	0.692231	0.692003	0.690737	0.685115	0.667644	0.655778	0.643737	0.627664	0.619757	0.611682	0.602735	0.598459	0.595154	0.593131	0.582662	0.561646	0.541613	0.520393	0.501021	0.488829	0.483191	0.485733	0.496671	0.510107	0.529018	0.547513	0.562402	0.576267	0.584578	0.590233	0.590043	0.58683	0.581443	0.571849	0.559397	0.547416	0.534833	0.519055	0.505809	0.499547	0.491063	0.476694	0.460748	0.451709	0.44294	0.443132	0.445592	0.444709	0.45505	0.460756	0.456842	0.461185	0.458861	0.455532	0.459339	0.447592	0.443686	0.458929	0.461162	0.470189	0.471801	0.457848	0.474994	0.484876	0.491382	0.491372	0.489273	0.486662	0.508873	0.516412	0.5095	0.555316	0.59286	0.613307	0.617121

71	0.539704	0.576392	0.542480	5.206528	-0.648290	-1.265150	0.266088	0.266088	0.266088	0.266088	0.266088	0.266088	0.266088	0.2659	0.265636	0.265177	0.264405	0.263969	0.264527	0.412601	0.506368	0.57958	0.619519	0.648096	0.671125	0.686703	0.693576	0.698315	0.700134	0.696826	0.693486	0.698029	0.700914	0.699761	0.707052	0.72197	0.727486	0.725559	0.722599	0.716561	0.707716	0.695041	0.686249	0.67385	0.663323	0.653699	0.640205	0.62904	0.626935	0.625198	0.620472	0.610425	0.590155	0.56566	0.539106	0.519837	0.50932	0.504502	0.505969	0.516532	0.533128	0.553177	0.573691	0.591232	0.604848	0.611873	0.614724	0.615745	0.617569	0.613105	0.600275	0.585843	0.570861	0.556198	0.544261	0.530946	0.519617	0.511468	0.499014	0.484224	0.472302	0.467551	0.462661	0.465914	0.468609	0.473796	0.478957	0.475265	0.477406	0.478741	0.476206	0.477939	0.4775	0.473877	0.478155	0.481204	0.493852	0.502224	0.500047	0.496479	0.498411	0.510171	0.52436	0.518463	0.532335	0.532005	0.542605	0.5609	0.584733	0.566565	0.579633	0.643753
72	0.538913	0.577175	0.538730	5.213596	-0.710708	-1.182177	0.243068	0.243068	0.243068	0.243068	0.243068	0.243068	0.243068	0.242853	0.242568	0.242104	0.241353	0.240907	0.241366	0.362185	0.4669	0.565407	0.618761	0.645009	0.667803	0.683722	0.694136	0.695979	0.697151	0.696416	0.694255	0.694778	0.694546	0.696615	0.708369	0.722846	0.728768	0.727555	0.720649	0.717723	0.713392	0.701232	0.689274	0.675117	0.664936	0.654206	0.64176	0.630036	0.624573	0.627115	0.625852	0.612134	0.59347	0.569726	0.545102	0.523489	0.510584	0.503931	0.506922	0.515531	0.531926	0.551897	0.574706	0.592732	0.605087	0.610618	0.61325	0.616609	0.616266	0.611342	0.601139	0.588174	0.572263	0.556186	0.541754	0.531519	0.52115	0.51179	0.501002	0.486514	0.47599	0.467093	0.459265	0.462716	0.465012	0.466208	0.475508	0.479125	0.475403	0.470347	0.472193	0.477867	0.482425	0.479189	0.467393	0.469135	0.481832	0.493829	0.507371	0.517977	0.520835	0.493041	0.464454	0.508569	0.509047	0.505598	0.547637	0.563815	0.564144	0.590327	0.629911	0.661622
73	0.537481	0.575897	0.538072	5.202053	-0.718776	-1.189645	0.20678	0.20678	0.20678	0.20678	0.20678	0.20678	0.20678	0.206524	0.206205	0.205733	0.205015	0.204555	0.204871	0.399512	0.508681	0.576284	0.618994	0.642109	0.664709	0.682718	0.692062	0.696243	0.696778	0.695818	0.691348	0.694144	0.695099	0.699308	0.707287	0.718297	0.723525	0.728057	0.71882	0.708181	0.70337	0.69138	0.68496	0.674557	0.66631	0.654972	0.642325	0.632391	0.629207	0.627869	0.623886	0.6123	0.591308	0.56554	0.541932	0.521513	0.50937	0.504904	0.507353	0.517797	0.533484	0.552927	0.573133	0.589714	0.601798	0.608268	0.611927	0.614551	0.614305	0.607342	0.598124	0.585707	0.570521	0.554472	0.541496	0.529618	0.520008	0.508853	0.495892	0.485621	0.477165	0.466046	0.463709	0.462986	0.457059	0.464618	0.473012	0.471031	0.477151	0.479956	0.4752	0.471206	0.470043	0.467888	0.453665	0.473639	0.483922	0.488922	0.491364	0.496351	0.503822	0.498843	0.499416	0.513022	0.507023	0.509444	0.545368	0.557788	0.553742	0.564181	0.609828	0.654448
74	0.538718	0.576568	0.539748	5.208122	-0.695012	-1.210829	0.263042	0.263042	0.263042	0.263042	0.263042	0.263042	0.263042	0.262851	0.262585	0.262127	0.261359	0.260922	0.261465	0.377328	0.483541	0.558953	0.611105	0.639408	0.661285	0.680711	0.6924	0.695483	0.698085	0.696406	0.690117	0.695225	0.697593	0.699977	0.713808	0.732092	0.737081	0.733385	0.727232	0.717874	0.705732	0.698286	0.686842	0.674595	0.661233	0.650867	0.64024	0.628293	0.625727	0.626558	0.620767	0.609747	0.593788	0.568873	0.54131	0.521753	0.510302	0.505659	0.506387	0.516308	0.535832	0.55383	0.572065	0.591872	0.603655	0.610978	0.61415	0.614221	0.61449	0.60807	0.598499	0.588142	0.572179	0.55626	0.544332	0.531146	0.521388	0.509389	0.498045	0.486695	0.473869	0.466139	0.463688	0.463336	0.462696	0.467917	0.4755	0.477832	0.484327	0.482839	0.476009	0.472985	0.472622	0.471468	0.470457	0.484047	0.486498	0.473784	0.499322	0.494241	0.469825	0.477371	0.502588	0.507082	0.512438	0.513772	0.550696	0.584472	0.548402	0.524426	0.557301	0.596373
75	0.538096	0.575563	0.543733	5.199038	-0.680936	-1.301726	0.317549	0.317549	0.317549	0.317549	0.317549	0.317549	0.317549	0.317422	0.317207	0.316762	0.315946	0.315533	0.316306	0.448422	0.52683	0.592553	0.623777	0.639726	0.666502	0.683774	0.694889	0.698091	0.698814	0.693854	0.686498	0.688933	0.689415	0.695817	0.709458	0.72394	0.728347	0.72399	0.714679	0.708454	0.704465	0.699894	0.689216	0.681173	0.66997	0.654172	0.639129	0.630022	0.624872	0.623925	0.620215	0.607742	0.590501	0.567059	0.542424	0.522902	0.508994	0.50547	0.508052	0.518934	0.534643	0.552998	0.572262	0.590191	0.602462	0.60977	0.614338	0.613575	0.610607	0.604833	0.595961	0.583604	0.570586	0.559867	0.54377	0.526189	0.519475	0.511711	0.499662	0.484873	0.473027	0.463963	0.458065	0.457424	0.453285	0.464307	0.471534	0.467948	0.462548	0.460761	0.469518	0.477161	0.472392	0.46849	0.466215	0.464415	0.477267	0.493148	0.499332	0.491644	0.481142	0.493664	0.509229	0.495238	0.507901	0.520899	0.51278	0.540263	0.582867	0.613762	0.648658	0.664441

76	0.564933	0.605687	0.569700	5.471147	-0.770135	-1.322819	0.298323	0.298323	0.298323	0.298323	0.298323	0.298323	0.298323	0.298148	0.297888	0.297412	0.296585	0.296136	0.296802	0.465043	0.545705	0.607762	0.64719	0.672659	0.698053	0.716684	0.724508	0.72858	0.728676	0.728117	0.723954	0.724242	0.732676	0.738357	0.749428	0.759405	0.764486	0.765199	0.763283	0.752463	0.744171	0.741234	0.731228	0.724722	0.713793	0.692125	0.671225	0.663468	0.661268	0.663441	0.656326	0.642081	0.619425	0.593541	0.57001	0.548851	0.536299	0.530898	0.531403	0.54287	0.561069	0.579673	0.601821	0.621171	0.63518	0.641105	0.642445	0.644722	0.643938	0.640567	0.631966	0.614654	0.597447	0.582572	0.564726	0.550428	0.538343	0.531254	0.521591	0.509871	0.497766	0.487422	0.483469	0.487033	0.485006	0.481123	0.490544	0.494888	0.497898	0.510047	0.501285	0.501022	0.510696	0.492106	0.492123	0.501093	0.518698	0.530214	0.538024	0.539567	0.539403	0.523387	0.539938	0.557198	0.55231	0.540577	0.559484	0.572122	0.608483	0.649022	0.68801	0.706305
77	0.564477	0.604772	0.569219	5.462883	-0.752949	-1.327997	0.333562	0.333562	0.333562	0.333562	0.333562	0.333562	0.333562	0.333429	0.333204	0.332737	0.331881	0.331447	0.332258	0.455801	0.524672	0.608054	0.648056	0.668681	0.694347	0.714817	0.72485	0.727417	0.727052	0.725731	0.723334	0.723385	0.725345	0.729655	0.74563	0.76406	0.769684	0.771933	0.767021	0.760613	0.748402	0.731324	0.717149	0.714287	0.70458	0.685341	0.668708	0.662503	0.660709	0.661498	0.658366	0.643735	0.620641	0.595085	0.570241	0.549876	0.535125	0.529673	0.532936	0.54214	0.559114	0.579949	0.600654	0.618514	0.6321	0.63804	0.640917	0.64208	0.641316	0.638623	0.627551	0.615177	0.602274	0.584575	0.566592	0.551981	0.541015	0.530777	0.518977	0.507964	0.497186	0.489068	0.4823	0.48266	0.480828	0.481423	0.494145	0.494454	0.499902	0.508828	0.505622	0.501577	0.503061	0.506092	0.494845	0.498266	0.512057	0.528121	0.538722	0.536085	0.549573	0.546313	0.545029	0.559851	0.541207	0.550966	0.57674	0.579998	0.607273	0.624881	0.622723	0.630541
78	0.564254	0.604014	0.569243	5.456039	-0.732443	-1.340252	0.327731	0.327731	0.327731	0.327731	0.327731	0.327731	0.327731	0.327592	0.327361	0.326893	0.326043	0.325607	0.326396	0.469148	0.536935	0.598152	0.652263	0.676586	0.697702	0.714136	0.723031	0.726326	0.727529	0.727032	0.723724	0.725901	0.728655	0.729693	0.743599	0.752075	0.758005	0.76706	0.761228	0.756543	0.749334	0.740198	0.731368	0.720291	0.702274	0.687547	0.669191	0.660098	0.658275	0.658609	0.65501	0.639186	0.61604	0.593366	0.568065	0.544247	0.530727	0.527744	0.532887	0.543881	0.561134	0.580431	0.601712	0.621039	0.634472	0.637724	0.638553	0.63945	0.640211	0.637032	0.628094	0.615659	0.601387	0.583881	0.566433	0.551253	0.540261	0.530227	0.519445	0.509233	0.498977	0.487887	0.482858	0.483572	0.484457	0.489723	0.503162	0.500977	0.494495	0.499138	0.50021	0.500692	0.497824	0.48971	0.484564	0.495655	0.511677	0.516869	0.519949	0.523053	0.521753	0.531891	0.53692	0.543551	0.552012	0.550232	0.565454	0.594452	0.626873	0.611703	0.636164	0.650983
79	0.562394	0.602939	0.567530	5.446324	-0.765662	-1.324654	0.287906	0.287906	0.287906	0.287906	0.287906	0.287906	0.287906	0.287721	0.287454	0.286977	0.286162	0.28571	0.286335	0.450771	0.52658	0.604717	0.649732	0.672667	0.697864	0.713644	0.722826	0.725559	0.727152	0.726986	0.724023	0.728673	0.732413	0.738601	0.747256	0.753675	0.756288	0.761504	0.761479	0.750791	0.736317	0.735091	0.733556	0.725191	0.703444	0.682921	0.66814	0.663907	0.662138	0.660094	0.654029	0.637384	0.614718	0.590931	0.567542	0.546756	0.533205	0.529044	0.531451	0.541216	0.556513	0.57928	0.599625	0.618395	0.632464	0.638714	0.639648	0.63895	0.639633	0.635912	0.625607	0.612566	0.597041	0.578785	0.564311	0.550503	0.537291	0.529371	0.51875	0.506653	0.493019	0.486941	0.485642	0.483044	0.485416	0.486459	0.494274	0.491984	0.495668	0.501316	0.491025	0.487902	0.485983	0.490172	0.490276	0.490773	0.50741	0.520954	0.526619	0.535404	0.527391	0.513856	0.497312	0.4889	0.533937	0.566758	0.576391	0.596818	0.646262	0.669242	0.6983	0.657028
80	0.563939	0.604122	0.568155	5.457012	-0.749347	-1.318023	0.289123	0.289123	0.289123	0.289123	0.289123	0.289123	0.289123	0.288938	0.288671	0.288194	0.287377	0.286924	0.287553	0.446233	0.533817	0.613982	0.653919	0.674307	0.694569	0.714434	0.724997	0.727651	0.728492	0.727662	0.727137	0.725985	0.729148	0.734452	0.746572	0.755725	0.757664	0.766705	0.763972	0.753716	0.7382	0.730662	0.728171	0.71852	0.702297	0.686958	0.665205	0.65833	0.659919	0.658329	0.655509	0.640021	0.616826	0.592412	0.566841	0.548954	0.536195	0.529699	0.531553	0.540238	0.559171	0.582339	0.602163	0.620276	0.636091	0.643498	0.642693	0.642465	0.641461	0.639525	0.628004	0.614439	0.597556	0.581377	0.565593	0.549674	0.538223	0.531359	0.521568	0.51055	0.497281	0.487288	0.479173	0.480447	0.481926	0.478761	0.491757	0.499089	0.495534	0.500359	0.492957	0.497714	0.502015	0.497023	0.493898	0.500068	0.508568	0.526569	0.524	0.522734	0.546134	0.556043	0.532385	0.531552	0.54009	0.562676	0.590069	0.6262	0.619268	0.617038	0.626416	0.678961

81	0.586580	0.630195	0.587928	5.692525	-0.850255	-1.285277	0.239899	0.239899	0.239899	0.239899	0.239899	0.239899	0.239899	0.239635	0.2393	0.238787	0.23799	0.237492	0.237894	0.439405	0.530154	0.610402	0.671762	0.704378	0.727855	0.74567	0.754157	0.759313	0.758842	0.757704	0.757066	0.753597	0.759515	0.764736	0.772647	0.785975	0.797403	0.797562	0.789054	0.783899	0.774967	0.77044	0.766157	0.755426	0.735335	0.716243	0.699341	0.693209	0.691322	0.690178	0.68611	0.669072	0.647632	0.620851	0.592756	0.570031	0.55796	0.553311	0.556118	0.56633	0.581337	0.600815	0.621981	0.644548	0.661353	0.668956	0.668368	0.666727	0.666128	0.662551	0.656156	0.642104	0.624207	0.607221	0.592101	0.57704	0.561987	0.552085	0.543399	0.532042	0.517745	0.50918	0.504445	0.502128	0.501031	0.501299	0.514445	0.519421	0.511919	0.518167	0.518488	0.51471	0.517306	0.518478	0.505727	0.493175	0.507319	0.53288	0.532363	0.527253	0.528302	0.538049	0.561806	0.572033	0.574608	0.582141	0.583992	0.588797	0.59682	0.614267	0.642756	0.619262
82	0.583575	0.627507	0.581617	5.668247	-0.866937	-1.207990	0.184189	0.184189	0.184189	0.184189	0.184189	0.184189	0.184189	0.183863	0.183479	0.182955	0.182209	0.181691	0.18186	0.359061	0.503883	0.609166	0.669651	0.695295	0.723896	0.743219	0.752236	0.757791	0.75831	0.756506	0.752875	0.748002	0.753299	0.766444	0.777557	0.788428	0.791254	0.789362	0.78267	0.773364	0.765192	0.764539	0.76174	0.752946	0.732025	0.705216	0.688656	0.684788	0.688456	0.690699	0.684596	0.666824	0.64312	0.615875	0.588346	0.5683	0.555647	0.549909	0.55496	0.565679	0.581197	0.60008	0.623197	0.643605	0.658361	0.665953	0.665642	0.666676	0.66521	0.661124	0.653623	0.644455	0.627236	0.606635	0.587765	0.573378	0.55964	0.547301	0.536896	0.524392	0.517189	0.508293	0.503153	0.498807	0.496588	0.500462	0.507799	0.514066	0.510851	0.505712	0.506957	0.504437	0.510195	0.509347	0.50013	0.509342	0.528507	0.534733	0.524065	0.523536	0.546189	0.555225	0.558593	0.536218	0.545637	0.565078	0.548187	0.561369	0.620254	0.618455	0.615404	0.623503
83	0.587201	0.630010	0.589981	5.690857	-0.817973	-1.326918	0.270327	0.270327	0.270327	0.270327	0.270327	0.270327	0.270327	0.270098	0.269792	0.269286	0.268462	0.267978	0.268505	0.456612	0.531656	0.624653	0.674025	0.703006	0.724395	0.744356	0.754085	0.758304	0.759873	0.759458	0.75576	0.752751	0.761779	0.768722	0.78137	0.792317	0.797233	0.795328	0.786237	0.778441	0.77477	0.769319	0.757327	0.750296	0.736899	0.716168	0.702518	0.695538	0.693868	0.690677	0.684909	0.664823	0.641715	0.61537	0.590483	0.571195	0.558446	0.554082	0.556106	0.56633	0.582343	0.601135	0.62113	0.643639	0.661009	0.668648	0.669835	0.671058	0.668512	0.664429	0.658174	0.643773	0.624532	0.607179	0.589921	0.575504	0.563401	0.552226	0.542635	0.531384	0.517301	0.508892	0.504848	0.500935	0.500583	0.504797	0.512501	0.51311	0.512676	0.512008	0.513114	0.524064	0.528736	0.516617	0.499626	0.497138	0.517909	0.549284	0.556087	0.532161	0.521798	0.534559	0.534334	0.570104	0.585296	0.594244	0.59175	0.56819	0.588131	0.623447	0.680844	0.701769
84	0.586474	0.629009	0.591370	5.681818	-0.808372	-1.368726	0.297475	0.297475	0.297475	0.297475	0.297475	0.297475	0.297475	0.297278	0.296998	0.2965	0.295652	0.29518	0.295819	0.455837	0.540958	0.625793	0.677641	0.702278	0.725323	0.744105	0.752702	0.755705	0.755928	0.754578	0.755423	0.753219	0.759703	0.769298	0.783358	0.796329	0.808694	0.801317	0.79485	0.784393	0.773302	0.77065	0.760151	0.751077	0.737182	0.713292	0.696497	0.686008	0.682543	0.687063	0.684315	0.665893	0.643619	0.61705	0.59032	0.570811	0.557426	0.550979	0.554109	0.564859	0.582259	0.603431	0.623971	0.643164	0.658438	0.66764	0.669795	0.66898	0.666572	0.663829	0.655534	0.64002	0.625164	0.608984	0.593053	0.575894	0.560807	0.549567	0.539213	0.525213	0.51567	0.509024	0.502319	0.496936	0.499388	0.504257	0.513235	0.518394	0.51573	0.510216	0.512229	0.514764	0.513109	0.508229	0.498369	0.497731	0.506371	0.527146	0.539246	0.534071	0.539005	0.559478	0.545597	0.538407	0.548276	0.56567	0.562408	0.569943	0.605929	0.606108	0.624651	0.669712
85	0.584951	0.628528	0.587650	5.677470	-0.851122	-1.305989	0.255456	0.255456	0.255456	0.255456	0.255456	0.255456	0.255456	0.255211	0.254892	0.254385	0.253575	0.253086	0.253551	0.427988	0.535183	0.625075	0.67417	0.698506	0.721895	0.742837	0.753163	0.759328	0.758923	0.756066	0.752308	0.752421	0.759912	0.765231	0.776806	0.785427	0.794771	0.795876	0.790362	0.780086	0.769702	0.767926	0.761228	0.749142	0.734022	0.710711	0.693175	0.689456	0.690173	0.691137	0.685447	0.666142	0.640104	0.614366	0.592302	0.57289	0.558783	0.55226	0.556558	0.567444	0.581842	0.601832	0.62451	0.643162	0.658682	0.668307	0.668058	0.665384	0.664252	0.660522	0.653236	0.639585	0.623411	0.605345	0.587784	0.575134	0.561166	0.55273	0.543278	0.528117	0.515064	0.50553	0.497085	0.496408	0.49815	0.50332	0.514031	0.506891	0.502741	0.506446	0.506662	0.516484	0.51162	0.498837	0.493916	0.502753	0.507455	0.506064	0.509142	0.528977	0.532267	0.531614	0.546117	0.559228	0.571191	0.590728	0.603094	0.609524	0.626986	0.647306	0.681769	0.684751

86	0.612103	0.658133	0.616896	5.944892	-0.907390	-1.397075	0.285975	0.285975	0.285975	0.285975	0.285975	0.285975	0.285975	0.285741	0.285424	0.284897	0.284034	0.283529	0.284095	0.477252	0.578673	0.646712	0.695055	0.728819	0.753909	0.772878	0.785223	0.78954	0.790798	0.790382	0.790948	0.791954	0.798173	0.810047	0.81624	0.828452	0.841969	0.833729	0.825624	0.819452	0.814895	0.812225	0.8037	0.787921	0.767542	0.746866	0.733142	0.728027	0.7253	0.727426	0.71779	0.697841	0.672933	0.645579	0.620596	0.599191	0.584555	0.57809	0.576826	0.585494	0.604256	0.626961	0.649667	0.672691	0.687581	0.69749	0.701676	0.70167	0.697372	0.692629	0.685655	0.671235	0.652432	0.635462	0.617801	0.599397	0.584047	0.569586	0.558443	0.54898	0.540272	0.531656	0.525938	0.521482	0.520517	0.523983	0.534621	0.542204	0.534333	0.533361	0.534676	0.530351	0.529415	0.529162	0.518501	0.52372	0.530639	0.540464	0.558039	0.574002	0.590758	0.594115	0.581999	0.579684	0.59536	0.607687	0.598154	0.60101	0.597509	0.630241	0.65258	0.666296
87	0.608912	0.655065	0.610791	5.917175	-0.916791	-1.329604	0.250708	0.250708	0.250708	0.250708	0.250708	0.250708	0.250708	0.250435	0.250088	0.249556	0.248726	0.248209	0.248629	0.423174	0.545594	0.640093	0.690486	0.725532	0.753781	0.774848	0.785369	0.787497	0.787268	0.786144	0.786051	0.783661	0.789493	0.803139	0.81271	0.827119	0.831341	0.826586	0.819278	0.808997	0.811715	0.802918	0.792779	0.78744	0.770434	0.746114	0.728235	0.719737	0.720527	0.721777	0.711933	0.692124	0.668818	0.643205	0.617283	0.5962	0.582416	0.576095	0.578044	0.587274	0.605028	0.626768	0.64784	0.667563	0.684644	0.695254	0.699324	0.696419	0.690666	0.687538	0.68138	0.671104	0.648826	0.628824	0.613327	0.595695	0.580222	0.567956	0.562017	0.551358	0.539979	0.529724	0.520774	0.519557	0.522931	0.51956	0.524371	0.536018	0.53254	0.529873	0.536461	0.539139	0.540896	0.53365	0.529847	0.525299	0.52661	0.535819	0.538268	0.552543	0.559951	0.565767	0.570471	0.580318	0.593189	0.601681	0.600648	0.597508	0.611664	0.644819	0.688535	0.714893
88	0.610885	0.656757	0.616578	5.932460	-0.902969	-1.412499	0.311578	0.311578	0.311578	0.311578	0.311578	0.311578	0.311578	0.311375	0.311083	0.310564	0.309679	0.309187	0.309859	0.47452	0.562487	0.644561	0.697439	0.726437	0.754982	0.773786	0.781217	0.784559	0.78452	0.789337	0.793227	0.789719	0.80293	0.81123	0.815852	0.834507	0.836819	0.826527	0.826991	0.820084	0.808859	0.807473	0.798417	0.783994	0.766218	0.743323	0.726748	0.722621	0.72352	0.72379	0.714462	0.696399	0.672292	0.645161	0.622315	0.59967	0.584079	0.577391	0.578357	0.588412	0.604884	0.626947	0.649407	0.669395	0.685977	0.696799	0.699966	0.698609	0.69657	0.690288	0.683249	0.673122	0.654705	0.632598	0.61154	0.592258	0.576484	0.567611	0.5615	0.55263	0.541758	0.530519	0.520322	0.515244	0.520324	0.524412	0.528343	0.535974	0.532445	0.531619	0.531379	0.536058	0.5467	0.536258	0.518256	0.521857	0.530114	0.552888	0.555621	0.55029	0.54143	0.54264	0.563851	0.572008	0.582505	0.588722	0.585695	0.592853	0.611794	0.650526	0.689861	0.69798
89	0.611446	0.657150	0.617058	5.936009	-0.895623	-1.415455	0.339808	0.339808	0.339808	0.339808	0.339808	0.339808	0.339808	0.339637	0.339372	0.338859	0.337949	0.337469	0.338254	0.455469	0.563338	0.643651	0.697197	0.72986	0.753281	0.771283	0.782549	0.788394	0.789582	0.78962	0.7879	0.786609	0.797361	0.803264	0.816381	0.835819	0.839302	0.825507	0.821279	0.816577	0.817442	0.813797	0.805061	0.793321	0.76806	0.743869	0.728431	0.722622	0.723766	0.72389	0.71396	0.697632	0.672264	0.646962	0.618626	0.596985	0.584126	0.576331	0.578824	0.589462	0.605219	0.624831	0.648199	0.670985	0.687247	0.697499	0.701702	0.70074	0.69333	0.686285	0.68091	0.67204	0.655727	0.637324	0.61581	0.594927	0.579886	0.571714	0.563148	0.550598	0.539797	0.526411	0.522458	0.518964	0.522721	0.523261	0.53047	0.540615	0.539773	0.539862	0.530139	0.532694	0.535406	0.523779	0.515213	0.513226	0.530276	0.552077	0.571612	0.572641	0.56998	0.548387	0.544878	0.554207	0.554828	0.584521	0.598469	0.61486	0.626255	0.641433	0.656637	0.690581
90	0.612870	0.658493	0.617526	5.948142	-0.890430	-1.403359	0.311554	0.311554	0.311554	0.311554	0.311554	0.311554	0.311554	0.31135	0.311056	0.310535	0.309649	0.309155	0.309824	0.465515	0.553446	0.638245	0.692328	0.727348	0.756519	0.774654	0.784234	0.789498	0.79086	0.789815	0.789797	0.790311	0.800455	0.810133	0.823636	0.843351	0.846663	0.838826	0.827054	0.81748	0.811536	0.802404	0.801967	0.791467	0.764848	0.742623	0.729523	0.726288	0.726125	0.723806	0.714325	0.695992	0.675085	0.648831	0.621539	0.600668	0.585654	0.578571	0.577918	0.588952	0.60653	0.629306	0.653031	0.674752	0.688319	0.697809	0.700711	0.695687	0.691966	0.689792	0.684643	0.675061	0.656451	0.637168	0.617145	0.597621	0.580438	0.570615	0.564262	0.554121	0.542009	0.531161	0.525615	0.520058	0.523597	0.525297	0.536242	0.545641	0.536722	0.534151	0.535981	0.537012	0.538587	0.539019	0.540795	0.535743	0.540759	0.54498	0.55954	0.575006	0.587573	0.593979	0.58825	0.596368	0.59664	0.580694	0.621719	0.661927	0.684494	0.670541	0.690463	0.732111

91	0.633696	0.682652	0.637976	6.166369	-0.990092	-1.413218	0.273417	0.273417	0.273417	0.273417	0.273417	0.273417	0.273417	0.273148	0.272798	0.272246	0.271371	0.270838	0.27133	0.483723	0.576087	0.658215	0.717044	0.754848	0.778534	0.798603	0.811524	0.816649	0.819684	0.82042	0.820885	0.816497	0.82678	0.841603	0.857121	0.863368	0.869257	0.875126	0.863053	0.853894	0.849803	0.849154	0.83899	0.818833	0.796275	0.775495	0.755521	0.752277	0.756143	0.751781	0.743403	0.72506	0.699465	0.672284	0.645619	0.621909	0.604473	0.59681	0.599521	0.611102	0.629593	0.651638	0.673801	0.695838	0.713988	0.722038	0.726565	0.727872	0.72072	0.712747	0.705603	0.696331	0.681801	0.662208	0.64176	0.623145	0.607401	0.590706	0.578533	0.572471	0.560973	0.547908	0.540426	0.534738	0.531984	0.537477	0.543618	0.5478	0.545341	0.548502	0.550808	0.545966	0.55206	0.563039	0.544119	0.531788	0.546403	0.560554	0.570629	0.57724	0.582742	0.598892	0.59846	0.586145	0.581155	0.59664	0.622943	0.63065	0.649763	0.687921	0.728912	0.745578
92	0.634682	0.683228	0.639429	6.171569	-0.972700	-1.431669	0.312561	0.312561	0.312561	0.312561	0.312561	0.312561	0.312561	0.312337	0.312023	0.311481	0.310571	0.310055	0.310707	0.494135	0.56557	0.661041	0.714635	0.753962	0.779639	0.798772	0.810669	0.817555	0.821007	0.820421	0.819172	0.816357	0.824345	0.841582	0.854796	0.861768	0.871532	0.879887	0.870763	0.856014	0.852556	0.846121	0.837466	0.819418	0.79355	0.770136	0.758497	0.753274	0.752185	0.754276	0.744763	0.725483	0.698758	0.672699	0.647802	0.622363	0.605366	0.598657	0.599759	0.61043	0.630512	0.653093	0.676456	0.697851	0.715735	0.72552	0.725162	0.725123	0.722577	0.713702	0.704637	0.692993	0.679351	0.661771	0.642451	0.621504	0.603718	0.588871	0.57694	0.570868	0.564638	0.554434	0.547465	0.542833	0.541341	0.545577	0.548803	0.555976	0.5529	0.549593	0.551006	0.551793	0.556081	0.556938	0.546343	0.531684	0.534583	0.555359	0.570544	0.576052	0.597303	0.608814	0.603166	0.607739	0.61689	0.604671	0.5954	0.605632	0.627518	0.659611	0.676873	0.697065
93	0.631014	0.681104	0.631060	6.152386	-1.038140	-1.306734	0.200647	0.200647	0.200647	0.200647	0.200647	0.200647	0.200647	0.200295	0.199879	0.199311	0.198503	0.197941	0.198131	0.415144	0.545805	0.650603	0.710645	0.752466	0.779349	0.799336	0.810294	0.814579	0.817708	0.815403	0.810772	0.812248	0.825318	0.842051	0.853587	0.862215	0.8696	0.865328	0.847303	0.847268	0.850797	0.850209	0.840678	0.816683	0.786505	0.766698	0.753784	0.754132	0.75575	0.753375	0.743165	0.724131	0.698639	0.671214	0.645745	0.621287	0.604962	0.596195	0.596186	0.606456	0.627547	0.65206	0.673764	0.696201	0.712257	0.722255	0.725281	0.725338	0.721828	0.71329	0.703428	0.691691	0.678702	0.660098	0.639836	0.619191	0.602857	0.589777	0.576865	0.569732	0.559181	0.545951	0.539846	0.534743	0.534146	0.535034	0.539189	0.551396	0.552516	0.551528	0.549844	0.541882	0.548578	0.551025	0.536872	0.522924	0.538885	0.552053	0.56086	0.570273	0.564187	0.555741	0.561105	0.555462	0.55111	0.565246	0.611815	0.641699	0.633102	0.625775	0.63962	0.691965
94	0.633669	0.682469	0.636613	6.164718	-0.984078	-1.390312	0.292703	0.292703	0.292703	0.292703	0.292703	0.292703	0.292703	0.292457	0.292125	0.291579	0.290688	0.290164	0.290734	0.46747	0.578344	0.659509	0.709792	0.747622	0.780579	0.798883	0.811217	0.817624	0.819489	0.81719	0.814027	0.814807	0.824536	0.838427	0.847915	0.859921	0.867911	0.870864	0.861777	0.855319	0.849586	0.839637	0.827524	0.816585	0.790828	0.771704	0.760371	0.756852	0.756115	0.754121	0.743173	0.722938	0.700587	0.674594	0.647343	0.62057	0.604727	0.59762	0.598052	0.608804	0.629204	0.654248	0.67712	0.696552	0.713337	0.721443	0.724439	0.724798	0.719999	0.714756	0.706615	0.695442	0.681392	0.659902	0.638978	0.620721	0.604736	0.590945	0.580016	0.573477	0.562371	0.550873	0.542078	0.538379	0.538672	0.542513	0.549623	0.555986	0.550375	0.543694	0.548504	0.551337	0.554755	0.550035	0.544777	0.53621	0.549523	0.562521	0.573651	0.572843	0.576765	0.579657	0.56572	0.591921	0.608259	0.600259	0.61307	0.614609	0.634213	0.637942	0.643628	0.67332
95	0.635062	0.683672	0.640285	6.175581	-0.974623	-1.440926	0.320172	0.320172	0.320172	0.320172	0.320172	0.320172	0.320172	0.319956	0.319649	0.319108	0.318192	0.317678	0.318362	0.504704	0.591257	0.673255	0.726482	0.75789	0.782514	0.800888	0.811814	0.817196	0.817931	0.817462	0.812604	0.811666	0.826177	0.838587	0.852927	0.865058	0.872368	0.873951	0.865051	0.851752	0.84412	0.840726	0.830138	0.818868	0.795612	0.774826	0.758541	0.753318	0.756881	0.755177	0.74537	0.726056	0.702953	0.678408	0.650301	0.623806	0.606381	0.599026	0.599192	0.611245	0.62943	0.652461	0.676007	0.698038	0.712569	0.722348	0.726471	0.727641	0.72424	0.716032	0.706388	0.696153	0.68107	0.662796	0.642117	0.62298	0.604703	0.588923	0.577412	0.569869	0.561408	0.554913	0.543934	0.539194	0.536659	0.541655	0.546294	0.550825	0.546647	0.556931	0.549233	0.545777	0.556365	0.557489	0.555341	0.539633	0.54331	0.566855	0.574137	0.564387	0.566709	0.598205	0.603826	0.608659	0.611224	0.609562	0.606227	0.632382	0.655714	0.650917	0.643885	0.685716

96	0.659449	0.711939	0.662345	6.430922	-1.090498	-1.417157	0.244577	0.244577	0.244577	0.244577	0.244577	0.244577	0.244577	0.244249	0.243847	0.243262	0.242386	0.241813	0.242158	0.479993	0.608406	0.679843	0.731622	0.782633	0.814632	0.82995	0.842523	0.849973	0.85298	0.858017	0.855853	0.846807	0.852406	0.872307	0.897423	0.904214	0.910417	0.906489	0.906085	0.902338	0.89627	0.888717	0.875934	0.85417	0.828975	0.808538	0.80076	0.79423	0.790876	0.783901	0.773089	0.757432	0.733669	0.702515	0.672997	0.64644	0.629447	0.620698	0.622451	0.635622	0.655721	0.678848	0.702304	0.724155	0.744206	0.754678	0.756761	0.756824	0.75394	0.745059	0.734868	0.721692	0.707671	0.691999	0.669333	0.647991	0.628525	0.612596	0.598752	0.590882	0.584276	0.575633	0.568198	0.557913	0.553499	0.558565	0.56285	0.57326	0.581013	0.579602	0.576168	0.57328	0.573498	0.566836	0.560568	0.56448	0.563087	0.577765	0.601226	0.596661	0.597588	0.604988	0.61028	0.627486	0.651323	0.656898	0.646212	0.656179	0.646265	0.638072	0.663055	0.728645
97	0.655573	0.708066	0.656830	6.395935	-1.096195	-1.373372	0.253664	0.253664	0.253664	0.253664	0.253664	0.253664	0.253664	0.25335	0.252961	0.252382	0.251502	0.250938	0.251322	0.457816	0.579991	0.670484	0.731984	0.779888	0.812183	0.828284	0.8407	0.846476	0.848454	0.849244	0.848722	0.843127	0.850031	0.866698	0.879419	0.883455	0.897589	0.903213	0.897386	0.886603	0.877794	0.872514	0.859843	0.846947	0.824266	0.802029	0.789552	0.790422	0.788436	0.780273	0.768877	0.753504	0.729043	0.701031	0.673705	0.646192	0.627033	0.621654	0.621949	0.633839	0.652567	0.674488	0.69941	0.723059	0.741903	0.751001	0.753515	0.755036	0.751436	0.743204	0.731439	0.719549	0.701531	0.67961	0.661849	0.641431	0.623535	0.611239	0.597216	0.589911	0.580155	0.571838	0.561236	0.55693	0.553725	0.55698	0.557716	0.564409	0.567768	0.570188	0.57087	0.566525	0.574746	0.582309	0.560875	0.546296	0.547995	0.562761	0.572989	0.582743	0.599652	0.603242	0.595251	0.589952	0.626127	0.635332	0.612248	0.592492	0.612904	0.666762	0.665373	0.660661
98	0.658738	0.711332	0.659361	6.425432	-1.095525	-1.370287	0.252031	0.252031	0.252031	0.252031	0.252031	0.252031	0.252031	0.251713	0.25132	0.250738	0.249857	0.24929	0.249664	0.450732	0.582888	0.674944	0.72987	0.775649	0.809508	0.828777	0.83928	0.844861	0.848897	0.851375	0.849393	0.843081	0.851218	0.874564	0.900608	0.906939	0.910913	0.912036	0.907956	0.891522	0.883066	0.880263	0.86757	0.851312	0.829867	0.810192	0.798396	0.791298	0.789457	0.782299	0.775152	0.758756	0.734392	0.703192	0.670351	0.644041	0.628791	0.622138	0.622779	0.634373	0.653992	0.677838	0.702716	0.726592	0.745947	0.752265	0.757212	0.758467	0.752855	0.743432	0.733841	0.721115	0.707925	0.690421	0.667723	0.646045	0.629268	0.613429	0.597881	0.589037	0.583173	0.573361	0.565454	0.563221	0.5589	0.559945	0.563465	0.57552	0.575499	0.575176	0.585592	0.581945	0.57779	0.571493	0.564907	0.556397	0.572193	0.588306	0.583321	0.585402	0.599975	0.604183	0.60655	0.613922	0.630567	0.646118	0.640679	0.627344	0.601651	0.65952	0.735819	0.732645
99	0.659089	0.711186	0.661701	6.424114	-1.075661	-1.416746	0.265718	0.265718	0.265718	0.265718	0.265718	0.265718	0.265718	0.265416	0.265034	0.264455	0.263561	0.262999	0.26343	0.466741	0.604198	0.683947	0.73428	0.780531	0.811331	0.830622	0.842826	0.847796	0.850977	0.854902	0.853263	0.84543	0.855215	0.871416	0.895976	0.899297	0.906954	0.909717	0.899179	0.893132	0.886111	0.882721	0.872628	0.854688	0.830997	0.808261	0.795682	0.793011	0.790185	0.782524	0.771895	0.756326	0.73243	0.703587	0.67397	0.647395	0.629592	0.620097	0.622931	0.635929	0.654863	0.6787	0.703692	0.725146	0.740842	0.752745	0.755196	0.755921	0.753399	0.742121	0.730162	0.719847	0.708254	0.69065	0.66975	0.648178	0.626768	0.611595	0.598701	0.590434	0.585258	0.574752	0.564543	0.561005	0.559843	0.561382	0.565223	0.577068	0.578952	0.569898	0.575353	0.582663	0.584461	0.58085	0.567476	0.563973	0.574702	0.58836	0.601252	0.610774	0.615589	0.595818	0.595084	0.614755	0.629171	0.64321	0.649038	0.663072	0.673773	0.698466	0.707221	0.714273
100	0.659540	0.711984	0.662832	6.431325	-1.088564	-1.425657	0.301476	0.301476	0.301476	0.301476	0.301476	0.301476	0.301476	0.301215	0.300867	0.300297	0.299371	0.298824	0.299404	0.493727	0.614202	0.681158	0.731905	0.778125	0.808042	0.828013	0.840935	0.848108	0.851059	0.851932	0.848144	0.843229	0.853745	0.86986	0.88749	0.904813	0.908632	0.91157	0.904859	0.893174	0.887927	0.893125	0.879697	0.857047	0.831115	0.809589	0.801642	0.795023	0.794135	0.78697	0.772348	0.757829	0.733905	0.704247	0.673198	0.645625	0.629401	0.6206	0.622439	0.634034	0.653575	0.677741	0.703003	0.724655	0.74339	0.75612	0.759035	0.757875	0.752834	0.744536	0.734671	0.720589	0.705781	0.687403	0.667704	0.644805	0.626828	0.615134	0.603669	0.595018	0.585507	0.576183	0.566034	0.554877	0.552437	0.557082	0.562502	0.576252	0.57789	0.575273	0.583136	0.586029	0.584963	0.579409	0.568773	0.561251	0.569904	0.571122	0.579585	0.599375	0.605412	0.615231	0.597419	0.606538	0.632952	0.652754	0.649399	0.657361	0.670138	0.67368	0.680331	0.701695

101	0.690846	0.745474	0.694314	6.733839	-1.128332	-1.498462	0.348576	0.348576	0.348576	0.348576	0.348576	0.348576	0.348576	0.348342	0.348008	0.34742	0.346423	0.345864	0.346605	0.513305	0.606958	0.705929	0.766621	0.816648	0.848233	0.862778	0.874919	0.881881	0.882773	0.885514	0.886576	0.884761	0.893906	0.915636	0.936311	0.958209	0.964065	0.959186	0.955823	0.943331	0.93688	0.936526	0.919962	0.89568	0.869356	0.845668	0.831721	0.830157	0.825681	0.820059	0.811636	0.795371	0.767588	0.735772	0.703942	0.676324	0.657087	0.651035	0.652985	0.663103	0.685468	0.709629	0.734814	0.760017	0.777822	0.787105	0.79272	0.795017	0.790982	0.78217	0.768308	0.754998	0.740474	0.721291	0.700227	0.681637	0.663955	0.641797	0.62533	0.614428	0.611889	0.606153	0.595152	0.588518	0.582338	0.580457	0.58944	0.59531	0.602835	0.602459	0.604598	0.607485	0.606188	0.605609	0.602862	0.59627	0.592698	0.613404	0.639789	0.65427	0.655125	0.650778	0.6677	0.653609	0.636479	0.659841	0.712178	0.721448	0.73111	0.767581	0.775336	0.819448
102	0.690374	0.744926	0.697889	6.728888	-1.126055	-1.574494	0.396969	0.396969	0.396969	0.396969	0.396969	0.396969	0.396969	0.396791	0.396502	0.395925	0.394885	0.394346	0.395288	0.540424	0.624164	0.696325	0.754678	0.812266	0.848984	0.8643	0.876607	0.88503	0.887947	0.888662	0.890714	0.886932	0.895291	0.917902	0.942224	0.959885	0.965619	0.960934	0.955202	0.94796	0.944515	0.941695	0.925282	0.894834	0.869927	0.849966	0.834269	0.826919	0.822909	0.819184	0.809905	0.795604	0.76795	0.738046	0.706335	0.676928	0.658744	0.648697	0.650271	0.662429	0.685048	0.709075	0.734655	0.758664	0.776969	0.785753	0.788338	0.788998	0.787956	0.782033	0.769103	0.751873	0.735209	0.721536	0.701192	0.680503	0.662714	0.642115	0.627184	0.61328	0.605218	0.602111	0.592024	0.583297	0.583917	0.585727	0.588283	0.596281	0.60157	0.599368	0.610611	0.620767	0.614305	0.603626	0.582254	0.580862	0.596331	0.610807	0.624871	0.634989	0.64616	0.649076	0.644322	0.663372	0.659191	0.675542	0.70246	0.697092	0.720889	0.726819	0.725633	0.727374
103	0.684192	0.740085	0.684674	6.685162	-1.187207	-1.400391	0.263692	0.263692	0.263692	0.263692	0.263692	0.263692	0.263692	0.263364	0.262956	0.262352	0.261435	0.260846	0.261243	0.482632	0.608058	0.69115	0.748297	0.80906	0.843844	0.861699	0.872922	0.879145	0.880571	0.881677	0.882178	0.874171	0.878874	0.903986	0.927849	0.946696	0.950099	0.947199	0.941034	0.936857	0.92453	0.915102	0.901739	0.878975	0.86196	0.843339	0.830551	0.829158	0.822562	0.815439	0.809858	0.792036	0.761212	0.72899	0.698956	0.672071	0.654759	0.647723	0.649338	0.661715	0.684736	0.708429	0.733688	0.757768	0.776311	0.784118	0.785179	0.785039	0.781722	0.774268	0.759786	0.745808	0.734675	0.715956	0.691872	0.670449	0.654456	0.638531	0.621796	0.610449	0.604244	0.595736	0.591349	0.586819	0.583406	0.579901	0.583321	0.590076	0.594367	0.591018	0.594521	0.591986	0.586636	0.589818	0.574508	0.575003	0.600399	0.596498	0.599337	0.616802	0.617337	0.602526	0.608436	0.628026	0.622898	0.63544	0.63748	0.680381	0.684687	0.656108	0.654869	0.649057
104	0.683372	0.739267	0.685017	6.677770	-1.188435	-1.419607	0.248581	0.248581	0.248581	0.248581	0.248581	0.248581	0.248581	0.248235	0.247814	0.247206	0.246302	0.245707	0.246043	0.48727	0.616344	0.702076	0.758032	0.815169	0.844314	0.858022	0.872562	0.880141	0.880606	0.881308	0.88803	0.879512	0.877186	0.901802	0.924853	0.941693	0.946407	0.942431	0.938568	0.927629	0.926363	0.922945	0.908055	0.882209	0.863878	0.846829	0.832916	0.825703	0.823142	0.814282	0.803914	0.790291	0.761272	0.728702	0.700211	0.672037	0.653064	0.648319	0.647578	0.659036	0.680917	0.705463	0.732151	0.756683	0.77383	0.78146	0.785466	0.785919	0.78295	0.774552	0.76213	0.745192	0.730261	0.718013	0.695567	0.674147	0.655096	0.635721	0.620266	0.608692	0.601071	0.594759	0.585101	0.576121	0.570572	0.577624	0.581167	0.589277	0.591142	0.590402	0.591728	0.583365	0.591494	0.605419	0.582374	0.568558	0.582735	0.600708	0.618623	0.60626	0.59934	0.609455	0.61387	0.635002	0.664502	0.672309	0.669497	0.669526	0.671261	0.698045	0.68512	0.664779
105	0.684334	0.739375	0.686264	6.678749	-1.153837	-1.441464	0.318722	0.318722	0.318722	0.318722	0.318722	0.318722	0.318722	0.318459	0.318103	0.317513	0.316548	0.315982	0.316603	0.465059	0.591328	0.684015	0.751454	0.806355	0.841847	0.86011	0.872603	0.877543	0.879117	0.883149	0.886576	0.881696	0.886797	0.909714	0.930996	0.941056	0.938249	0.938512	0.93834	0.930037	0.927982	0.926438	0.90916	0.886685	0.861558	0.838528	0.829634	0.826238	0.823068	0.815161	0.803932	0.789106	0.7613	0.729179	0.696612	0.669985	0.651727	0.645567	0.649262	0.659006	0.680901	0.706976	0.731842	0.753748	0.772663	0.783388	0.787849	0.789232	0.786248	0.777046	0.762809	0.74571	0.731779	0.715558	0.693762	0.674179	0.652425	0.636018	0.620507	0.609885	0.60406	0.599742	0.59299	0.582762	0.57643	0.578463	0.584846	0.590422	0.594206	0.592992	0.591051	0.590413	0.595791	0.598339	0.592535	0.579479	0.583972	0.59495	0.597346	0.591122	0.598073	0.604721	0.60817	0.618513	0.610322	0.613306	0.653353	0.687383	0.67696	0.643828	0.637364	0.646951

106	0.719381	0.777723	0.722790	7.025141	-1.231680	-1.533847	0.403245	0.403245	0.403245	0.403245	0.403245	0.403245	0.403245	0.403049	0.402739	0.402137	0.401063	0.400499	0.401438	0.556845	0.63375	0.722366	0.786887	0.83689	0.868921	0.89328	0.910139	0.917841	0.919726	0.920356	0.921627	0.922759	0.927022	0.947731	0.970573	0.989389	1.00761	1.00991	1.00579	0.993881	0.984187	0.972421	0.95352	0.932263	0.907521	0.884279	0.875552	0.87148	0.862991	0.856773	0.849438	0.828625	0.801164	0.768318	0.736098	0.707716	0.686292	0.676233	0.681021	0.69319	0.713086	0.739435	0.768062	0.794567	0.815207	0.825438	0.826025	0.82512	0.821378	0.814634	0.80551	0.788345	0.767569	0.749967	0.732849	0.709974	0.687129	0.668281	0.649782	0.636148	0.630011	0.629958	0.624112	0.611229	0.606985	0.608311	0.614462	0.614103	0.622143	0.622598	0.62132	0.629476	0.62885	0.623109	0.624347	0.609836	0.607585	0.625266	0.653917	0.664056	0.658635	0.678316	0.690313	0.681646	0.679016	0.692379	0.697406	0.720088	0.744747	0.769282	0.796833	0.792241
107	0.717731	0.777438	0.719494	7.022573	-1.287240	-1.476049	0.310899	0.310899	0.310899	0.310899	0.310899	0.310899	0.310899	0.310595	0.310199	0.309574	0.308582	0.307978	0.308536	0.517071	0.646902	0.728417	0.784396	0.836123	0.869333	0.894918	0.911639	0.920026	0.918931	0.91852	0.91945	0.923676	0.931888	0.949058	0.973152	0.995985	1.00898	1.0055	0.993907	0.99212	0.988068	0.973075	0.954653	0.930843	0.910828	0.892375	0.879898	0.874456	0.866245	0.857166	0.847518	0.826991	0.798308	0.766611	0.73424	0.706867	0.685815	0.676613	0.679414	0.693075	0.715128	0.741309	0.767461	0.795119	0.81654	0.825139	0.827877	0.827765	0.822778	0.813311	0.801395	0.785066	0.765071	0.748008	0.730024	0.709186	0.686857	0.667694	0.650414	0.636306	0.628168	0.62262	0.614758	0.61163	0.603511	0.600937	0.606711	0.609136	0.618452	0.625514	0.627804	0.624489	0.625421	0.631007	0.62434	0.620158	0.61803	0.634888	0.656551	0.654715	0.66029	0.680591	0.685573	0.671821	0.67305	0.666673	0.67332	0.679405	0.704777	0.72463	0.729828	0.708478
108	0.717696	0.776929	0.721186	7.017973	-1.268812	-1.515921	0.3652	0.3652	0.3652	0.3652	0.3652	0.3652	0.3652	0.364959	0.364615	0.364003	0.362963	0.362383	0.363167	0.553874	0.639073	0.716705	0.780113	0.838761	0.87346	0.894848	0.909804	0.91735	0.919964	0.920834	0.918647	0.920212	0.928811	0.949448	0.974427	0.99478	1.0064	1.00717	0.994526	0.984387	0.977228	0.977502	0.95588	0.927951	0.905802	0.889768	0.881094	0.879354	0.86521	0.856072	0.849516	0.828379	0.798879	0.767371	0.736962	0.707151	0.685021	0.674931	0.678652	0.693569	0.714932	0.739813	0.768828	0.794731	0.813295	0.822086	0.824988	0.824681	0.820458	0.812459	0.802375	0.784626	0.761748	0.743803	0.727504	0.706156	0.685907	0.667491	0.647733	0.638906	0.633258	0.627888	0.622428	0.61184	0.606878	0.603424	0.607071	0.610929	0.620435	0.622062	0.627431	0.636753	0.635069	0.630859	0.626987	0.605132	0.608325	0.614615	0.634852	0.646891	0.663157	0.677046	0.668041	0.667255	0.670309	0.670966	0.683803	0.692902	0.709285	0.722528	0.724841	0.763836
109	0.715681	0.775425	0.715559	7.004385	-1.291629	-1.433100	0.28068	0.28068	0.28068	0.28068	0.28068	0.28068	0.28068	0.280342	0.27992	0.27929	0.278326	0.277712	0.278148	0.507874	0.632727	0.725391	0.78741	0.8326	0.866	0.893061	0.908746	0.916956	0.918383	0.918471	0.919092	0.919433	0.924649	0.944648	0.968457	0.989921	1.00768	1.00534	0.988367	0.974377	0.972715	0.970728	0.954173	0.930178	0.906243	0.885854	0.87549	0.870802	0.858454	0.850672	0.846011	0.82603	0.798676	0.766607	0.734074	0.707152	0.685906	0.676109	0.680111	0.693509	0.71358	0.739905	0.768324	0.794466	0.814149	0.822673	0.823419	0.822077	0.816733	0.81324	0.801493	0.782231	0.765455	0.747709	0.727297	0.705693	0.683901	0.66673	0.65021	0.635304	0.628668	0.620223	0.616129	0.610444	0.60546	0.603196	0.606203	0.610055	0.616987	0.614967	0.612333	0.620607	0.617868	0.628626	0.624988	0.604975	0.608905	0.627101	0.633635	0.652169	0.652435	0.644499	0.649809	0.664937	0.656573	0.671361	0.694559	0.703862	0.706786	0.732656	0.724382	0.749935
110	0.718289	0.777278	0.721230	7.021123	-1.258443	-1.511314	0.358687	0.358687	0.358687	0.358687	0.358687	0.358687	0.358687	0.358439	0.358088	0.357475	0.35644	0.355857	0.356612	0.533682	0.644268	0.735138	0.788015	0.836204	0.868774	0.895287	0.911331	0.918402	0.919073	0.917688	0.918472	0.922197	0.929175	0.950377	0.975148	0.998344	1.00855	0.999826	0.995271	0.986912	0.977391	0.971733	0.956895	0.929524	0.904723	0.8872	0.874481	0.871121	0.866756	0.859654	0.852357	0.83015	0.798802	0.767917	0.736446	0.708309	0.68647	0.677366	0.681035	0.693666	0.715463	0.742131	0.768989	0.792275	0.810362	0.82161	0.82351	0.82385	0.822159	0.815723	0.801686	0.784012	0.764663	0.749515	0.729584	0.706691	0.684539	0.667896	0.650916	0.637949	0.632881	0.632569	0.621048	0.611029	0.602719	0.602147	0.606794	0.610245	0.622972	0.624964	0.627784	0.633403	0.625187	0.627505	0.639652	0.628767	0.619237	0.640418	0.658735	0.676894	0.668371	0.648907	0.640901	0.66228	0.660225	0.664611	0.688924	0.731644	0.742961	0.745732	0.773623	0.793162

111	0.747493	0.809716	0.748051	7.314135	-1.342142	-1.509895	0.341435	0.341435	0.341435	0.341435	0.341435	0.341435	0.341435	0.341139	0.340745	0.340099	0.33905	0.33843	0.339082	0.523634	0.66834	0.761854	0.820318	0.867769	0.905264	0.930547	0.947999	0.95707	0.957847	0.955406	0.95341	0.9533	0.958904	0.976584	1.0097	1.03735	1.04778	1.05343	1.05148	1.04117	1.02647	1.00889	0.985464	0.965311	0.948713	0.92896	0.914659	0.902364	0.89338	0.893303	0.884901	0.863654	0.835318	0.80095	0.767352	0.738387	0.718063	0.707009	0.707984	0.720725	0.742303	0.770397	0.801095	0.827723	0.84813	0.859729	0.860945	0.859806	0.858101	0.848331	0.835974	0.820617	0.800106	0.776273	0.75562	0.736344	0.715709	0.698292	0.680535	0.664668	0.651615	0.645998	0.641302	0.641282	0.636089	0.630766	0.627298	0.625763	0.640112	0.654631	0.657703	0.655581	0.647307	0.644971	0.654836	0.656135	0.658459	0.656806	0.672342	0.679282	0.674346	0.673333	0.691058	0.689345	0.677759	0.680102	0.705834	0.729587	0.718675	0.73254	0.718088	0.73006
112	0.745506	0.807640	0.743531	7.295383	-1.341561	-1.458067	0.31173	0.31173	0.31173	0.31173	0.31173	0.31173	0.31173	0.311402	0.310981	0.310331	0.309311	0.30868	0.309213	0.517638	0.636402	0.739976	0.809018	0.857881	0.90136	0.928779	0.943482	0.952199	0.95647	0.958133	0.956022	0.953088	0.955261	0.975183	1.00745	1.03589	1.05058	1.05263	1.04432	1.02902	1.01575	1.00761	0.978721	0.961217	0.943686	0.928148	0.914678	0.900412	0.89479	0.890189	0.879089	0.86071	0.833779	0.798916	0.761741	0.735117	0.715996	0.705377	0.708309	0.720655	0.740155	0.769395	0.798341	0.825366	0.844332	0.856105	0.85901	0.857619	0.854323	0.846553	0.835082	0.819137	0.799503	0.776656	0.757455	0.737855	0.714885	0.694705	0.679589	0.664981	0.650653	0.644899	0.644251	0.64508	0.633878	0.62943	0.62827	0.633988	0.644934	0.649518	0.64137	0.640964	0.646831	0.655734	0.664803	0.648843	0.626554	0.62588	0.633105	0.64335	0.668042	0.664981	0.657169	0.667984	0.667559	0.695484	0.692279	0.685093	0.699337	0.711034	0.761001	0.725766
113	0.748886	0.810667	0.753510	7.322721	-1.322896	-1.596303	0.405027	0.405027	0.405027	0.405027	0.405027	0.405027	0.405027	0.404804	0.404467	0.403836	0.402729	0.402134	0.403049	0.568537	0.673484	0.761784	0.817414	0.866274	0.90536	0.931283	0.94782	0.9582	0.961492	0.960957	0.95902	0.958481	0.963344	0.984666	1.02145	1.04193	1.05102	1.05345	1.04972	1.04355	1.03291	1.01621	0.988829	0.964943	0.952905	0.934488	0.91799	0.904034	0.89893	0.895314	0.885082	0.86299	0.83471	0.798858	0.765588	0.737686	0.71765	0.707514	0.709111	0.723491	0.746134	0.774396	0.801064	0.828637	0.848322	0.860104	0.861845	0.858322	0.855508	0.84803	0.835682	0.819158	0.798157	0.776825	0.757675	0.736882	0.715845	0.697983	0.676352	0.665313	0.653997	0.651382	0.649052	0.640801	0.630777	0.629638	0.628597	0.629851	0.646394	0.661647	0.653296	0.654797	0.65502	0.657174	0.667047	0.639738	0.625962	0.645365	0.665503	0.6812	0.711315	0.720618	0.720653	0.709326	0.724722	0.723989	0.708316	0.733452	0.74475	0.739786	0.769618	0.825457
114	0.748224	0.810441	0.747896	7.320680	-1.340834	-1.495746	0.307044	0.307044	0.307044	0.307044	0.307044	0.307044	0.307044	0.306707	0.306279	0.305624	0.304605	0.303969	0.304481	0.53494	0.650467	0.748824	0.817325	0.863477	0.905091	0.932121	0.946962	0.956996	0.959628	0.959045	0.958857	0.960094	0.96105	0.984143	1.02132	1.04067	1.05337	1.05448	1.04783	1.03981	1.02471	1.01432	0.990141	0.966495	0.952049	0.931867	0.913293	0.902317	0.89858	0.895421	0.88484	0.863001	0.83316	0.799802	0.766539	0.738954	0.718813	0.708291	0.708043	0.72104	0.743029	0.770896	0.800424	0.827013	0.847383	0.860666	0.860141	0.858443	0.856292	0.848428	0.83774	0.822987	0.799678	0.777732	0.760517	0.741262	0.719033	0.6971	0.677242	0.663228	0.65261	0.649464	0.645162	0.64443	0.632661	0.63298	0.636007	0.636495	0.64536	0.649709	0.649998	0.660029	0.667982	0.662088	0.664581	0.65755	0.645122	0.663642	0.683558	0.684388	0.684488	0.698485	0.713247	0.71198	0.697903	0.713127	0.73135	0.721276	0.705846	0.684111	0.721774	0.758709
115	0.746345	0.808230	0.745958	7.300714	-1.330645	-1.494115	0.320776	0.320776	0.320776	0.320776	0.320776	0.320776	0.320776	0.320458	0.320045	0.319395	0.318366	0.317738	0.318308	0.528985	0.649349	0.740299	0.809701	0.864054	0.903973	0.929366	0.945461	0.953275	0.957728	0.958051	0.957748	0.957683	0.955234	0.976802	1.01608	1.04036	1.05315	1.0511	1.04446	1.03466	1.02385	1.01092	0.980908	0.962382	0.945978	0.929838	0.912138	0.900777	0.893859	0.889861	0.878072	0.858717	0.831623	0.797048	0.763695	0.736496	0.7179	0.707896	0.708914	0.720333	0.742028	0.769534	0.798157	0.825918	0.846162	0.857588	0.859085	0.856736	0.855353	0.850174	0.837259	0.818523	0.797504	0.775207	0.7569	0.73963	0.719816	0.696135	0.676269	0.66396	0.649807	0.648386	0.646169	0.639748	0.629609	0.630104	0.633777	0.635866	0.649043	0.650911	0.646068	0.648185	0.643534	0.649204	0.657821	0.642149	0.623998	0.627553	0.649461	0.6543	0.63904	0.666299	0.682949	0.684559	0.661364	0.66068	0.689118	0.711249	0.738747	0.742397	0.734962	0.737976

116	0.779290	0.845424	0.778886	7.636681	-1.448438	-1.519153	0.359185	0.359185	0.359185	0.359185	0.359185	0.359185	0.359185	0.358881	0.358473	0.3578	0.356705	0.356059	0.356754	0.56032	0.697936	0.781249	0.843963	0.892555	0.935276	0.967055	0.984906	0.989356	0.990234	0.98896	0.990698	0.998866	1.00457	1.02654	1.05856	1.08692	1.10162	1.1009	1.09352	1.08303	1.07182	1.05988	1.03969	1.01866	0.99516	0.976017	0.962064	0.9447	0.936704	0.934088	0.922923	0.904059	0.875609	0.839658	0.80259	0.76956	0.748915	0.73831	0.73691	0.747813	0.770084	0.800766	0.832985	0.860299	0.88197	0.895316	0.898215	0.896979	0.893947	0.888613	0.874307	0.85456	0.833672	0.810567	0.788559	0.772267	0.753141	0.728803	0.708759	0.690927	0.680451	0.676137	0.671758	0.666053	0.657844	0.657495	0.65589	0.654334	0.658557	0.673082	0.682996	0.691385	0.688738	0.689243	0.681895	0.66425	0.658209	0.677359	0.692412	0.694249	0.707236	0.728592	0.722749	0.712921	0.743571	0.747484	0.730094	0.750763	0.794017	0.771734	0.78	0.83243
117	0.777105	0.844122	0.776796	7.624925	-1.486002	-1.501565	0.35658	0.35658	0.35658	0.35658	0.35658	0.35658	0.35658	0.356274	0.355865	0.355193	0.354101	0.353456	0.354142	0.555626	0.689418	0.774855	0.842937	0.890803	0.93146	0.965368	0.984564	0.990214	0.989822	0.986537	0.990823	0.9965	1.00026	1.01673	1.05271	1.08997	1.10222	1.0941	1.08911	1.08324	1.07175	1.05095	1.03375	1.01037	0.991661	0.976691	0.966777	0.950069	0.939108	0.936915	0.923684	0.901874	0.872189	0.836456	0.80093	0.771222	0.749657	0.738049	0.737655	0.749693	0.771035	0.798763	0.83084	0.859889	0.880923	0.893419	0.901047	0.898262	0.88888	0.878387	0.868315	0.853411	0.832962	0.808577	0.784132	0.766083	0.749465	0.727509	0.709389	0.691428	0.675815	0.669823	0.669516	0.668471	0.656054	0.6521	0.656418	0.660083	0.666656	0.674941	0.670594	0.672143	0.662076	0.666261	0.672716	0.656125	0.663483	0.669519	0.679953	0.698341	0.69538	0.694593	0.708389	0.715543	0.70912	0.722059	0.736482	0.748176	0.744177	0.794092	0.804109	0.772361
118	0.778925	0.844857	0.780274	7.631563	-1.441123	-1.553067	0.424486	0.424486	0.424486	0.424486	0.424486	0.424486	0.424486	0.424259	0.423912	0.423256	0.422104	0.421487	0.42245	0.563106	0.691264	0.781423	0.844882	0.89181	0.93221	0.964568	0.981904	0.988936	0.988818	0.989396	0.992528	0.99614	1.0003	1.02143	1.05002	1.08235	1.10521	1.10881	1.09777	1.08523	1.07275	1.05719	1.03912	1.01666	0.994989	0.974611	0.962273	0.949376	0.939696	0.933222	0.924199	0.902739	0.872403	0.83787	0.802206	0.769719	0.750032	0.738119	0.735006	0.74863	0.770709	0.800001	0.829056	0.856415	0.879578	0.894699	0.901148	0.899621	0.892235	0.885385	0.874206	0.856611	0.83436	0.809291	0.783735	0.76495	0.7474	0.728101	0.706423	0.687519	0.678404	0.676917	0.67812	0.668584	0.660155	0.656792	0.659442	0.664056	0.671623	0.683915	0.678474	0.676136	0.680047	0.680686	0.681643	0.662206	0.669516	0.687601	0.69847	0.713497	0.703999	0.693604	0.709236	0.697994	0.717998	0.743673	0.768101	0.802012	0.752996	0.737457	0.776235	0.754945
119	0.777629	0.844081	0.775922	7.624548	-1.463232	-1.486366	0.360552	0.360552	0.360552	0.360552	0.360552	0.360552	0.360552	0.360251	0.359846	0.359175	0.35808	0.357436	0.358136	0.537202	0.653574	0.770087	0.83786	0.891814	0.933334	0.967335	0.983285	0.986308	0.988435	0.990916	0.991587	0.998919	0.999692	1.01701	1.0544	1.09027	1.10337	1.10432	1.08784	1.07255	1.06886	1.05573	1.03749	1.0141	0.989591	0.971475	0.960545	0.94647	0.937848	0.934153	0.922632	0.900662	0.869421	0.836772	0.801201	0.770764	0.749624	0.738419	0.736543	0.749443	0.770857	0.799707	0.829831	0.857706	0.881406	0.896552	0.899661	0.895542	0.892101	0.887143	0.875462	0.855333	0.828285	0.806091	0.787731	0.770828	0.746829	0.72303	0.706052	0.687787	0.676132	0.673276	0.673219	0.671003	0.657726	0.651971	0.654053	0.656154	0.667534	0.681685	0.683205	0.689138	0.683474	0.675923	0.681612	0.669873	0.673437	0.678435	0.688111	0.699014	0.701851	0.716517	0.724051	0.709827	0.722938	0.743114	0.782007	0.813653	0.819954	0.815144	0.824545	0.819035
120	0.777159	0.843844	0.775320	7.622411	-1.472996	-1.479141	0.322884	0.322884	0.322884	0.322884	0.322884	0.322884	0.322884	0.322539	0.322099	0.321419	0.320357	0.319698	0.320247	0.5596	0.687367	0.785903	0.846252	0.892044	0.931228	0.962477	0.979643	0.987406	0.990082	0.988703	0.991956	0.994131	0.99874	1.02129	1.05341	1.08317	1.09362	1.09466	1.09041	1.08382	1.07436	1.05608	1.0288	1.01003	0.993572	0.976564	0.9595	0.942828	0.939373	0.932932	0.922029	0.902246	0.870496	0.835657	0.798667	0.768446	0.750275	0.739895	0.737885	0.749749	0.772603	0.80024	0.829505	0.858653	0.881436	0.895225	0.899447	0.896049	0.8895	0.882216	0.872034	0.855968	0.833748	0.809963	0.785481	0.767274	0.747532	0.726481	0.707547	0.687215	0.67844	0.675285	0.67049	0.66659	0.656753	0.654218	0.655637	0.652957	0.661973	0.675089	0.677897	0.675879	0.669053	0.669079	0.669646	0.667422	0.666885	0.672468	0.677751	0.687958	0.689935	0.691952	0.709263	0.720081	0.709508	0.716748	0.746881	0.778476	0.775863	0.782955	0.785622	0.776845

121	0.815197	0.883944	0.815932	7.984633	-1.498309	-1.579068	0.434097	0.434097	0.434097	0.434097	0.434097	0.434097	0.434097	0.433848	0.433476	0.432788	0.431591	0.430942	0.431912	0.622875	0.745897	0.827425	0.878268	0.927584	0.971066	1.00151	1.02273	1.03279	1.0363	1.03528	1.03858	1.0432	1.05067	1.06581	1.0914	1.12389	1.15352	1.16171	1.15207	1.14555	1.13085	1.10127	1.07765	1.06199	1.04163	1.02473	0.998478	0.984844	0.981764	0.976349	0.969078	0.948573	0.917013	0.88148	0.839425	0.803051	0.779539	0.767898	0.769794	0.784188	0.808647	0.837162	0.867476	0.896309	0.921806	0.935856	0.94153	0.941671	0.9368	0.925679	0.912321	0.894514	0.871222	0.845453	0.821267	0.799684	0.786079	0.769651	0.743564	0.723343	0.709996	0.699029	0.696115	0.695345	0.695672	0.692318	0.693507	0.690422	0.695653	0.711674	0.716477	0.721537	0.725573	0.722492	0.713646	0.69398	0.689018	0.703267	0.719188	0.753641	0.782281	0.80137	0.816515	0.825955	0.799499	0.784947	0.822954	0.844453	0.833685	0.8102	0.809218	0.832191
122	0.811351	0.881102	0.809936	7.958961	-1.542935	-1.517908	0.385166	0.385166	0.385166	0.385166	0.385166	0.385166	0.385166	0.384862	0.384448	0.383751	0.3826	0.381933	0.382702	0.583672	0.723961	0.817349	0.876992	0.927919	0.971219	1.00341	1.02102	1.02859	1.03484	1.03291	1.02788	1.03474	1.04369	1.05938	1.09003	1.12783	1.14749	1.14727	1.14182	1.13404	1.1205	1.09841	1.07772	1.05649	1.0407	1.02367	0.996565	0.981188	0.980398	0.976566	0.965494	0.943507	0.913575	0.878438	0.838397	0.802283	0.780723	0.770335	0.768123	0.777751	0.802824	0.833599	0.866828	0.896561	0.918691	0.932202	0.938697	0.939056	0.934948	0.92538	0.911763	0.891422	0.868599	0.83996	0.816416	0.798747	0.782095	0.762519	0.739119	0.722609	0.711426	0.702567	0.699194	0.691842	0.68103	0.676088	0.676846	0.680635	0.68681	0.70891	0.714922	0.706478	0.703768	0.701533	0.701902	0.699295	0.697728	0.705671	0.725538	0.732829	0.749742	0.745141	0.735335	0.756221	0.753455	0.770311	0.781388	0.809053	0.812563	0.817101	0.803748	0.813147
123	0.814210	0.883098	0.813416	7.976992	-1.505222	-1.548066	0.382641	0.382641	0.382641	0.382641	0.382641	0.382641	0.382641	0.382332	0.381913	0.381213	0.380062	0.379391	0.380149	0.598146	0.725795	0.810758	0.879119	0.934317	0.975475	1.00324	1.02233	1.03033	1.03699	1.03517	1.03784	1.04649	1.05254	1.06756	1.09547	1.13538	1.14996	1.15306	1.14904	1.1461	1.12014	1.09089	1.07766	1.06547	1.04894	1.02614	0.996344	0.987467	0.982497	0.978503	0.966915	0.94301	0.913792	0.878468	0.838844	0.803313	0.778369	0.769269	0.768724	0.779865	0.804546	0.835872	0.867321	0.895716	0.920046	0.935601	0.941735	0.941419	0.934748	0.923434	0.911127	0.896255	0.872598	0.846722	0.821288	0.799224	0.786372	0.766599	0.741138	0.724386	0.711401	0.700562	0.697227	0.695479	0.699522	0.69417	0.687504	0.69391	0.704104	0.710026	0.707089	0.707458	0.716845	0.712235	0.708665	0.708168	0.717103	0.71518	0.726508	0.746267	0.765856	0.771002	0.767011	0.799422	0.785592	0.777495	0.797731	0.79222	0.798049	0.826893	0.829824	0.821504
124	0.813979	0.883075	0.810430	7.976780	-1.513618	-1.495884	0.385739	0.385739	0.385739	0.385739	0.385739	0.385739	0.385739	0.385435	0.38502	0.384321	0.383169	0.382501	0.383271	0.583773	0.713256	0.803528	0.876083	0.932646	0.9757	1.00237	1.02159	1.03079	1.03298	1.03321	1.03789	1.04399	1.04254	1.05871	1.08457	1.12174	1.1498	1.15212	1.1458	1.13605	1.11806	1.09375	1.07995	1.06199	1.04057	1.01959	0.997188	0.983035	0.979867	0.977852	0.966447	0.945252	0.917371	0.879471	0.840462	0.805668	0.780801	0.769623	0.769136	0.782643	0.806575	0.833045	0.865534	0.896883	0.92059	0.933586	0.942247	0.943933	0.937381	0.927555	0.914299	0.895113	0.87337	0.843801	0.816959	0.797479	0.782717	0.765433	0.74444	0.724466	0.711175	0.701281	0.703627	0.704118	0.701867	0.687268	0.689786	0.693762	0.69281	0.705415	0.712786	0.715618	0.712562	0.709122	0.720673	0.716944	0.699773	0.70454	0.718843	0.727099	0.731401	0.755194	0.778974	0.774737	0.762402	0.759366	0.796094	0.769095	0.774217	0.812712	0.818423	0.822406
125	0.811999	0.881783	0.809186	7.965112	-1.543294	-1.494087	0.326226	0.326226	0.326226	0.326226	0.326226	0.326226	0.326226	0.325853	0.325383	0.32467	0.323571	0.322878	0.323407	0.597591	0.718491	0.816119	0.879028	0.934523	0.974799	1.00435	1.02174	1.02806	1.03258	1.03444	1.03397	1.03741	1.04943	1.06651	1.08942	1.12335	1.14491	1.15095	1.14049	1.13464	1.12637	1.09902	1.07495	1.06127	1.0438	1.02123	1.00027	0.983731	0.978461	0.976196	0.964795	0.940148	0.912547	0.87972	0.839907	0.805141	0.780767	0.767985	0.767112	0.779978	0.804679	0.834355	0.865961	0.895172	0.918148	0.932069	0.940216	0.941483	0.936373	0.92538	0.911539	0.895466	0.875512	0.847205	0.820935	0.799202	0.779145	0.758871	0.739754	0.722957	0.708269	0.698087	0.695017	0.692711	0.689913	0.682392	0.681829	0.682912	0.690442	0.704147	0.703286	0.70937	0.71153	0.705223	0.715556	0.708379	0.688935	0.704535	0.749568	0.764352	0.753338	0.748756	0.746714	0.769399	0.768579	0.771057	0.786834	0.80406	0.780257	0.781122	0.786961	0.783942

126	0.852583	0.925192	0.849299	8.352040	-1.572270	-1.523026	0.432818	0.432818	0.432818	0.432818	0.432818	0.432818	0.432818	0.432534	0.432126	0.431402	0.43017	0.429483	0.430408	0.623573	0.749588	0.842647	0.903674	0.964986	1.01055	1.04341	1.06387	1.075	1.085	1.08853	1.08689	1.0889	1.09619	1.11296	1.15	1.18116	1.19939	1.20498	1.2028	1.18515	1.17292	1.15493	1.13389	1.11933	1.09571	1.0651	1.04832	1.0363	1.02662	1.01921	1.01163	0.991253	0.956052	0.918411	0.877964	0.841941	0.817499	0.806267	0.80686	0.818447	0.844923	0.877002	0.910478	0.942148	0.963746	0.978769	0.986044	0.985631	0.981242	0.971384	0.958938	0.939634	0.91707	0.887385	0.855301	0.833041	0.815145	0.799153	0.78243	0.763533	0.742815	0.733316	0.727386	0.729707	0.728831	0.723237	0.719798	0.721286	0.730847	0.748229	0.750564	0.753781	0.759976	0.749511	0.743511	0.744828	0.737335	0.746884	0.761535	0.768378	0.775098	0.813895	0.840698	0.837569	0.81953	0.842783	0.841445	0.881089	0.896147	0.871422	0.875255	0.906241
127	0.852710	0.925450	0.849741	8.354302	-1.576893	-1.526671	0.454907	0.454907	0.454907	0.454907	0.454907	0.454907	0.454907	0.454649	0.454261	0.453543	0.452291	0.451613	0.452628	0.606466	0.74192	0.844067	0.903186	0.963635	1.01047	1.04348	1.06403	1.07408	1.08255	1.08689	1.08789	1.09256	1.09836	1.11565	1.14846	1.17872	1.19714	1.20274	1.19721	1.19359	1.17571	1.15841	1.1369	1.11745	1.09953	1.07188	1.0461	1.03546	1.02887	1.02082	1.00978	0.990028	0.957375	0.920658	0.880537	0.842904	0.816503	0.804946	0.806409	0.817709	0.843908	0.876386	0.909515	0.941689	0.964986	0.97991	0.986686	0.986815	0.98106	0.968982	0.954841	0.937119	0.913943	0.890782	0.861556	0.836982	0.815366	0.800332	0.784648	0.76224	0.746788	0.736538	0.727473	0.72426	0.724159	0.71917	0.718141	0.722821	0.730241	0.746892	0.756042	0.746933	0.754021	0.754485	0.751543	0.743276	0.722725	0.742636	0.758323	0.779384	0.784966	0.789939	0.810917	0.82511	0.808696	0.795912	0.838592	0.864931	0.863924	0.839563	0.880384	0.899755
128	0.852380	0.924879	0.847948	8.349288	-1.568604	-1.504689	0.430505	0.430505	0.430505	0.430505	0.430505	0.430505	0.430505	0.430219	0.429809	0.429085	0.427855	0.427168	0.428083	0.610675	0.741675	0.835972	0.904909	0.965736	1.01252	1.04444	1.06473	1.07549	1.08219	1.08593	1.08804	1.09161	1.09575	1.10694	1.13807	1.17614	1.19612	1.21035	1.2008	1.18005	1.16341	1.15358	1.14029	1.12323	1.10168	1.06917	1.04539	1.03206	1.0257	1.02084	1.01011	0.988712	0.954146	0.917023	0.877184	0.842051	0.817275	0.804369	0.805901	0.818889	0.844436	0.877042	0.909805	0.939815	0.965393	0.980003	0.987461	0.98895	0.982229	0.969683	0.95574	0.938064	0.914922	0.88786	0.859517	0.832998	0.811162	0.800343	0.784602	0.762808	0.74337	0.732435	0.729679	0.73707	0.732707	0.722919	0.720064	0.719767	0.726769	0.740261	0.741829	0.746771	0.76239	0.758882	0.761521	0.760666	0.754392	0.735754	0.733863	0.760073	0.795275	0.815004	0.840774	0.847229	0.832681	0.839526	0.836993	0.826725	0.818408	0.843761	0.850819	0.842031
129	0.852406	0.924857	0.850689	8.349095	-1.566746	-1.551836	0.436288	0.436288	0.436288	0.436288	0.436288	0.436288	0.436288	0.436007	0.435602	0.434879	0.433643	0.432957	0.433899	0.649226	0.757811	0.846395	0.905572	0.965228	1.01566	1.04834	1.06627	1.07477	1.08131	1.08294	1.08995	1.09092	1.09268	1.1116	1.15132	1.18548	1.20615	1.20875	1.19977	1.18492	1.16627	1.15089	1.1311	1.1214	1.10382	1.07716	1.05338	1.0355	1.02681	1.0191	1.01299	0.993486	0.958084	0.919424	0.879029	0.841531	0.81702	0.804473	0.803255	0.814414	0.841816	0.874731	0.908511	0.938621	0.963112	0.974737	0.982523	0.988385	0.985789	0.972993	0.954185	0.931701	0.911258	0.885739	0.857442	0.834945	0.813861	0.796435	0.777362	0.758187	0.743537	0.740069	0.735654	0.736413	0.732601	0.727505	0.728024	0.725754	0.727842	0.742225	0.75475	0.766184	0.763237	0.756035	0.752723	0.761833	0.765736	0.750168	0.760033	0.779765	0.781977	0.775687	0.793216	0.833551	0.847178	0.876131	0.883066	0.890212	0.868835	0.871299	0.901249	0.910109
130	0.853404	0.925689	0.850613	8.356397	-1.557920	-1.537949	0.467724	0.467724	0.467724	0.467724	0.467724	0.467724	0.467724	0.46748	0.467104	0.466389	0.465126	0.464453	0.465522	0.62945	0.765779	0.850281	0.907999	0.964587	1.0124	1.04174	1.06304	1.07553	1.08204	1.08547	1.0902	1.09333	1.0949	1.11175	1.13941	1.16445	1.1932	1.21254	1.20336	1.18916	1.17326	1.15549	1.13559	1.12014	1.09614	1.06705	1.048	1.03748	1.02986	1.02211	1.00848	0.989595	0.957079	0.920345	0.880917	0.844449	0.817459	0.8046	0.805243	0.820286	0.844979	0.876368	0.910702	0.942919	0.965942	0.980688	0.984912	0.984307	0.981628	0.971161	0.955357	0.937776	0.916238	0.889669	0.860251	0.835679	0.815484	0.801206	0.783697	0.764187	0.746153	0.735462	0.73524	0.733182	0.725584	0.720326	0.719938	0.722883	0.728878	0.740329	0.746228	0.748165	0.753791	0.752301	0.753628	0.745344	0.721708	0.736262	0.768664	0.779534	0.799551	0.830715	0.855584	0.840559	0.863261	0.861021	0.839531	0.886309	0.924145	0.936034	0.900191	0.922694

131	0.888984	0.965173	0.883297	8.697883	-1.612006	-1.499741	0.512482	0.512482	0.512482	0.512482	0.512482	0.512482	0.512482	0.512258	0.511892	0.511154	0.509817	0.509129	0.510346	0.654725	0.783254	0.869607	0.938361	1.00111	1.04905	1.08256	1.10418	1.11457	1.12014	1.12222	1.12311	1.1285	1.13831	1.16538	1.20042	1.22773	1.24006	1.23937	1.23651	1.22759	1.21654	1.19955	1.18065	1.16548	1.14379	1.11386	1.09469	1.08605	1.07733	1.0685	1.05844	1.03706	0.999543	0.959316	0.917012	0.879274	0.850139	0.83777	0.838815	0.853401	0.880758	0.915258	0.94954	0.982342	1.00876	1.02408	1.02875	1.02862	1.02491	1.01437	0.997868	0.975917	0.952109	0.925773	0.898498	0.872448	0.85317	0.833271	0.813595	0.796515	0.779605	0.765966	0.757971	0.755453	0.756547	0.752938	0.749842	0.749316	0.749858	0.763558	0.784896	0.780919	0.786145	0.792489	0.792764	0.793772	0.786449	0.777657	0.780005	0.795857	0.832428	0.863363	0.861713	0.82479	0.827411	0.852214	0.885877	0.90896	0.894385	0.897769	0.891495	0.908226
132	0.889417	0.965949	0.882612	8.704503	-1.623526	-1.476932	0.477502	0.477502	0.477502	0.477502	0.477502	0.477502	0.477502	0.477237	0.476838	0.476091	0.474784	0.47408	0.475156	0.671	0.79002	0.87386	0.935834	0.996717	1.04607	1.0823	1.10388	1.11374	1.11959	1.12349	1.12347	1.13025	1.14263	1.1598	1.18439	1.22215	1.24281	1.2515	1.24805	1.24172	1.23002	1.21011	1.19114	1.16964	1.14592	1.11744	1.09558	1.08794	1.07789	1.06673	1.05242	1.0326	0.997167	0.957922	0.918789	0.882426	0.853536	0.837166	0.839079	0.85527	0.881984	0.915913	0.95108	0.983181	1.00675	1.01835	1.02683	1.0301	1.02726	1.01492	0.998096	0.978084	0.953933	0.929462	0.901549	0.870954	0.849318	0.831032	0.814231	0.797091	0.781245	0.767562	0.761488	0.763687	0.761069	0.759362	0.751672	0.751209	0.757757	0.767891	0.779215	0.776894	0.785524	0.792903	0.7995	0.794271	0.774533	0.770986	0.789782	0.816482	0.828987	0.849314	0.862182	0.888486	0.882117	0.85315	0.872486	0.91536	0.940809	0.965573	0.94358	0.914651
133	0.887999	0.964562	0.881656	8.692672	-1.628269	-1.481403	0.471773	0.471773	0.471773	0.471773	0.471773	0.471773	0.471773	0.471502	0.471098	0.47035	0.46905	0.468344	0.469395	0.639201	0.791493	0.882719	0.935839	0.99822	1.0477	1.08216	1.10469	1.11489	1.11575	1.1191	1.12417	1.12745	1.13985	1.16724	1.19859	1.22493	1.24159	1.24235	1.23395	1.22548	1.2145	1.20294	1.19386	1.17172	1.14357	1.11814	1.09446	1.08589	1.07438	1.06647	1.05776	1.03545	0.997638	0.956014	0.916355	0.880567	0.852532	0.838266	0.839257	0.851092	0.879573	0.913942	0.948018	0.982414	1.00949	1.01973	1.02384	1.02682	1.02458	1.01529	0.997065	0.972599	0.947557	0.924528	0.89713	0.869502	0.849021	0.833075	0.811388	0.795808	0.782702	0.769248	0.759898	0.760736	0.763158	0.757717	0.750528	0.75111	0.753779	0.766134	0.783559	0.779688	0.786743	0.787391	0.786904	0.796506	0.785334	0.771848	0.777354	0.803536	0.852383	0.855815	0.843224	0.852106	0.878531	0.849478	0.848786	0.876317	0.8921	0.913408	0.942272	0.971261
134	0.888391	0.965106	0.880555	8.697315	-1.632860	-1.455049	0.484089	0.484089	0.484089	0.484089	0.484089	0.484089	0.484089	0.483833	0.483441	0.482696	0.481385	0.480685	0.481787	0.657191	0.76314	0.857082	0.926095	0.99503	1.0513	1.08367	1.10178	1.11316	1.12083	1.12215	1.12203	1.12625	1.14081	1.15931	1.1859	1.22	1.24597	1.24992	1.24719	1.22662	1.21443	1.20008	1.18591	1.17146	1.14964	1.11816	1.09647	1.08428	1.07326	1.06427	1.05508	1.03007	0.996402	0.958585	0.917344	0.879475	0.854144	0.838998	0.837937	0.853983	0.881033	0.915324	0.951482	0.984721	1.01138	1.02389	1.02744	1.02888	1.02844	1.01637	0.992827	0.973102	0.950486	0.925164	0.899008	0.869994	0.847388	0.833234	0.812648	0.79324	0.776484	0.762785	0.758505	0.759432	0.757889	0.757387	0.757743	0.761463	0.763486	0.766843	0.782084	0.785056	0.786705	0.792482	0.791495	0.802071	0.795036	0.775217	0.784604	0.806289	0.827034	0.857149	0.875615	0.859015	0.845852	0.854432	0.879064	0.892568	0.915339	0.927035	0.88698	0.924842
135	0.886848	0.963810	0.878091	8.686253	-1.645929	-1.433007	0.425268	0.425268	0.425268	0.425268	0.425268	0.425268	0.425268	0.424944	0.424497	0.423739	0.422481	0.421756	0.422618	0.644392	0.77943	0.8761	0.936117	0.995928	1.04769	1.08312	1.1052	1.11715	1.12049	1.11844	1.11958	1.11909	1.13137	1.15923	1.18555	1.21461	1.23641	1.25288	1.24775	1.23421	1.21143	1.19434	1.18651	1.16746	1.1455	1.11555	1.09379	1.08273	1.06722	1.06207	1.05702	1.03384	0.997918	0.954761	0.915686	0.880879	0.851885	0.835676	0.836082	0.850733	0.879854	0.915262	0.951354	0.984275	1.0075	1.02111	1.02655	1.02965	1.02667	1.01582	0.997604	0.973078	0.94808	0.926703	0.89952	0.868555	0.846899	0.833383	0.813015	0.791478	0.775456	0.760252	0.752174	0.760885	0.762542	0.756741	0.742441	0.742969	0.757905	0.768859	0.778537	0.776591	0.783241	0.780509	0.780512	0.777034	0.760344	0.760197	0.790417	0.803808	0.819951	0.844946	0.872091	0.869379	0.865879	0.846996	0.851213	0.877326	0.907333	0.941175	0.934016	0.915437

136	0.921959	1.001855	0.911699	9.006889	-1.663305	-1.434473	0.46758	0.46758	0.46758	0.46758	0.46758	0.46758	0.46758	0.467275	0.466836	0.466055	0.464726	0.463986	0.464987	0.669022	0.816716	0.915483	0.976222	1.03236	1.0772	1.11422	1.14017	1.15249	1.15526	1.1582	1.16186	1.16457	1.17597	1.19947	1.23548	1.2777	1.3002	1.29314	1.28091	1.27377	1.26327	1.25177	1.23945	1.22041	1.1892	1.15539	1.13526	1.12017	1.11362	1.10899	1.09568	1.06926	1.03341	0.995058	0.953293	0.914028	0.885515	0.871698	0.873043	0.888929	0.914286	0.946827	0.983277	1.01751	1.04736	1.06593	1.06973	1.067	1.06263	1.05504	1.03876	1.01268	0.988741	0.962398	0.933158	0.904859	0.878508	0.862372	0.84938	0.828563	0.808563	0.795622	0.789978	0.785361	0.784107	0.778415	0.774429	0.779475	0.785677	0.792464	0.808717	0.817643	0.825018	0.830645	0.828481	0.83494	0.826314	0.801996	0.802997	0.821895	0.863688	0.887211	0.898217	0.898867	0.890784	0.911857	0.93086	0.940867	0.929546	0.903027	0.937546	0.946345
137	0.925166	1.003997	0.918136	9.024695	-1.617148	-1.508372	0.52512	0.52512	0.52512	0.52512	0.52512	0.52512	0.52512	0.524879	0.524491	0.523723	0.52234	0.521621	0.522858	0.698195	0.823152	0.919452	0.976924	1.03298	1.08427	1.12221	1.14565	1.15471	1.15776	1.15909	1.16295	1.17358	1.18955	1.20967	1.24078	1.28305	1.30446	1.29736	1.29522	1.28093	1.27063	1.25453	1.23573	1.21573	1.18682	1.15582	1.13741	1.12476	1.11563	1.1097	1.09977	1.0736	1.03663	0.997297	0.953646	0.914634	0.886255	0.873082	0.874329	0.887096	0.915593	0.948458	0.983145	1.0193	1.04884	1.06534	1.07008	1.07099	1.0708	1.06153	1.04273	1.01674	0.987535	0.959526	0.936933	0.910373	0.88237	0.863608	0.852955	0.831579	0.813623	0.801205	0.790996	0.785916	0.790791	0.787432	0.781622	0.779187	0.786196	0.795165	0.812735	0.814358	0.807682	0.81446	0.822322	0.831892	0.834249	0.81557	0.819999	0.844373	0.866818	0.887374	0.908799	0.917086	0.902211	0.887997	0.898052	0.912909	0.934568	0.967786	0.97529	0.996344
138	0.921378	1.001697	0.910815	9.005571	-1.679912	-1.422346	0.440024	0.440024	0.440024	0.440024	0.440024	0.440024	0.440024	0.439686	0.439221	0.438434	0.437129	0.436377	0.437265	0.666466	0.810662	0.906434	0.967023	1.03277	1.07982	1.11516	1.14146	1.15227	1.15601	1.16038	1.16271	1.16603	1.18158	1.2067	1.23463	1.2721	1.29572	1.29429	1.2859	1.27592	1.26921	1.25352	1.23709	1.21967	1.18347	1.15151	1.13619	1.12379	1.11238	1.10744	1.09587	1.07135	1.0366	0.993971	0.952955	0.91596	0.887403	0.871857	0.872388	0.887965	0.91416	0.946069	0.981971	1.01754	1.04679	1.06509	1.06673	1.06505	1.06171	1.05507	1.04037	1.01717	0.988423	0.960335	0.935306	0.905148	0.877644	0.860309	0.844364	0.822412	0.804047	0.797637	0.791597	0.786055	0.791131	0.787928	0.78181	0.775974	0.780275	0.792692	0.809602	0.818323	0.818523	0.825732	0.811997	0.80486	0.809599	0.80451	0.805279	0.820836	0.843308	0.860472	0.888395	0.890883	0.876251	0.896172	0.93926	0.923861	0.89362	0.905054	0.942575	0.945186
139	0.922314	1.001741	0.912298	9.005936	-1.645571	-1.445874	0.440826	0.440826	0.440826	0.440826	0.440826	0.440826	0.440826	0.440488	0.440023	0.439235	0.437929	0.437176	0.438066	0.653488	0.800054	0.915998	0.972631	1.03235	1.08197	1.12084	1.14286	1.15243	1.15627	1.16118	1.16795	1.17059	1.17967	1.20467	1.24123	1.26915	1.29495	1.30868	1.29671	1.28476	1.27008	1.25563	1.24156	1.21795	1.18331	1.15418	1.13326	1.11756	1.10817	1.10434	1.09475	1.07006	1.0363	0.995045	0.951165	0.913404	0.887517	0.873544	0.872616	0.886831	0.911682	0.94443	0.981233	1.01663	1.04465	1.06277	1.06912	1.06766	1.06428	1.05554	1.04152	1.01602	0.984981	0.962019	0.938086	0.908751	0.880906	0.864153	0.850545	0.826989	0.805933	0.797207	0.789174	0.781608	0.781646	0.784643	0.786011	0.78914	0.787012	0.792679	0.801686	0.81103	0.824877	0.835451	0.833194	0.836764	0.825787	0.811227	0.824468	0.85419	0.880764	0.88072	0.897754	0.908725	0.892947	0.89766	0.907402	0.899605	0.949309	1.00601	0.980255	0.961949
140	0.920942	0.999949	0.909460	8.991019	-1.633926	-1.425336	0.483751	0.483751	0.483751	0.483751	0.483751	0.483751	0.483751	0.483467	0.483045	0.482271	0.480929	0.480198	0.481267	0.667753	0.806152	0.908903	0.964256	1.02102	1.0745	1.11646	1.14041	1.1506	1.15497	1.15595	1.15883	1.1637	1.17154	1.19588	1.22758	1.2671	1.29563	1.30362	1.28552	1.26907	1.25452	1.24021	1.23035	1.21492	1.17881	1.1502	1.13222	1.11955	1.11154	1.10601	1.09307	1.06719	1.03403	0.99389	0.950065	0.912858	0.88508	0.869643	0.869967	0.883682	0.91156	0.942887	0.978895	1.01712	1.04804	1.06489	1.06686	1.06737	1.0638	1.05377	1.03828	1.01422	0.98572	0.956024	0.931943	0.907123	0.881892	0.866414	0.85361	0.830655	0.806384	0.794705	0.789834	0.78469	0.788523	0.784079	0.78185	0.776006	0.768829	0.782836	0.811833	0.82135	0.816436	0.810123	0.81311	0.820077	0.809997	0.804037	0.801573	0.809107	0.845945	0.89379	0.926336	0.898786	0.88477	0.889347	0.879292	0.871926	0.878192	0.889405	0.932592	0.965639

141	0.972105	1.055218	0.961784	9.443223	-1.653837	-1.483467	0.582518	0.582518	0.582518	0.582518	0.582518	0.582518	0.582518	0.582302	0.581925	0.581126	0.579648	0.578908	0.580336	0.747961	0.863821	0.957732	1.02461	1.08341	1.13128	1.17057	1.19383	1.20328	1.20737	1.20933	1.21689	1.22758	1.24705	1.26794	1.29873	1.33511	1.36256	1.36908	1.36494	1.34808	1.32219	1.30826	1.30003	1.27945	1.24923	1.22102	1.19966	1.18126	1.1702	1.16638	1.15383	1.12732	1.09146	1.05248	1.00574	0.96461	0.937284	0.922565	0.917517	0.930091	0.956044	0.992032	1.03191	1.06913	1.09797	1.11785	1.12729	1.1279	1.12383	1.11245	1.09538	1.07403	1.04513	1.01315	0.978471	0.948579	0.924925	0.903572	0.886711	0.876273	0.859692	0.836904	0.828235	0.830916	0.833657	0.837109	0.835945	0.830422	0.831166	0.838501	0.858611	0.883367	0.872181	0.862912	0.880408	0.881017	0.878827	0.881503	0.880975	0.888098	0.904048	0.944139	0.982417	0.993359	1.00135	0.981742	0.97101	1.01234	1.03373	1.0262	1.04319	1.08134
142	0.967061	1.050936	0.952200	9.408756	-1.692438	-1.391758	0.476822	0.476822	0.476822	0.476822	0.476822	0.476822	0.476822	0.476487	0.476015	0.475195	0.473815	0.473034	0.474029	0.694594	0.843961	0.94474	1.00799	1.06786	1.12563	1.16604	1.19111	1.20027	1.2059	1.20861	1.21484	1.22554	1.24809	1.26682	1.29528	1.32355	1.34243	1.35545	1.35208	1.33621	1.32035	1.31131	1.2911	1.26406	1.2382	1.21617	1.19715	1.17758	1.16891	1.16624	1.15199	1.1223	1.08702	1.04579	1.00176	0.962372	0.934141	0.916358	0.912228	0.9247	0.952249	0.986553	1.02701	1.0671	1.09594	1.1146	1.12419	1.12321	1.1188	1.11063	1.09291	1.06702	1.03994	1.0087	0.97519	0.951484	0.928123	0.90104	0.880884	0.869499	0.855586	0.839671	0.827271	0.825729	0.827936	0.83001	0.826036	0.823009	0.82817	0.829429	0.846071	0.865161	0.85162	0.862982	0.865351	0.867599	0.863385	0.857306	0.854035	0.862303	0.900014	0.946358	0.973051	1.00678	1.00887	0.957835	0.91342	0.929551	0.921208	0.953527	0.983471	0.97241
143	0.969805	1.053562	0.955949	9.429899	-1.681678	-1.414546	0.514405	0.514405	0.514405	0.514405	0.514405	0.514405	0.514405	0.514112	0.513674	0.512861	0.511445	0.510678	0.511829	0.732655	0.866297	0.946504	1.00596	1.07263	1.12752	1.16709	1.19078	1.2017	1.20642	1.20398	1.20693	1.22101	1.24329	1.26511	1.29887	1.33565	1.35746	1.3703	1.36647	1.34553	1.33038	1.31984	1.29856	1.274	1.24626	1.2238	1.20383	1.18234	1.16763	1.16458	1.15062	1.12279	1.08772	1.05112	1.00649	0.961192	0.932146	0.917944	0.914017	0.925939	0.954461	0.992068	1.03138	1.06638	1.09612	1.11647	1.12633	1.12694	1.11959	1.1101	1.09474	1.07043	1.04239	1.01087	0.978624	0.9524	0.926898	0.904678	0.88558	0.871436	0.854957	0.843802	0.832078	0.828803	0.834364	0.836967	0.838397	0.83146	0.82939	0.838919	0.859553	0.870628	0.86556	0.877734	0.878167	0.862377	0.85982	0.854257	0.856498	0.893224	0.922119	0.932684	0.953377	0.957578	0.946176	0.929832	0.971436	1.00856	1.01654	0.99179	0.994295	1.02138
144	0.969307	1.053346	0.956411	9.428161	-1.692653	-1.424825	0.502991	0.502991	0.502991	0.502991	0.502991	0.502991	0.502991	0.502684	0.502235	0.501419	0.500012	0.49924	0.500344	0.731721	0.860369	0.951018	1.01294	1.07378	1.12653	1.17043	1.19465	1.20243	1.20579	1.20858	1.21215	1.22485	1.24715	1.26883	1.29367	1.32539	1.35518	1.36653	1.36508	1.3478	1.3286	1.31777	1.29982	1.27767	1.24962	1.21919	1.20027	1.18243	1.17002	1.16591	1.14933	1.12419	1.08872	1.04691	1.0051	0.965137	0.934944	0.917664	0.916631	0.928576	0.954632	0.989671	1.02848	1.06572	1.0947	1.11848	1.12811	1.12511	1.12077	1.11022	1.09191	1.07092	1.04349	1.00918	0.974683	0.947321	0.927981	0.906003	0.883204	0.868657	0.854983	0.841245	0.827258	0.826741	0.832636	0.829998	0.829782	0.830981	0.828321	0.832693	0.85502	0.881284	0.880739	0.872827	0.868844	0.879706	0.878577	0.862854	0.895906	0.929151	0.948037	0.954906	0.962146	0.972535	0.973233	0.965269	0.987041	1.00078	0.992103	0.988726	0.998898	1.00017
145	0.971222	1.054241	0.958610	9.435366	-1.652694	-1.447076	0.511562	0.511562	0.511562	0.511562	0.511562	0.511562	0.511562	0.511264	0.510821	0.510006	0.508591	0.507821	0.508959	0.730746	0.855509	0.953138	1.02576	1.08009	1.12852	1.16801	1.19296	1.20415	1.20865	1.21229	1.21684	1.22638	1.24613	1.27542	1.30788	1.33048	1.3507	1.36759	1.36378	1.34821	1.3268	1.31759	1.30372	1.28113	1.24934	1.21412	1.19781	1.18268	1.17136	1.16698	1.15095	1.12532	1.08858	1.04656	1.00377	0.963854	0.933968	0.918596	0.91611	0.928355	0.953625	0.988228	1.02675	1.06675	1.0975	1.11645	1.1279	1.12894	1.12474	1.11495	1.09729	1.07178	1.04332	1.01531	0.982532	0.952683	0.928168	0.906712	0.887318	0.871179	0.855682	0.840183	0.834553	0.833901	0.836262	0.83429	0.826865	0.824309	0.829153	0.83773	0.858291	0.872329	0.870156	0.883105	0.875482	0.872057	0.8844	0.865574	0.8591	0.886593	0.921803	0.952026	0.960114	0.959761	0.961614	0.986363	0.990606	0.989823	1.03095	1.02576	1.02429	1.0654

146	1.019485	1.109181	0.999239	9.869741	-1.765188	-1.329323	0.462622	0.462622	0.462622	0.462622	0.462622	0.462622	0.462622	0.462223	0.46169	0.460816	0.459397	0.458557	0.459443	0.722488	0.879543	0.98859	1.06297	1.12643	1.17798	1.22038	1.24178	1.25789	1.26502	1.26785	1.27219	1.281	1.29607	1.32882	1.3681	1.41135	1.43077	1.43908	1.42661	1.41686	1.40712	1.39642	1.3717	1.34022	1.30995	1.28418	1.26637	1.25387	1.23852	1.22445	1.208	1.1816	1.1492	1.10737	1.05777	1.01359	0.979915	0.960777	0.957811	0.973204	1.00312	1.04247	1.08373	1.12358	1.15584	1.17697	1.18794	1.18998	1.18184	1.16799	1.15093	1.12975	1.10456	1.06972	1.03162	0.998586	0.976981	0.957333	0.933942	0.910648	0.897158	0.885581	0.875814	0.868597	0.867788	0.875732	0.870435	0.86622	0.867859	0.880617	0.898731	0.915569	0.921129	0.926234	0.905279	0.913508	0.928579	0.925199	0.922998	0.944331	0.974823	1.01574	1.03119	1.02777	1.05011	1.0346	1.01227	0.99497	1.0282	1.05839	1.07118	1.04196
147	1.022007	1.110389	1.006030	9.879131	-1.715238	-1.416956	0.589206	0.589206	0.589206	0.589206	0.589206	0.589206	0.589206	0.588953	0.588537	0.587693	0.586161	0.585374	0.586778	0.753418	0.887406	0.995014	1.05695	1.12342	1.17907	1.21979	1.2419	1.25553	1.26382	1.26996	1.28013	1.28747	1.30083	1.33568	1.37528	1.41074	1.4313	1.43812	1.42752	1.41724	1.41129	1.39708	1.38494	1.34693	1.31597	1.28486	1.2599	1.2457	1.23666	1.22908	1.21155	1.18612	1.15076	1.10848	1.05812	1.01335	0.982214	0.964643	0.960406	0.971638	1.00069	1.04204	1.08518	1.12596	1.15521	1.175	1.18647	1.18868	1.1851	1.1743	1.15589	1.13037	1.09946	1.06684	1.03238	1.00036	0.975424	0.95258	0.931269	0.9138	0.901123	0.891126	0.880347	0.87091	0.873473	0.87963	0.87769	0.874031	0.878291	0.888095	0.909774	0.9284	0.936192	0.933592	0.935775	0.927127	0.938937	0.949025	0.9409	0.942156	0.95182	0.993464	1.04165	1.06048	1.05318	1.03304	1.03743	1.04873	1.08167	1.0969	1.12413	1.1356
148	1.020226	1.109611	0.999240	9.873088	-1.753038	-1.323564	0.489255	0.489255	0.489255	0.489255	0.489255	0.489255	0.489255	0.488887	0.488379	0.487512	0.48607	0.485242	0.486238	0.72993	0.895155	0.984325	1.05034	1.11633	1.17469	1.21881	1.24166	1.256	1.26307	1.26835	1.27215	1.28022	1.30194	1.33225	1.36444	1.40997	1.42501	1.42516	1.42536	1.41701	1.41211	1.39473	1.37286	1.34545	1.31529	1.28507	1.26021	1.24607	1.23623	1.22104	1.20726	1.18368	1.15097	1.10763	1.05688	1.01225	0.981163	0.964313	0.960165	0.975174	1.00549	1.04237	1.08241	1.12463	1.15605	1.17566	1.1847	1.18814	1.18778	1.17654	1.15726	1.13101	1.10563	1.07293	1.03145	0.998192	0.975211	0.953477	0.933151	0.912902	0.896236	0.883414	0.875871	0.86518	0.864848	0.869825	0.871838	0.867096	0.875238	0.879935	0.899804	0.926229	0.927309	0.9263	0.936419	0.927295	0.932174	0.944875	0.937641	0.951422	0.965009	0.98691	1.01413	1.04758	1.04869	1.02878	1.04388	1.05873	1.08582	1.09367	1.09881	1.07057
149	1.017812	1.107149	0.996224	9.853933	-1.757120	-1.310336	0.466303	0.466303	0.466303	0.466303	0.466303	0.466303	0.466303	0.46591	0.465382	0.464512	0.463092	0.462256	0.463162	0.740513	0.879851	0.976098	1.05325	1.11507	1.1694	1.21631	1.24256	1.25692	1.26563	1.26474	1.26598	1.27238	1.29446	1.32756	1.36426	1.41016	1.43127	1.423	1.41304	1.40454	1.40004	1.39563	1.38087	1.34178	1.30789	1.2875	1.26473	1.24549	1.22974	1.21958	1.20626	1.18106	1.14586	1.10405	1.05594	1.01096	0.977115	0.958565	0.958331	0.972348	1.00212	1.04082	1.08374	1.12224	1.15319	1.17416	1.18364	1.18618	1.18213	1.16692	1.14892	1.13076	1.10519	1.06797	1.02909	0.997466	0.975344	0.953585	0.932282	0.910772	0.896079	0.883059	0.873784	0.868745	0.869766	0.874859	0.874152	0.866195	0.869389	0.879735	0.895485	0.914026	0.904985	0.906498	0.924427	0.931978	0.93269	0.937148	0.912914	0.926282	0.966059	1.0085	1.01212	1.01166	1.04501	1.07118	1.05922	1.05398	1.03956	1.02268	1.02966	1.04228
150	1.025058	1.113196	1.007451	9.900917	-1.699945	-1.401061	0.589146	0.589146	0.589146	0.589146	0.589146	0.589146	0.589146	0.588892	0.588473	0.587627	0.586092	0.585303	0.586706	0.756788	0.888913	0.984506	1.05873	1.12178	1.17672	1.22027	1.24473	1.26032	1.26844	1.26813	1.27394	1.28609	1.30302	1.3423	1.37961	1.41387	1.44428	1.4484	1.43505	1.41892	1.41371	1.40595	1.3857	1.35383	1.32259	1.29187	1.26866	1.25207	1.23664	1.22595	1.21267	1.18556	1.15294	1.1094	1.06189	1.01645	0.983308	0.965234	0.962382	0.974431	1.00378	1.04517	1.08516	1.12374	1.15669	1.17834	1.18898	1.1909	1.18336	1.17154	1.15592	1.13316	1.10844	1.07462	1.03861	1.00837	0.985159	0.96154	0.939322	0.918171	0.904792	0.896211	0.886109	0.874991	0.876009	0.879388	0.875387	0.877946	0.880601	0.885299	0.90332	0.923823	0.931591	0.943988	0.946352	0.940354	0.958661	0.960269	0.951319	0.964537	1.00554	1.04812	1.04647	1.05647	1.06639	1.08061	1.08076	1.11045	1.11602	1.11406	1.1476	1.14319

151	1.066710	1.157067	1.047612	10.236797	-1.678329	-1.426005	0.693445	0.693445	0.693445	0.693445	0.693445	0.693445	0.693445	0.693277	0.692919	0.692062	0.690397	0.689613	0.691403	0.783759	0.927041	1.01812	1.08752	1.15718	1.21597	1.25741	1.28474	1.30116	1.30863	1.31724	1.32316	1.33306	1.36025	1.40027	1.43739	1.47493	1.50372	1.51212	1.49796	1.48278	1.47023	1.45468	1.42716	1.39081	1.36066	1.33193	1.31426	1.30108	1.28812	1.27312	1.25869	1.23426	1.19742	1.14944	1.10084	1.05396	1.01857	1.00164	0.998958	1.01192	1.04307	1.08684	1.13137	1.17544	1.2075	1.22603	1.2346	1.24032	1.24011	1.22883	1.20764	1.18191	1.15338	1.11875	1.07908	1.04475	1.01531	0.991966	0.971447	0.953998	0.946784	0.933782	0.920239	0.906103	0.904933	0.915576	0.923243	0.927144	0.923702	0.928128	0.934568	0.953804	0.974132	0.979905	0.995777	1.00419	1.00577	1.02156	1.00753	0.996398	1.02852	1.0483	1.0619	1.10489	1.13509	1.14379	1.15669	1.15362	1.15188	1.20722	1.20503	1.21235
152	1.062613	1.153584	1.037069	10.210448	-1.707565	-1.314383	0.549437	0.549437	0.549437	0.549437	0.549437	0.549437	0.549437	0.549104	0.548615	0.547726	0.546192	0.545351	0.546553	0.742218	0.91408	1.02437	1.09451	1.15972	1.2108	1.25293	1.28013	1.29602	1.30227	1.308	1.31758	1.33231	1.35059	1.38631	1.42547	1.46151	1.48894	1.49418	1.49576	1.4862	1.4695	1.44332	1.41853	1.38984	1.35875	1.32996	1.30668	1.28861	1.28126	1.2686	1.25349	1.23059	1.19262	1.14737	1.09824	1.05175	1.01694	0.998384	0.996599	1.01064	1.04263	1.08317	1.12705	1.16978	1.20341	1.22323	1.2338	1.23937	1.23852	1.22371	1.20033	1.1769	1.15186	1.12135	1.08099	1.0433	1.0137	0.990565	0.967309	0.953627	0.94449	0.931294	0.918033	0.908165	0.907257	0.910702	0.913306	0.91569	0.914764	0.925281	0.941699	0.967016	0.982773	0.975002	0.983526	0.972249	0.969979	0.986012	1.009	1.01082	1.01837	1.03886	1.0631	1.05929	1.0575	1.03171	1.05696	1.09234	1.10607	1.136	1.17995	1.16596
153	1.064518	1.155308	1.040312	10.223494	-1.697351	-1.340303	0.580794	0.580794	0.580794	0.580794	0.580794	0.580794	0.580794	0.580497	0.580036	0.579153	0.57759	0.57676	0.578094	0.788026	0.915051	1.01867	1.08645	1.15319	1.2099	1.2523	1.27809	1.29427	1.30582	1.31543	1.32427	1.33819	1.35921	1.39107	1.4271	1.46341	1.49022	1.50745	1.50049	1.47871	1.46046	1.44629	1.42816	1.39281	1.36277	1.33598	1.30929	1.2942	1.2824	1.27069	1.25916	1.23272	1.1909	1.14774	1.0983	1.0524	1.01747	1.00006	0.998208	1.01243	1.04157	1.08483	1.13013	1.17357	1.20808	1.22641	1.23352	1.23756	1.23662	1.22589	1.20325	1.17689	1.14976	1.11641	1.07829	1.04621	1.01658	0.993147	0.972113	0.956197	0.947589	0.937559	0.927139	0.914725	0.909755	0.910436	0.917782	0.922552	0.918229	0.928261	0.938479	0.961128	0.989409	0.973298	0.966376	0.969088	0.996185	0.999756	1.01033	1.00578	1.01961	1.05044	1.06518	1.0749	1.08349	1.10207	1.11052	1.11325	1.11008	1.13392	1.15685	1.20993
154	1.063910	1.155180	1.040268	10.222529	-1.714406	-1.341316	0.595925	0.595925	0.595925	0.595925	0.595925	0.595925	0.595925	0.595645	0.595198	0.594319	0.592743	0.59192	0.593315	0.792318	0.921237	1.00677	1.07888	1.15211	1.20803	1.2519	1.28257	1.30068	1.30981	1.31395	1.31886	1.32839	1.34213	1.38507	1.43855	1.47056	1.49302	1.50513	1.50788	1.48473	1.4672	1.44401	1.42042	1.39135	1.36685	1.33788	1.3157	1.29817	1.28651	1.27369	1.25991	1.23502	1.19313	1.14659	1.09574	1.04943	1.01653	0.998951	0.996982	1.01054	1.04106	1.08364	1.12916	1.17295	1.20755	1.22706	1.23416	1.23648	1.23471	1.22484	1.20794	1.17829	1.14544	1.11472	1.07658	1.04151	1.01479	0.989478	0.97064	0.952658	0.944921	0.932649	0.921165	0.917078	0.912485	0.918868	0.927452	0.925608	0.92069	0.933419	0.946762	0.960984	0.973319	0.97358	0.978868	0.980607	0.989611	1.01589	1.01001	1.00001	1.02574	1.06727	1.12599	1.12434	1.11362	1.10493	1.09035	1.10708	1.11914	1.13126	1.14875	1.15299
155	1.068263	1.158018	1.049226	10.243986	-1.655256	-1.437558	0.701746	0.701746	0.701746	0.701746	0.701746	0.701746	0.701746	0.701587	0.701235	0.700379	0.698706	0.697925	0.699751	0.811008	0.935935	1.03496	1.0972	1.16092	1.21483	1.2591	1.28599	1.29981	1.3079	1.31628	1.32639	1.33263	1.349	1.39158	1.43442	1.48156	1.50031	1.50847	1.50937	1.49455	1.47073	1.45342	1.43587	1.40182	1.37117	1.33717	1.31229	1.29481	1.2856	1.27576	1.26336	1.24175	1.19877	1.14796	1.09751	1.05246	1.0178	0.99891	0.996409	1.01183	1.04414	1.08721	1.1307	1.17497	1.20568	1.22631	1.23704	1.24081	1.24009	1.22887	1.2088	1.17996	1.15043	1.11838	1.08407	1.05273	1.02322	0.996312	0.975002	0.955329	0.943528	0.931835	0.920582	0.917571	0.920554	0.920234	0.91958	0.925034	0.932608	0.939494	0.946952	0.958695	0.972319	0.973961	0.982881	0.990858	0.998911	1.03012	1.02284	1.02634	1.04778	1.07725	1.13044	1.15368	1.14219	1.12178	1.13342	1.17322	1.18528	1.18004	1.18806	1.22265

156	1.094118	1.187569	1.066952	10.465347	-1.717327	-1.317344	0.633397	0.633397	0.633397	0.633397	0.633397	0.633397	0.633397	0.633134	0.632696	0.631799	0.630162	0.629326	0.630846	0.804422	0.942853	1.03442	1.10701	1.17715	1.2374	1.28477	1.3127	1.32887	1.34106	1.34969	1.35439	1.3629	1.38299	1.42229	1.4594	1.5018	1.53527	1.54464	1.53447	1.52223	1.51186	1.49407	1.45867	1.42218	1.40252	1.37614	1.35609	1.33611	1.31965	1.30578	1.29169	1.26615	1.22625	1.1777	1.12878	1.08153	1.04936	1.02969	1.02334	1.03847	1.07165	1.11097	1.1551	1.19924	1.23661	1.26274	1.27127	1.27362	1.27532	1.2649	1.24277	1.21438	1.18225	1.14817	1.10881	1.07273	1.0451	1.02407	1.00211	0.980573	0.969512	0.964885	0.95006	0.938772	0.933118	0.936105	0.952464	0.953575	0.944297	0.948816	0.958188	0.978626	1.00612	1.00859	1.00881	1.01127	1.02399	1.02477	1.01168	1.0154	1.05663	1.09935	1.12846	1.14829	1.15106	1.17316	1.17464	1.13686	1.13907	1.17705	1.17247	1.22641
157	1.098442	1.190856	1.075008	10.489745	-1.674661	-1.393147	0.68973	0.68973	0.68973	0.68973	0.68973	0.68973	0.68973	0.68953	0.689141	0.688254	0.686564	0.685749	0.687501	0.864999	0.975641	1.05779	1.10525	1.17693	1.23923	1.28762	1.31657	1.3293	1.33904	1.34751	1.35227	1.36435	1.39431	1.44412	1.48357	1.52255	1.54177	1.54953	1.54178	1.5298	1.51574	1.50001	1.47192	1.43542	1.40347	1.3798	1.35884	1.33844	1.321	1.30792	1.29285	1.26781	1.22499	1.17587	1.13159	1.08843	1.05358	1.03258	1.02732	1.04232	1.07602	1.11448	1.15741	1.19995	1.2392	1.2653	1.27129	1.27537	1.27461	1.26748	1.2469	1.2152	1.18093	1.14961	1.11474	1.07865	1.05041	1.02881	1.00516	0.983619	0.968198	0.964268	0.957451	0.948392	0.941209	0.948358	0.96065	0.963104	0.954028	0.958873	0.967978	0.980083	1.00219	1.01212	1.03147	1.0545	1.04943	1.05314	1.0645	1.06007	1.05481	1.09923	1.14378	1.16873	1.16571	1.16169	1.16118	1.17095	1.20175	1.21966	1.22521	1.2588
158	1.093533	1.187356	1.067156	10.463762	-1.730502	-1.323079	0.610402	0.610402	0.610402	0.610402	0.610402	0.610402	0.610402	0.610112	0.609652	0.608749	0.607132	0.606286	0.60771	0.789165	0.940827	1.05011	1.11521	1.17772	1.2357	1.28351	1.31278	1.32847	1.33881	1.34855	1.35605	1.36464	1.38386	1.42726	1.46214	1.50413	1.53223	1.54762	1.54971	1.53148	1.51942	1.48706	1.45764	1.43053	1.40519	1.37576	1.35591	1.33853	1.318	1.30301	1.2902	1.2645	1.22395	1.17736	1.12715	1.08239	1.04923	1.02908	1.02579	1.0389	1.0716	1.11257	1.15448	1.1983	1.2379	1.26124	1.26983	1.27392	1.2751	1.26776	1.24239	1.20905	1.1779	1.14489	1.10552	1.06963	1.04522	1.02638	1.00171	0.978882	0.966042	0.961011	0.951237	0.944321	0.942604	0.937356	0.947632	0.949597	0.940473	0.945367	0.956524	0.980265	0.994899	1.00394	1.02678	1.02702	1.03556	1.05377	1.0685	1.05533	1.05336	1.07054	1.09378	1.12805	1.14554	1.09624	1.10463	1.14562	1.16445	1.19034	1.22016	1.20936
159	1.097258	1.190606	1.072132	10.487892	-1.707115	-1.354332	0.644407	0.644407	0.644407	0.644407	0.644407	0.644407	0.644407	0.644155	0.643724	0.642826	0.641176	0.640341	0.641906	0.832645	0.964142	1.05013	1.11947	1.18432	1.24052	1.2846	1.31136	1.32631	1.33917	1.34675	1.35629	1.36723	1.38969	1.42972	1.4681	1.5178	1.54926	1.55217	1.55033	1.54304	1.5214	1.49673	1.46475	1.43457	1.41283	1.38844	1.36222	1.33766	1.31994	1.30963	1.2937	1.26558	1.22789	1.18027	1.12967	1.08336	1.04935	1.03184	1.02636	1.04151	1.07405	1.11475	1.1604	1.20138	1.23795	1.26384	1.27506	1.27477	1.27408	1.26503	1.24181	1.21256	1.1823	1.14695	1.106	1.07364	1.04895	1.0281	1.00475	0.984807	0.971776	0.967763	0.960025	0.948088	0.94189	0.941859	0.956426	0.959982	0.956561	0.964468	0.975629	0.995282	1.01795	1.02481	1.03669	1.02957	1.04456	1.05834	1.04875	1.05237	1.0941	1.12739	1.16606	1.19062	1.17026	1.15233	1.16416	1.19965	1.24214	1.24934	1.26438	1.28812
160	1.095480	1.188978	1.069808	10.475807	-1.715793	-1.341165	0.627536	0.627536	0.627536	0.627536	0.627536	0.627536	0.627536	0.627265	0.626819	0.625919	0.624285	0.623445	0.62494	0.810416	0.949494	1.03691	1.1169	1.18363	1.23557	1.28168	1.31297	1.32709	1.33819	1.35046	1.35996	1.3644	1.38617	1.42929	1.46916	1.52469	1.5477	1.5474	1.54662	1.53149	1.52123	1.4937	1.46088	1.42883	1.40711	1.37903	1.35282	1.3355	1.3197	1.30942	1.29477	1.26805	1.22428	1.17715	1.12889	1.08403	1.04976	1.03101	1.02618	1.04059	1.07234	1.11127	1.15519	1.19797	1.23804	1.26534	1.27288	1.27562	1.27383	1.26376	1.24218	1.21363	1.18167	1.14874	1.11199	1.07421	1.04505	1.02426	1.00321	0.983222	0.969688	0.964357	0.951873	0.946319	0.940096	0.943043	0.950411	0.950156	0.945751	0.956165	0.966046	0.982164	0.992863	1.00508	1.02783	1.02721	1.02254	1.03855	1.04694	1.06499	1.08352	1.10229	1.11762	1.16135	1.19024	1.15647	1.15023	1.14324	1.17482	1.23934	1.22885	1.27524
