Reading	X	Y	Z	L*	a*	b*	380.000	383.333	386.667	390.000	393.333	396.667	400.000	403.333	406.667	410.000	413.333	416.667	420.000	423.333	426.667	430.000	433.333	436.667	440.000	443.333	446.667	450.000	453.333	456.667	460.000	463.333	466.667	470.000	473.333	476.667	480.000	483.333	486.667	490.000	493.333	496.667	500.000	503.333	506.667	510.000	513.333	516.667	520.000	523.333	526.667	530.000	533.333	536.667	540.000	543.333	546.667	550.000	553.333	556.667	560.000	563.333	566.667	570.000	573.333	576.667	580.000	583.333	586.667	590.000	593.333	596.667	600.000	603.333	606.667	610.000	613.333	616.667	620.000	623.333	626.667	630.000	633.333	636.667	640.000	643.333	646.667	650.000	653.333	656.667	660.000	663.333	666.667	670.000	673.333	676.667	680.000	683.333	686.667	690.000	693.333	696.667	700.000	703.333	706.667	710.000	713.333	716.667	720.000	723.333	726.667	730.000
1	0.158333	0.156996	0.124222	1.418135	0.280964	0.099766	-0.16445	-0.16445	-0.16445	-0.16445	-0.16445	-0.16445	-0.16445	-0.164771	-0.165057	-0.165233	-0.165227	-0.16544	-0.166257	0.0196198	0.0940339	0.134706	0.159816	0.160651	0.162973	0.173351	0.181376	0.181407	0.181253	0.176413	0.172272	0.172502	0.169821	0.172712	0.178941	0.186143	0.180219	0.176878	0.172612	0.169276	0.163966	0.160678	0.15288	0.150686	0.149993	0.14715	0.145798	0.142502	0.140352	0.138821	0.137433	0.134622	0.132117	0.132992	0.133673	0.135118	0.132817	0.133161	0.136139	0.143692	0.15195	0.157639	0.162537	0.169589	0.174152	0.17887	0.180197	0.180674	0.183746	0.183171	0.184261	0.187012	0.187618	0.181754	0.175796	0.170391	0.163661	0.159889	0.164759	0.16297	0.161219	0.160663	0.162728	0.158686	0.158148	0.153932	0.154249	0.160669	0.167307	0.169643	0.172052	0.177893	0.176406	0.170594	0.17342	0.172488	0.177386	0.197639	0.196117	0.195528	0.206521	0.212389	0.215631	0.232096	0.24177	0.269821	0.245727	0.260086	0.291552	0.293896	0.313789	0.356967
2	0.156655	0.155305	0.121277	1.402867	0.278997	0.129047	-0.209517	-0.209517	-0.209517	-0.209517	-0.209517	-0.209517	-0.209517	-0.209889	-0.210216	-0.210402	-0.210355	-0.210586	-0.211592	-0.0426893	0.0854013	0.117434	0.147559	0.159065	0.165396	0.175318	0.17941	0.180241	0.180056	0.17653	0.172534	0.176796	0.176882	0.178433	0.182872	0.185553	0.180906	0.173329	0.178392	0.173593	0.168919	0.156074	0.154794	0.149054	0.142485	0.145592	0.145455	0.142339	0.138909	0.137555	0.132914	0.131106	0.130509	0.130489	0.131483	0.13066	0.131163	0.132131	0.134504	0.140805	0.14586	0.15306	0.161727	0.170833	0.175163	0.176045	0.177467	0.179575	0.178263	0.180964	0.184777	0.185566	0.186851	0.181817	0.172904	0.166805	0.163552	0.158575	0.158934	0.159982	0.159746	0.162017	0.160308	0.158735	0.159401	0.165367	0.168185	0.170588	0.176443	0.181193	0.174356	0.172535	0.174021	0.161377	0.149444	0.160419	0.17477	0.18257	0.201897	0.204225	0.195247	0.216862	0.252812	0.231877	0.230071	0.259151	0.277546	0.270289	0.269879	0.24496	0.283176	0.380644
3	0.156938	0.155898	0.120121	1.408225	0.267344	0.160103	-0.286742	-0.286742	-0.286742	-0.286742	-0.286742	-0.286742	-0.286742	-0.287205	-0.287604	-0.287811	-0.287696	-0.28796	-0.289282	-0.0353578	0.068467	0.127699	0.158252	0.162597	0.166577	0.174757	0.180906	0.18217	0.183552	0.180861	0.179671	0.178983	0.178909	0.179578	0.179159	0.179019	0.181103	0.184607	0.180226	0.173913	0.171487	0.16535	0.152901	0.146466	0.146476	0.14901	0.14203	0.137808	0.138743	0.133462	0.129096	0.134621	0.138426	0.135069	0.135115	0.133847	0.131428	0.131711	0.13565	0.139236	0.146871	0.155533	0.159952	0.167496	0.172355	0.176119	0.177728	0.176247	0.177922	0.181801	0.184629	0.185866	0.184671	0.179492	0.17276	0.167528	0.167714	0.166308	0.163647	0.163584	0.163065	0.161705	0.159869	0.162637	0.166171	0.158914	0.156762	0.163885	0.168324	0.173315	0.180801	0.199289	0.196158	0.180445	0.185331	0.180473	0.174731	0.200996	0.195292	0.190139	0.189133	0.184887	0.177415	0.193635	0.241976	0.250272	0.259266	0.292493	0.291364	0.361169	0.34889	0.349546
4	0.159547	0.158121	0.122785	1.428297	0.286149	0.144412	-0.208487	-0.208487	-0.208487	-0.208487	-0.208487	-0.208487	-0.208487	-0.208861	-0.209188	-0.209377	-0.209333	-0.209565	-0.210567	-0.00774639	0.076083	0.116363	0.155534	0.166758	0.17287	0.177085	0.180376	0.181284	0.181274	0.179247	0.17398	0.176042	0.175777	0.176891	0.177617	0.175559	0.169256	0.178199	0.183546	0.181835	0.176452	0.166706	0.159538	0.157802	0.151328	0.149743	0.149703	0.146579	0.144643	0.138979	0.133668	0.12832	0.130112	0.134365	0.13536	0.136444	0.134794	0.133782	0.13705	0.142449	0.147647	0.156055	0.163524	0.170035	0.175093	0.177248	0.179475	0.178963	0.182229	0.18527	0.186804	0.189064	0.188896	0.18316	0.1799	0.17532	0.16755	0.166576	0.167339	0.163959	0.159999	0.16166	0.16567	0.164389	0.163381	0.162352	0.165504	0.173554	0.173886	0.169782	0.181499	0.186829	0.18337	0.187373	0.176123	0.178955	0.189659	0.193713	0.200718	0.195323	0.200065	0.214116	0.226879	0.229485	0.277094	0.273166	0.270907	0.320447	0.33955	0.308044	0.355833	0.41828
5	0.158366	0.158112	0.121318	1.428224	0.238775	0.171987	-0.219003	-0.219003	-0.219003	-0.219003	-0.219003	-0.219003	-0.219003	-0.219389	-0.219726	-0.219917	-0.219863	-0.2201	-0.221147	-0.04205	0.0764607	0.127465	0.155303	0.167731	0.173675	0.178039	0.182252	0.182866	0.179378	0.178918	0.175388	0.171327	0.164714	0.16449	0.172148	0.177374	0.182578	0.189681	0.182709	0.174866	0.169962	0.158894	0.150433	0.152884	0.15332	0.151597	0.150206	0.14952	0.146269	0.138974	0.134268	0.134701	0.134773	0.133893	0.136147	0.136523	0.13407	0.134249	0.140262	0.144939	0.15006	0.156045	0.163143	0.167339	0.17391	0.179772	0.182474	0.18243	0.180181	0.18548	0.189321	0.187436	0.185777	0.182712	0.175584	0.170083	0.166388	0.163246	0.164076	0.163714	0.15905	0.155463	0.155336	0.158819	0.155376	0.157431	0.161749	0.171024	0.181813	0.182034	0.177733	0.176678	0.174674	0.179234	0.192747	0.188797	0.174998	0.178092	0.200976	0.194822	0.186111	0.223449	0.236102	0.242124	0.231827	0.25505	0.300906	0.305765	0.308452	0.316962	0.335598	0.416238

6	0.161320	0.159344	0.130486	1.439348	0.310138	0.018086	-0.112058	-0.112058	-0.112058	-0.112058	-0.112058	-0.112058	-0.112058	-0.112321	-0.112561	-0.112728	-0.112771	-0.112965	-0.11357	0.033702	0.0984845	0.133588	0.158136	0.169832	0.172295	0.177838	0.182667	0.182237	0.181305	0.178855	0.176265	0.179646	0.179472	0.185566	0.195807	0.190329	0.18048	0.178101	0.182164	0.183972	0.177466	0.168385	0.164404	0.162244	0.151333	0.147533	0.146585	0.143807	0.142319	0.142481	0.140068	0.139637	0.138583	0.136548	0.135076	0.132768	0.133357	0.135584	0.138505	0.142853	0.147645	0.155138	0.164265	0.170958	0.174586	0.177366	0.180025	0.180616	0.185597	0.188988	0.192116	0.190639	0.186457	0.183197	0.17775	0.172951	0.169143	0.166103	0.166824	0.16645	0.164497	0.163315	0.163742	0.162123	0.15889	0.161127	0.166947	0.177947	0.17957	0.176344	0.172357	0.167697	0.161903	0.157529	0.165861	0.181551	0.20381	0.202837	0.195513	0.195654	0.206325	0.208937	0.206016	0.231486	0.248047	0.27095	0.27228	0.292976	0.315452	0.317501	0.320744	0.373758
7	0.163468	0.161475	0.132138	1.458596	0.313883	0.020076	-0.123237	-0.123237	-0.123237	-0.123237	-0.123237	-0.123237	-0.123237	-0.123515	-0.123767	-0.123939	-0.123975	-0.124176	-0.124831	0.0135647	0.0896477	0.14474	0.163772	0.168523	0.17593	0.18143	0.187137	0.18772	0.185768	0.183757	0.18374	0.180998	0.181884	0.183263	0.183404	0.196143	0.19651	0.187993	0.186017	0.181556	0.177336	0.16921	0.167404	0.163998	0.154491	0.147808	0.147257	0.148478	0.147204	0.14429	0.140057	0.137269	0.13574	0.136409	0.138933	0.137656	0.136432	0.138143	0.139776	0.144286	0.151234	0.155724	0.164273	0.17213	0.18006	0.184175	0.1858	0.186958	0.184966	0.187549	0.192038	0.192707	0.191307	0.187335	0.182042	0.171547	0.165256	0.165366	0.168665	0.1666	0.165812	0.167397	0.16557	0.159773	0.159059	0.166731	0.177889	0.180201	0.177408	0.178648	0.177156	0.18517	0.182955	0.178299	0.183472	0.18101	0.182392	0.199123	0.209561	0.211835	0.226435	0.237923	0.232713	0.236592	0.235806	0.286101	0.318042	0.310589	0.328964	0.366003	0.409856	0.438096
8	0.163138	0.160970	0.130316	1.454040	0.320229	0.046615	-0.118484	-0.118484	-0.118484	-0.118484	-0.118484	-0.118484	-0.118484	-0.118755	-0.119002	-0.119172	-0.119211	-0.119408	-0.120042	0.0224484	0.101993	0.125196	0.154157	0.170804	0.17328	0.179572	0.184376	0.184097	0.183048	0.181689	0.18083	0.177765	0.178957	0.18661	0.189	0.182361	0.180324	0.181758	0.188434	0.186334	0.175832	0.165097	0.166489	0.160577	0.15913	0.153688	0.148969	0.149185	0.147749	0.142076	0.138236	0.138333	0.137078	0.137229	0.135621	0.135494	0.134006	0.133976	0.13816	0.143467	0.15014	0.158227	0.166839	0.174636	0.178897	0.179803	0.181341	0.182481	0.18395	0.185665	0.192626	0.195586	0.191971	0.186468	0.179178	0.174361	0.171053	0.16636	0.165465	0.164759	0.167791	0.168133	0.164941	0.164059	0.165442	0.168965	0.175907	0.181065	0.179127	0.18161	0.184239	0.187601	0.181326	0.182482	0.193724	0.195081	0.175199	0.191759	0.204581	0.221619	0.227041	0.22741	0.212719	0.245283	0.252911	0.257377	0.287432	0.312862	0.299215	0.328863	0.379694	0.431275
9	0.161172	0.159619	0.127999	1.441836	0.293438	0.069315	-0.174143	-0.174143	-0.174143	-0.174143	-0.174143	-0.174143	-0.174143	-0.174478	-0.174775	-0.174957	-0.174945	-0.175164	-0.17602	0.0660626	0.109231	0.121014	0.149476	0.163371	0.167902	0.176444	0.180747	0.181004	0.18107	0.181842	0.178567	0.176301	0.178752	0.186931	0.191777	0.19096	0.19146	0.188157	0.181922	0.176045	0.171861	0.168464	0.164645	0.159569	0.149212	0.144693	0.145855	0.14548	0.146105	0.143858	0.137231	0.135625	0.135424	0.139101	0.139631	0.138162	0.13594	0.133857	0.13582	0.141333	0.147023	0.156073	0.165421	0.172749	0.175463	0.17683	0.181269	0.182346	0.183769	0.187411	0.192666	0.192417	0.189255	0.187157	0.180136	0.172319	0.169059	0.166004	0.164679	0.16271	0.16291	0.161122	0.156768	0.158786	0.157499	0.163402	0.169796	0.167018	0.176079	0.18332	0.180157	0.184102	0.19245	0.192826	0.190524	0.190148	0.181788	0.191325	0.204773	0.204864	0.203519	0.229954	0.247753	0.247755	0.245945	0.239395	0.278295	0.321422	0.300434	0.310906	0.353058	0.389935
10	0.160844	0.158914	0.128630	1.435463	0.307659	0.046420	-0.156291	-0.156291	-0.156291	-0.156291	-0.156291	-0.156291	-0.156291	-0.156605	-0.156886	-0.157063	-0.157066	-0.157278	-0.158062	0.0512427	0.102342	0.129406	0.159655	0.172645	0.172433	0.177086	0.182519	0.183726	0.182414	0.179013	0.176111	0.174967	0.176192	0.184747	0.190005	0.192244	0.184285	0.176136	0.180207	0.179141	0.170348	0.16427	0.164435	0.15529	0.150792	0.148708	0.147083	0.145091	0.144126	0.142829	0.137491	0.133207	0.13169	0.135456	0.135682	0.135317	0.135989	0.137903	0.139575	0.142539	0.148105	0.156996	0.164726	0.170613	0.173996	0.174497	0.179264	0.183079	0.185744	0.188899	0.191105	0.189366	0.185258	0.18281	0.177035	0.173312	0.168699	0.161916	0.162421	0.166213	0.165809	0.164025	0.162604	0.163228	0.165448	0.166031	0.169158	0.175299	0.172538	0.166629	0.166637	0.171409	0.177541	0.180772	0.182648	0.184328	0.189247	0.194361	0.217996	0.216802	0.209657	0.197682	0.207624	0.22371	0.231168	0.276184	0.283068	0.25913	0.292509	0.331685	0.346242	0.349418

11	0.164550	0.163381	0.132369	1.475814	0.283365	0.045412	-0.141411	-0.141411	-0.141411	-0.141411	-0.141411	-0.141411	-0.141411	-0.141711	-0.141981	-0.142159	-0.142179	-0.142388	-0.14312	0.00748734	0.0941459	0.131034	0.160517	0.168344	0.169844	0.178925	0.183318	0.184128	0.18497	0.184981	0.18101	0.185881	0.191281	0.192281	0.192294	0.201632	0.211187	0.202493	0.188295	0.18591	0.178579	0.168243	0.168215	0.161204	0.155949	0.151446	0.147186	0.148516	0.14867	0.147159	0.145214	0.142491	0.140889	0.140203	0.139907	0.139903	0.139037	0.138937	0.143572	0.147784	0.152452	0.159477	0.167784	0.174335	0.179405	0.183149	0.184061	0.184232	0.184437	0.187745	0.190895	0.192565	0.190791	0.188686	0.183024	0.175098	0.171213	0.171535	0.171076	0.167353	0.16798	0.17022	0.166492	0.168843	0.171451	0.166708	0.171707	0.177962	0.179345	0.17965	0.177508	0.173991	0.168339	0.171709	0.186353	0.177311	0.181342	0.197716	0.204563	0.2054	0.22511	0.23589	0.243503	0.247164	0.252256	0.281629	0.311488	0.327253	0.312153	0.371661	0.394412	0.410507
12	0.168632	0.166619	0.136800	1.505063	0.322124	0.012185	-0.099844	-0.099844	-0.099844	-0.099844	-0.099844	-0.099844	-0.099844	-0.100099	-0.100333	-0.100504	-0.100564	-0.100759	-0.101321	0.0354945	0.118457	0.148934	0.16759	0.170529	0.177081	0.184548	0.187664	0.187646	0.184883	0.186791	0.185765	0.186251	0.18377	0.189307	0.194197	0.200458	0.20238	0.204488	0.194209	0.186486	0.183856	0.180147	0.168685	0.166059	0.157369	0.157703	0.156369	0.155627	0.154606	0.149472	0.144716	0.144221	0.142612	0.143722	0.143721	0.141629	0.141547	0.140502	0.141974	0.148981	0.155918	0.162733	0.16774	0.174844	0.184538	0.188194	0.188488	0.189814	0.188909	0.193553	0.19731	0.194365	0.189656	0.187445	0.184891	0.181471	0.178265	0.175647	0.171982	0.169958	0.1725	0.173256	0.175785	0.174959	0.176094	0.173508	0.179411	0.186081	0.187627	0.185709	0.181514	0.18233	0.180019	0.189184	0.19369	0.202503	0.214922	0.219103	0.222178	0.233453	0.23692	0.232051	0.245042	0.277719	0.295502	0.317972	0.318403	0.320774	0.359045	0.405959	0.429211	0.410601
13	0.165633	0.163112	0.135382	1.473387	0.337558	-0.015673	-0.0247417	-0.0247417	-0.0247417	-0.0247417	-0.0247417	-0.0247417	-0.0247417	-0.0249061	-0.0250682	-0.0252171	-0.0253411	-0.0255013	-0.0257559	0.0195348	0.0737734	0.130753	0.164663	0.164905	0.172041	0.182861	0.188109	0.188945	0.185627	0.18443	0.189611	0.185724	0.179076	0.184007	0.186874	0.188756	0.192954	0.193326	0.186198	0.174711	0.178888	0.173801	0.161561	0.154723	0.157253	0.156297	0.152768	0.146369	0.146284	0.144986	0.139581	0.139778	0.140783	0.142192	0.139377	0.139893	0.139609	0.140234	0.141892	0.146895	0.153075	0.15955	0.167877	0.175685	0.180065	0.181438	0.1834	0.184946	0.186152	0.189028	0.194376	0.194498	0.190622	0.187872	0.181198	0.176676	0.174846	0.172766	0.171271	0.170581	0.170288	0.165219	0.161882	0.158378	0.162066	0.167269	0.174711	0.178611	0.177967	0.182737	0.180968	0.173495	0.185556	0.192443	0.194699	0.195989	0.195699	0.215604	0.21557	0.227709	0.243559	0.238369	0.266235	0.260995	0.251467	0.24699	0.276057	0.310366	0.310735	0.341087	0.359522	0.415629
14	0.159845	0.158553	0.123831	1.432202	0.281378	0.131415	-0.189212	-0.189212	-0.189212	-0.189212	-0.189212	-0.189212	-0.189212	-0.189563	-0.189873	-0.190057	-0.19003	-0.190254	-0.191176	-0.00661845	0.0746935	0.129152	0.150505	0.160886	0.167371	0.176788	0.183347	0.181969	0.178887	0.176732	0.177211	0.175306	0.173219	0.17974	0.181645	0.18573	0.186195	0.184705	0.181388	0.172171	0.166882	0.164348	0.159859	0.151888	0.144639	0.142388	0.141148	0.145746	0.14435	0.141582	0.139173	0.137931	0.136223	0.13635	0.135461	0.135567	0.135768	0.135131	0.137236	0.144494	0.14995	0.155338	0.162088	0.170021	0.175057	0.178891	0.180261	0.180604	0.182963	0.186591	0.188188	0.189252	0.187721	0.182546	0.17701	0.171186	0.167229	0.165463	0.166454	0.167671	0.16616	0.166472	0.164936	0.162026	0.160294	0.161009	0.163372	0.175977	0.182304	0.179087	0.167578	0.171488	0.182635	0.177721	0.162634	0.163757	0.185904	0.195632	0.205042	0.202568	0.199886	0.217682	0.203779	0.188154	0.210692	0.218936	0.22399	0.236659	0.272007	0.319909	0.349323	0.338418
15	0.161394	0.161065	0.122059	1.454892	0.246125	0.203989	-0.265991	-0.265991	-0.265991	-0.265991	-0.265991	-0.265991	-0.265991	-0.266433	-0.266816	-0.267021	-0.266928	-0.267186	-0.268429	-0.049445	0.0670356	0.120113	0.145272	0.161923	0.173393	0.178512	0.182159	0.185698	0.183686	0.178135	0.173946	0.180441	0.185009	0.187313	0.186223	0.187891	0.185879	0.181608	0.179786	0.182673	0.184318	0.175734	0.167779	0.153735	0.148071	0.147189	0.144497	0.143837	0.142904	0.141977	0.139925	0.13701	0.136972	0.137658	0.13847	0.137427	0.13614	0.13708	0.139219	0.145194	0.150695	0.155432	0.164271	0.17431	0.18228	0.18555	0.187111	0.18734	0.186604	0.190053	0.195454	0.195834	0.189618	0.182866	0.177219	0.174417	0.170372	0.166488	0.168805	0.165618	0.1639	0.165084	0.161033	0.159337	0.164931	0.169632	0.174204	0.173991	0.169087	0.165485	0.168328	0.172316	0.177002	0.179639	0.183918	0.192126	0.192723	0.200816	0.20836	0.191474	0.199445	0.219598	0.226718	0.217052	0.231446	0.258798	0.285111	0.271895	0.284291	0.289862	0.303613	0.344973

16	0.165931	0.165533	0.131939	1.495254	0.255350	0.087041	-0.187932	-0.187932	-0.187932	-0.187932	-0.187932	-0.187932	-0.187932	-0.188288	-0.188603	-0.188793	-0.188774	-0.189005	-0.189927	0.012695	0.0882351	0.132491	0.161949	0.173522	0.17515	0.182281	0.185542	0.186642	0.187567	0.183138	0.181987	0.188908	0.19084	0.194506	0.19454	0.19664	0.195177	0.202977	0.205868	0.190474	0.182252	0.176325	0.166631	0.166019	0.166301	0.158656	0.150956	0.150828	0.150625	0.147667	0.146752	0.144488	0.142323	0.142253	0.142196	0.140817	0.139685	0.140083	0.14256	0.147581	0.152878	0.161859	0.169029	0.177303	0.183407	0.186036	0.19084	0.19171	0.189776	0.189324	0.192172	0.194921	0.194002	0.189384	0.183254	0.177643	0.174934	0.172964	0.172012	0.168656	0.167629	0.168233	0.16929	0.170798	0.17095	0.165047	0.16663	0.169739	0.173757	0.177244	0.179079	0.186208	0.190053	0.179592	0.179534	0.177984	0.183377	0.189211	0.207029	0.233088	0.243923	0.230069	0.23439	0.240375	0.235905	0.236827	0.269963	0.297973	0.297789	0.302848	0.330978	0.373726
17	0.164246	0.163839	0.125620	1.479951	0.253253	0.179951	-0.198856	-0.198856	-0.198856	-0.198856	-0.198856	-0.198856	-0.198856	-0.199222	-0.199545	-0.199735	-0.199703	-0.199936	-0.200906	-0.0488248	0.0820289	0.120877	0.149789	0.166247	0.171124	0.180077	0.18529	0.183179	0.181801	0.182704	0.181244	0.182301	0.182288	0.180012	0.185226	0.183106	0.186229	0.188799	0.185764	0.18596	0.183434	0.168082	0.165618	0.163976	0.154622	0.151248	0.152681	0.150247	0.149307	0.147943	0.144358	0.140343	0.139719	0.14124	0.140813	0.139215	0.138438	0.138182	0.141163	0.145953	0.151053	0.16112	0.169072	0.174585	0.182956	0.187008	0.187606	0.189627	0.188435	0.193488	0.196873	0.19538	0.191941	0.18635	0.182578	0.180751	0.174466	0.17131	0.16909	0.169497	0.16857	0.165179	0.165046	0.165991	0.165325	0.163858	0.167897	0.172011	0.17714	0.187339	0.181785	0.172492	0.174152	0.173372	0.191725	0.200374	0.184505	0.188673	0.202395	0.203236	0.219015	0.227724	0.228817	0.234308	0.253885	0.253834	0.280236	0.328101	0.318767	0.299441	0.315566	0.371568
18	0.169479	0.167552	0.135625	1.513494	0.320016	0.048896	-0.103149	-0.103149	-0.103149	-0.103149	-0.103149	-0.103149	-0.103149	-0.103407	-0.103645	-0.103816	-0.103873	-0.104069	-0.104646	0.0236971	0.101585	0.131921	0.15683	0.168899	0.17643	0.182766	0.186293	0.186573	0.185464	0.183331	0.185267	0.187913	0.1903	0.192797	0.19832	0.202456	0.204337	0.20238	0.20104	0.190311	0.182226	0.175275	0.1674	0.163079	0.161077	0.154579	0.155206	0.154405	0.151624	0.150403	0.145387	0.13886	0.141458	0.143661	0.142824	0.142948	0.142018	0.140507	0.144142	0.150088	0.158278	0.16619	0.17469	0.181471	0.186499	0.189538	0.190795	0.18928	0.190564	0.193174	0.19815	0.196846	0.194352	0.192449	0.189922	0.182876	0.176491	0.175382	0.175398	0.173081	0.171947	0.176363	0.171123	0.168366	0.169134	0.171438	0.179301	0.182349	0.185291	0.189958	0.196285	0.192384	0.182871	0.192126	0.201224	0.192823	0.203773	0.205207	0.199481	0.202979	0.197893	0.218764	0.260534	0.285698	0.314271	0.284072	0.272505	0.288284	0.325893	0.352318	0.391384	0.437273
19	0.169847	0.168671	0.138322	1.523599	0.291303	0.015408	-0.0860115	-0.0860115	-0.0860115	-0.0860115	-0.0860115	-0.0860115	-0.0860115	-0.0862512	-0.0864744	-0.0866423	-0.0867162	-0.0869065	-0.0874113	0.0598416	0.11504	0.145773	0.170155	0.171614	0.176999	0.182756	0.188233	0.188048	0.187334	0.187303	0.187094	0.187578	0.184379	0.189567	0.193299	0.200413	0.200916	0.199473	0.20041	0.20225	0.19221	0.178619	0.168103	0.165031	0.167858	0.163321	0.160939	0.159	0.157947	0.153868	0.147886	0.145131	0.14381	0.142664	0.143203	0.144855	0.142217	0.142018	0.143253	0.147446	0.157091	0.164387	0.171192	0.179777	0.189023	0.194189	0.196022	0.19443	0.194782	0.195633	0.197418	0.195497	0.193944	0.189148	0.184644	0.181266	0.17786	0.174212	0.173396	0.171042	0.170464	0.169045	0.168612	0.170181	0.170524	0.173238	0.180334	0.187909	0.187186	0.181711	0.182764	0.189711	0.184864	0.177315	0.191148	0.195698	0.198252	0.216071	0.215734	0.21514	0.219778	0.218198	0.261882	0.289745	0.253889	0.277857	0.322348	0.344455	0.366204	0.356895	0.37171	0.413899
20	0.167446	0.165953	0.133871	1.499046	0.300168	0.057103	-0.11671	-0.11671	-0.11671	-0.11671	-0.11671	-0.11671	-0.11671	-0.116983	-0.117232	-0.117405	-0.11745	-0.11765	-0.11828	0.0320284	0.0941691	0.135487	0.16459	0.173674	0.177255	0.183663	0.18598	0.187653	0.187124	0.185107	0.184028	0.185098	0.182883	0.182336	0.186872	0.198021	0.195968	0.192344	0.193613	0.180043	0.179777	0.18063	0.173668	0.164394	0.161028	0.155208	0.151704	0.149886	0.150264	0.147421	0.142659	0.143696	0.140049	0.139063	0.140377	0.142224	0.141878	0.141492	0.145407	0.150862	0.159094	0.164347	0.17143	0.180584	0.182309	0.184345	0.18855	0.190277	0.191205	0.193202	0.19496	0.195952	0.195801	0.192558	0.184132	0.177041	0.173815	0.171819	0.173583	0.175134	0.17283	0.16847	0.167134	0.16993	0.165851	0.167129	0.175432	0.181594	0.183611	0.17136	0.167714	0.185085	0.183852	0.188152	0.189	0.187357	0.192632	0.204497	0.197491	0.194864	0.19428	0.196729	0.219353	0.247091	0.266686	0.264248	0.263679	0.272131	0.305514	0.347088	0.356053	0.412735

21	0.168845	0.169696	0.128235	1.532853	0.210941	0.221801	-0.251164	-0.251164	-0.251164	-0.251164	-0.251164	-0.251164	-0.251164	-0.251595	-0.251971	-0.252179	-0.252106	-0.252365	-0.253554	-0.0415571	0.0739348	0.124898	0.1528	0.164828	0.175852	0.184356	0.188224	0.190159	0.190471	0.187495	0.183949	0.185061	0.186293	0.187734	0.19745	0.197585	0.199274	0.197186	0.197264	0.197142	0.193502	0.184426	0.174466	0.168625	0.162187	0.160412	0.156609	0.155063	0.155052	0.151633	0.147316	0.144967	0.144906	0.146735	0.146701	0.142865	0.143016	0.145336	0.149326	0.154503	0.159553	0.166442	0.174288	0.183817	0.187267	0.193528	0.195014	0.193249	0.193588	0.197452	0.198805	0.200686	0.199307	0.195321	0.189106	0.182851	0.179128	0.174251	0.173466	0.17269	0.170355	0.174527	0.177145	0.172356	0.17261	0.174083	0.171477	0.17239	0.17476	0.171418	0.170072	0.17607	0.179913	0.176303	0.187879	0.186056	0.203642	0.215177	0.228242	0.228643	0.221884	0.21905	0.24027	0.24149	0.252888	0.231155	0.266937	0.288599	0.322231	0.368308	0.372247	0.416251
22	0.169659	0.169933	0.131703	1.534995	0.234590	0.160004	-0.191932	-0.191932	-0.191932	-0.191932	-0.191932	-0.191932	-0.191932	-0.192295	-0.192617	-0.192811	-0.192791	-0.193026	-0.193972	-0.0258423	0.0819784	0.1276	0.158981	0.172438	0.175234	0.183688	0.191529	0.191228	0.188606	0.188458	0.188387	0.190291	0.192094	0.190073	0.191752	0.197256	0.195213	0.192644	0.183742	0.185101	0.192639	0.190688	0.181811	0.174532	0.16451	0.164419	0.155223	0.15507	0.154335	0.153762	0.150493	0.145723	0.144072	0.145498	0.144514	0.145916	0.144623	0.145722	0.148431	0.152249	0.156017	0.163764	0.174576	0.184838	0.189276	0.193964	0.195693	0.194825	0.196005	0.201371	0.200835	0.200603	0.199043	0.195407	0.187775	0.180679	0.177221	0.175206	0.17436	0.170917	0.170282	0.170589	0.168924	0.170967	0.170074	0.168316	0.171907	0.177976	0.185755	0.18753	0.181686	0.180253	0.18047	0.179332	0.191169	0.199971	0.204912	0.206465	0.20294	0.21476	0.219526	0.228384	0.242908	0.24584	0.232157	0.259832	0.277246	0.254794	0.262911	0.314314	0.41146	0.433182
23	0.171392	0.170499	0.135375	1.540113	0.282504	0.099514	-0.115965	-0.115965	-0.115965	-0.115965	-0.115965	-0.115965	-0.115965	-0.11624	-0.116492	-0.116668	-0.116716	-0.116919	-0.11755	0.031954	0.0980754	0.133754	0.155095	0.171671	0.18118	0.187588	0.190181	0.191567	0.191491	0.18568	0.181112	0.183246	0.184101	0.186455	0.194787	0.197714	0.198843	0.199436	0.191668	0.189874	0.189848	0.180278	0.174351	0.171201	0.16171	0.156199	0.155286	0.158207	0.156609	0.15349	0.151442	0.150852	0.146444	0.146292	0.145903	0.146547	0.144732	0.144913	0.148511	0.153748	0.160168	0.165843	0.174491	0.183321	0.18961	0.194038	0.194414	0.195443	0.196722	0.196944	0.197771	0.199789	0.19857	0.195938	0.191414	0.184307	0.176939	0.172707	0.173028	0.174394	0.175038	0.176076	0.173338	0.16857	0.172884	0.177075	0.175761	0.181759	0.191253	0.191473	0.186539	0.192882	0.192532	0.195624	0.20613	0.211344	0.21513	0.208194	0.212552	0.199405	0.204157	0.238307	0.243497	0.246202	0.300014	0.30731	0.325219	0.334749	0.337934	0.317923	0.352068	0.380835
24	0.171761	0.170858	0.136274	1.543356	0.283427	0.088132	-0.128644	-0.128644	-0.128644	-0.128644	-0.128644	-0.128644	-0.128644	-0.128934	-0.129198	-0.129378	-0.129416	-0.129626	-0.130312	-0.000114781	0.0918859	0.13359	0.159853	0.17516	0.179197	0.184877	0.190432	0.192236	0.192637	0.190563	0.187323	0.189852	0.186301	0.192135	0.201649	0.205004	0.19925	0.200473	0.194609	0.190263	0.190525	0.189363	0.181363	0.172508	0.168907	0.159038	0.156246	0.157785	0.157574	0.154194	0.14723	0.14287	0.14785	0.148477	0.146625	0.145953	0.144639	0.144946	0.148113	0.154342	0.161432	0.168929	0.176882	0.183465	0.188495	0.18881	0.191626	0.1921	0.192203	0.198004	0.203208	0.202526	0.199122	0.193113	0.188056	0.183782	0.17917	0.178106	0.178321	0.176802	0.175328	0.176724	0.175506	0.174316	0.173892	0.175779	0.181275	0.189255	0.190603	0.18815	0.190295	0.189991	0.188531	0.196517	0.190269	0.196577	0.211087	0.211145	0.215013	0.216865	0.215207	0.230535	0.235369	0.23492	0.263382	0.290629	0.245089	0.250982	0.315146	0.354934	0.351597	0.387391
25	0.167625	0.168491	0.132103	1.521977	0.208557	0.130025	-0.160279	-0.160279	-0.160279	-0.160279	-0.160279	-0.160279	-0.160279	-0.160604	-0.160895	-0.16108	-0.161087	-0.161307	-0.162121	-0.0112654	0.0761907	0.133119	0.15543	0.167727	0.176353	0.184453	0.188221	0.187738	0.18681	0.184423	0.183432	0.183141	0.187098	0.192084	0.202545	0.203191	0.200774	0.194106	0.189022	0.184228	0.187337	0.178638	0.174068	0.171575	0.165271	0.156307	0.150804	0.15565	0.157855	0.154688	0.149566	0.147616	0.14825	0.146363	0.146201	0.146057	0.145209	0.143361	0.145325	0.150812	0.157459	0.165433	0.172495	0.181826	0.188607	0.191298	0.193535	0.194507	0.193447	0.195588	0.196973	0.19864	0.194244	0.188653	0.184941	0.178777	0.17218	0.170255	0.172611	0.172749	0.169034	0.16541	0.167647	0.166886	0.166333	0.17304	0.180236	0.180002	0.17653	0.171924	0.167863	0.16878	0.164745	0.174581	0.182484	0.188139	0.190127	0.194308	0.20427	0.208399	0.188778	0.193485	0.214092	0.203431	0.183408	0.219743	0.229944	0.246262	0.277748	0.335767	0.368918	0.363806

26	0.175988	0.176637	0.139728	1.595558	0.229106	0.112924	-0.136566	-0.136566	-0.136566	-0.136566	-0.136566	-0.136566	-0.136566	-0.13687	-0.137146	-0.137332	-0.137367	-0.137585	-0.138309	0.00237294	0.084094	0.13593	0.16653	0.176331	0.183095	0.191237	0.195791	0.195764	0.196388	0.195786	0.196477	0.196603	0.192824	0.196488	0.20361	0.208016	0.206744	0.203345	0.202826	0.202047	0.194258	0.192015	0.187928	0.179234	0.173474	0.169242	0.165839	0.162013	0.16077	0.15982	0.154877	0.154126	0.1536	0.153221	0.15273	0.148985	0.148892	0.152434	0.157287	0.162082	0.167771	0.173378	0.180127	0.18758	0.194467	0.200284	0.204967	0.205983	0.202697	0.202906	0.206576	0.204564	0.200281	0.195996	0.193147	0.18971	0.182233	0.17937	0.180341	0.179667	0.177126	0.175169	0.175549	0.17883	0.181216	0.179834	0.177393	0.183148	0.186781	0.182482	0.174677	0.18633	0.190521	0.193399	0.190703	0.19363	0.203215	0.21328	0.211656	0.226942	0.241437	0.238638	0.251787	0.26008	0.263149	0.24345	0.258853	0.254525	0.300028	0.361541	0.385617	0.369542
27	0.178225	0.179045	0.142006	1.617310	0.225676	0.107415	-0.136963	-0.136963	-0.136963	-0.136963	-0.136963	-0.136963	-0.136963	-0.13727	-0.137548	-0.137736	-0.137773	-0.137993	-0.138718	0.025004	0.106052	0.141797	0.166275	0.182037	0.186326	0.192547	0.195902	0.196644	0.197604	0.198442	0.192981	0.191521	0.194147	0.200572	0.20543	0.210171	0.214704	0.205812	0.20545	0.206004	0.209963	0.199741	0.189026	0.18538	0.175885	0.169107	0.168186	0.166407	0.165412	0.162561	0.157358	0.157356	0.159316	0.157394	0.15443	0.152724	0.151174	0.152667	0.155017	0.160293	0.167317	0.173826	0.181227	0.188416	0.1973	0.203911	0.208126	0.208436	0.207078	0.207544	0.206904	0.206251	0.205059	0.201526	0.197904	0.191005	0.185797	0.183191	0.183015	0.18255	0.180671	0.177883	0.172364	0.17163	0.172438	0.177611	0.181466	0.186748	0.191636	0.197997	0.18725	0.180795	0.191291	0.19147	0.194273	0.210766	0.221679	0.210113	0.217581	0.220385	0.229479	0.227037	0.247289	0.262807	0.275206	0.301831	0.301329	0.319807	0.310951	0.341255	0.360127	0.364867
28	0.174639	0.175383	0.137095	1.584228	0.223495	0.143093	-0.132965	-0.132965	-0.132965	-0.132965	-0.132965	-0.132965	-0.132965	-0.133263	-0.133534	-0.133717	-0.133754	-0.133968	-0.134676	-0.00793595	0.0796043	0.138627	0.159549	0.172187	0.180572	0.18839	0.194421	0.194505	0.193697	0.19183	0.190436	0.188842	0.185281	0.190974	0.205577	0.203836	0.2034	0.207204	0.202627	0.199358	0.192671	0.189616	0.176097	0.169444	0.169096	0.167373	0.164001	0.164327	0.161878	0.157263	0.155427	0.154814	0.154319	0.154236	0.151044	0.148592	0.147308	0.149561	0.151552	0.15705	0.164696	0.172624	0.181159	0.191168	0.197671	0.200877	0.200407	0.201688	0.201942	0.202626	0.206699	0.205287	0.201416	0.199615	0.19293	0.187286	0.183301	0.180461	0.176026	0.17469	0.174136	0.175156	0.177714	0.180873	0.17867	0.17251	0.175317	0.177947	0.178779	0.172919	0.176889	0.176645	0.18282	0.185138	0.193285	0.198134	0.190678	0.196826	0.221143	0.231203	0.221422	0.228914	0.256507	0.243142	0.208627	0.216013	0.236996	0.27075	0.268568	0.281873	0.352961	0.32878
29	0.176573	0.177095	0.140784	1.599694	0.234913	0.100124	-0.143716	-0.143716	-0.143716	-0.143716	-0.143716	-0.143716	-0.143716	-0.144029	-0.144312	-0.1445	-0.14453	-0.144751	-0.145502	0.0208815	0.0960231	0.146392	0.167063	0.175304	0.183739	0.189258	0.193887	0.195988	0.196302	0.195785	0.194243	0.194586	0.196904	0.199803	0.204396	0.212654	0.210145	0.20826	0.212579	0.206165	0.194751	0.188963	0.189373	0.183558	0.172167	0.161259	0.163096	0.165382	0.163015	0.161044	0.157662	0.155101	0.154139	0.152504	0.151333	0.150671	0.150796	0.15131	0.155683	0.162583	0.166816	0.172778	0.180156	0.188025	0.195491	0.200772	0.205942	0.205695	0.202543	0.204065	0.206844	0.206635	0.202692	0.196282	0.192781	0.18875	0.184733	0.179712	0.178751	0.178749	0.180505	0.181596	0.179251	0.179689	0.176751	0.179544	0.182407	0.176071	0.180246	0.181619	0.184294	0.188879	0.18032	0.190766	0.202265	0.18971	0.20109	0.209261	0.214801	0.226905	0.24412	0.247635	0.257379	0.261888	0.267106	0.277173	0.290601	0.276746	0.281179	0.335621	0.381727	0.366578
30	0.180851	0.180459	0.146904	1.630079	0.276702	0.036959	-0.0802086	-0.0802086	-0.0802086	-0.0802086	-0.0802086	-0.0802086	-0.0802086	-0.0804507	-0.0806779	-0.0808541	-0.0809431	-0.0811411	-0.081635	0.0392912	0.116003	0.150413	0.167834	0.179324	0.185239	0.191568	0.197961	0.200684	0.200542	0.196257	0.196345	0.201802	0.201677	0.204747	0.208445	0.217007	0.216004	0.220531	0.219705	0.207732	0.205584	0.19736	0.189663	0.183158	0.177186	0.174545	0.167759	0.164488	0.164726	0.162437	0.15811	0.157362	0.156065	0.157768	0.155274	0.152074	0.150935	0.15172	0.157963	0.162048	0.166889	0.175325	0.182981	0.193013	0.202438	0.207455	0.209832	0.207645	0.208258	0.209194	0.209935	0.209811	0.208022	0.203898	0.198021	0.19311	0.185866	0.180712	0.180873	0.183858	0.184364	0.182398	0.181119	0.178533	0.180808	0.183671	0.185822	0.186276	0.186401	0.189486	0.187697	0.194619	0.202487	0.20113	0.197355	0.210469	0.216944	0.227413	0.24725	0.255506	0.239611	0.2419	0.255611	0.264931	0.297123	0.305414	0.322656	0.388738	0.405653	0.41899	0.418557	0.438386

31	0.185395	0.186307	0.147665	1.682904	0.232491	0.113662	-0.130287	-0.130287	-0.130287	-0.130287	-0.130287	-0.130287	-0.130287	-0.130591	-0.130869	-0.131061	-0.13111	-0.131333	-0.132038	0.0204045	0.106767	0.151071	0.168834	0.184968	0.189411	0.196353	0.203654	0.204925	0.203422	0.202019	0.203619	0.204812	0.202845	0.204398	0.210754	0.217416	0.224289	0.228761	0.223654	0.214368	0.208969	0.203498	0.199141	0.192188	0.188542	0.180584	0.175315	0.172985	0.171231	0.165465	0.162169	0.160197	0.161748	0.16324	0.161406	0.157463	0.155591	0.158904	0.163895	0.168988	0.173439	0.182702	0.190548	0.197012	0.204044	0.212083	0.217114	0.219017	0.216938	0.215664	0.217337	0.215487	0.211828	0.208142	0.205356	0.200472	0.192621	0.190623	0.191329	0.1903	0.189133	0.187899	0.185491	0.183811	0.181788	0.183652	0.18309	0.186055	0.194788	0.191783	0.184871	0.18646	0.194368	0.185568	0.198955	0.2072	0.21473	0.225046	0.216819	0.21725	0.227855	0.24454	0.245883	0.250284	0.261738	0.244974	0.235697	0.256799	0.281629	0.306394	0.328316	0.335009
32	0.186930	0.188494	0.151415	1.702658	0.209301	0.076923	-0.075635	-0.075635	-0.075635	-0.075635	-0.075635	-0.075635	-0.075635	-0.0758773	-0.0761059	-0.0762869	-0.0763859	-0.0765882	-0.07707	0.0374411	0.108204	0.151397	0.17939	0.186381	0.188903	0.195625	0.202186	0.205283	0.205286	0.203027	0.20223	0.205019	0.209951	0.214886	0.217482	0.22153	0.222364	0.224428	0.222956	0.21916	0.210904	0.205582	0.198181	0.185643	0.18155	0.186971	0.184612	0.177013	0.174294	0.17183	0.171253	0.171708	0.168322	0.164336	0.161359	0.159421	0.16011	0.163075	0.167477	0.171168	0.175181	0.181678	0.190408	0.200618	0.208391	0.213531	0.218042	0.217957	0.215415	0.216739	0.218189	0.216589	0.213778	0.211234	0.20526	0.200025	0.194106	0.188489	0.187012	0.185819	0.187069	0.184505	0.183431	0.179664	0.180867	0.188376	0.189846	0.190492	0.190628	0.190112	0.192522	0.195815	0.201436	0.201144	0.2042	0.216066	0.21841	0.227001	0.239095	0.252837	0.253633	0.257799	0.266496	0.281144	0.294628	0.28755	0.319713	0.34191	0.330416	0.33935	0.364114	0.421386
33	0.185600	0.185950	0.150148	1.679679	0.254662	0.061221	-0.0577318	-0.0577318	-0.0577318	-0.0577318	-0.0577318	-0.0577318	-0.0577318	-0.0579515	-0.0581616	-0.0583363	-0.0584493	-0.0586421	-0.0590518	0.00879849	0.106303	0.148241	0.163143	0.177736	0.18677	0.196617	0.203455	0.204773	0.204409	0.204399	0.208256	0.207227	0.204793	0.21084	0.217566	0.221462	0.221294	0.219438	0.219032	0.214177	0.206502	0.205696	0.195798	0.178821	0.178213	0.177495	0.172975	0.172975	0.173134	0.169437	0.165437	0.163998	0.16508	0.162892	0.158513	0.157063	0.157212	0.16068	0.165297	0.169441	0.17292	0.18046	0.189027	0.198449	0.205293	0.208939	0.212708	0.214524	0.216635	0.218312	0.219849	0.214836	0.212388	0.20933	0.202996	0.194595	0.188971	0.186084	0.184266	0.185855	0.185489	0.187501	0.1891	0.185198	0.186829	0.191568	0.195566	0.199134	0.198452	0.194176	0.191531	0.197585	0.196314	0.190266	0.193968	0.200756	0.203302	0.209692	0.218965	0.222855	0.247456	0.263954	0.245712	0.255246	0.256724	0.267528	0.258035	0.281922	0.338917	0.339808	0.364905	0.375258
34	0.185551	0.186165	0.150934	1.681622	0.244321	0.049740	-0.0660163	-0.0660163	-0.0660163	-0.0660163	-0.0660163	-0.0660163	-0.0660163	-0.0662459	-0.0664641	-0.0666411	-0.0667471	-0.0669438	-0.0673854	0.030424	0.102272	0.147615	0.168585	0.186087	0.193267	0.195768	0.202072	0.203685	0.204325	0.204586	0.203909	0.207526	0.206414	0.211451	0.220386	0.225104	0.225078	0.228601	0.217812	0.206588	0.199458	0.201352	0.196575	0.189844	0.183385	0.177283	0.175069	0.173805	0.17061	0.166744	0.165813	0.165603	0.165054	0.163649	0.159727	0.157962	0.156704	0.159936	0.165608	0.16951	0.175326	0.17879	0.187965	0.198714	0.205785	0.212018	0.214988	0.217859	0.216854	0.216489	0.216902	0.215487	0.210461	0.205274	0.202196	0.197367	0.192746	0.18887	0.185714	0.184356	0.185406	0.186079	0.186617	0.185394	0.183306	0.186089	0.190261	0.193171	0.196505	0.193896	0.189381	0.18835	0.19052	0.198043	0.197473	0.188535	0.194619	0.213256	0.224772	0.226204	0.231051	0.239364	0.237532	0.242468	0.281455	0.307599	0.285068	0.274004	0.309708	0.35325	0.316519	0.326089
35	0.187393	0.188361	0.151987	1.701460	0.233188	0.064068	-0.0909964	-0.0909964	-0.0909964	-0.0909964	-0.0909964	-0.0909964	-0.0909964	-0.0912569	-0.0915001	-0.0916851	-0.0917709	-0.0919799	-0.0925246	0.0386219	0.118716	0.156243	0.174921	0.187787	0.193875	0.197336	0.202584	0.204923	0.206235	0.204076	0.20243	0.204595	0.206331	0.212315	0.224012	0.230001	0.230836	0.228078	0.220153	0.216654	0.210425	0.206681	0.198818	0.193832	0.190023	0.183964	0.178776	0.177247	0.178657	0.173206	0.164981	0.167008	0.167537	0.164226	0.160108	0.159156	0.159234	0.162703	0.165583	0.168473	0.175624	0.183597	0.192069	0.201183	0.207785	0.210247	0.213711	0.215787	0.216614	0.216665	0.217399	0.215924	0.210835	0.210476	0.207412	0.199694	0.194159	0.193895	0.192433	0.189787	0.187113	0.184869	0.182415	0.184434	0.186122	0.188946	0.194812	0.19973	0.199612	0.198452	0.195354	0.200113	0.204071	0.206398	0.212414	0.218747	0.220955	0.216386	0.21392	0.238432	0.254595	0.250979	0.257827	0.295839	0.305671	0.295813	0.298865	0.286015	0.268741	0.299152	0.387028	0.438513

36	0.195367	0.197760	0.158287	1.786360	0.189235	0.091501	-0.0524013	-0.0524013	-0.0524013	-0.0524013	-0.0524013	-0.0524013	-0.0524013	-0.0526234	-0.0528375	-0.05302	-0.053147	-0.0533471	-0.0537422	0.0369202	0.0952683	0.151597	0.178826	0.18697	0.196159	0.204221	0.210346	0.213803	0.213332	0.213259	0.212912	0.214785	0.221675	0.222234	0.226646	0.234477	0.237264	0.240676	0.233863	0.22218	0.220531	0.212484	0.205527	0.202488	0.192939	0.187015	0.18848	0.188098	0.184197	0.183643	0.182868	0.180809	0.177612	0.173228	0.170903	0.169509	0.169762	0.172893	0.173817	0.177364	0.184949	0.192281	0.200269	0.209557	0.21766	0.222119	0.227779	0.231025	0.2311	0.232349	0.232447	0.225651	0.217929	0.21395	0.210145	0.207583	0.204079	0.199571	0.195798	0.195165	0.193194	0.190459	0.192729	0.190305	0.186111	0.192818	0.197117	0.198654	0.203698	0.205718	0.206171	0.20259	0.206886	0.209888	0.204666	0.209295	0.214485	0.2151	0.210583	0.233542	0.242568	0.254453	0.250365	0.25314	0.261108	0.246956	0.277844	0.284125	0.290492	0.338616	0.330208	0.33412
37	0.195850	0.198636	0.157817	1.794269	0.174622	0.114008	-0.0302428	-0.0302428	-0.0302428	-0.0302428	-0.0302428	-0.0302428	-0.0302428	-0.0304391	-0.0306327	-0.0308099	-0.0309567	-0.0311477	-0.0314526	0.0368938	0.10088	0.141623	0.170888	0.185729	0.194574	0.205017	0.213151	0.216016	0.213388	0.211022	0.207514	0.20965	0.217335	0.224107	0.224094	0.227779	0.233284	0.228287	0.23019	0.235208	0.22495	0.213902	0.208397	0.197933	0.194375	0.192601	0.194788	0.193418	0.187563	0.182911	0.186047	0.182025	0.176011	0.174334	0.171217	0.169056	0.171091	0.171888	0.17385	0.177835	0.183304	0.19032	0.201524	0.212741	0.220804	0.225883	0.229186	0.231792	0.233664	0.232347	0.229958	0.225629	0.219855	0.217755	0.214472	0.209132	0.203593	0.195338	0.192289	0.195191	0.196968	0.194186	0.193547	0.191115	0.189508	0.191647	0.195376	0.200226	0.200726	0.202956	0.197567	0.192431	0.195769	0.206314	0.214092	0.213568	0.212466	0.219695	0.227925	0.220943	0.235329	0.251422	0.248049	0.26948	0.275636	0.255023	0.267794	0.264943	0.293699	0.308429	0.317608	0.371199
38	0.192811	0.196791	0.152933	1.777610	0.123753	0.177500	-0.138945	-0.138945	-0.138945	-0.138945	-0.138945	-0.138945	-0.138945	-0.139266	-0.13956	-0.139762	-0.139812	-0.140047	-0.140799	-0.00709215	0.0839562	0.149307	0.17319	0.187152	0.196001	0.201986	0.2106	0.215422	0.215287	0.212385	0.212278	0.213622	0.216441	0.220065	0.226736	0.231749	0.227913	0.228377	0.224763	0.225641	0.221195	0.211356	0.205511	0.201616	0.198772	0.194495	0.190864	0.188924	0.185818	0.181222	0.17904	0.177361	0.17652	0.174756	0.170975	0.168531	0.17161	0.17248	0.174819	0.178485	0.183985	0.18966	0.200202	0.210273	0.217593	0.222154	0.22374	0.22638	0.227703	0.230046	0.230766	0.227027	0.21961	0.213526	0.208213	0.204121	0.201798	0.193952	0.1912	0.191822	0.192099	0.188788	0.188464	0.18808	0.187583	0.190245	0.189682	0.195999	0.205384	0.198902	0.190572	0.190136	0.193831	0.205026	0.214147	0.20957	0.205401	0.231263	0.233369	0.229197	0.236694	0.240158	0.253159	0.255218	0.261591	0.2573	0.27771	0.249235	0.265361	0.285235	0.324498	0.359952
39	0.193455	0.196497	0.155386	1.774953	0.161194	0.126605	-0.106362	-0.106362	-0.106362	-0.106362	-0.106362	-0.106362	-0.106362	-0.106646	-0.106909	-0.107104	-0.107182	-0.107404	-0.108021	0.0114848	0.0948858	0.154513	0.179451	0.192873	0.198571	0.204378	0.210045	0.213132	0.214416	0.210473	0.206787	0.213912	0.222312	0.222049	0.225974	0.231335	0.231457	0.233332	0.227134	0.22354	0.220626	0.213846	0.20622	0.202427	0.195327	0.194836	0.193721	0.190007	0.181812	0.177918	0.176374	0.177678	0.175413	0.169623	0.168502	0.17023	0.170118	0.17126	0.172189	0.176893	0.183582	0.191485	0.199202	0.208764	0.218852	0.224572	0.227179	0.231685	0.232359	0.229501	0.226548	0.221666	0.21643	0.212713	0.209325	0.20294	0.199306	0.193745	0.189236	0.191584	0.193002	0.193184	0.190594	0.191586	0.193275	0.197508	0.19713	0.201236	0.205019	0.200201	0.191666	0.194746	0.198622	0.194682	0.206704	0.211575	0.212915	0.203708	0.210009	0.231893	0.247566	0.267665	0.273596	0.287138	0.259579	0.235287	0.248538	0.267397	0.254048	0.250043	0.281963	0.312909
40	0.194091	0.198234	0.152369	1.790636	0.119289	0.210610	-0.145344	-0.145344	-0.145344	-0.145344	-0.145344	-0.145344	-0.145344	-0.145674	-0.145974	-0.146179	-0.146223	-0.146462	-0.147238	0.0133792	0.0900449	0.137738	0.169144	0.185923	0.190183	0.199756	0.209896	0.215571	0.217055	0.215477	0.210954	0.209373	0.207676	0.210283	0.22266	0.236719	0.235985	0.236222	0.236404	0.227931	0.225909	0.220912	0.211497	0.199582	0.196119	0.194228	0.194548	0.191329	0.187068	0.183626	0.182243	0.181709	0.177703	0.174649	0.171385	0.170162	0.170296	0.173538	0.175101	0.178675	0.183734	0.189892	0.199664	0.209369	0.216364	0.222284	0.227361	0.229809	0.231659	0.233164	0.23127	0.224732	0.221564	0.216991	0.212193	0.207444	0.203094	0.199161	0.193	0.188201	0.191775	0.195771	0.195521	0.191654	0.187372	0.192463	0.196005	0.192958	0.192643	0.20097	0.204621	0.199731	0.200359	0.203967	0.21148	0.223717	0.229511	0.232084	0.23578	0.236001	0.247095	0.241523	0.228278	0.252502	0.261706	0.261228	0.254673	0.269298	0.331688	0.352407	0.379709	0.38493

41	0.202144	0.206528	0.161453	1.865558	0.121534	0.168276	-0.0979203	-0.0979203	-0.0979203	-0.0979203	-0.0979203	-0.0979203	-0.0979203	-0.0982016	-0.0984644	-0.0986646	-0.098758	-0.0989844	-0.0995725	0.0365967	0.095119	0.144804	0.174014	0.193856	0.20429	0.21279	0.220309	0.222984	0.22016	0.218759	0.220249	0.22487	0.22654	0.226829	0.230589	0.241405	0.243702	0.239484	0.235402	0.236419	0.237388	0.226993	0.216204	0.211186	0.208471	0.203591	0.200721	0.195849	0.191582	0.190589	0.188875	0.188241	0.186241	0.18045	0.180107	0.18024	0.179824	0.17953	0.181869	0.186454	0.192726	0.201641	0.212234	0.222484	0.232219	0.235462	0.235586	0.23846	0.238985	0.23846	0.241877	0.237211	0.230451	0.224855	0.219562	0.214816	0.208238	0.200796	0.196489	0.197517	0.198108	0.198025	0.197872	0.19668	0.19836	0.197505	0.200467	0.204507	0.202512	0.201669	0.205891	0.206515	0.204398	0.210845	0.213419	0.214019	0.215187	0.222562	0.236552	0.232713	0.234366	0.239572	0.259029	0.24521	0.240664	0.230897	0.223351	0.262259	0.266067	0.256275	0.34414	0.355019
42	0.202505	0.206444	0.162342	1.864804	0.139360	0.150186	-0.0755255	-0.0755255	-0.0755255	-0.0755255	-0.0755255	-0.0755255	-0.0755255	-0.0757807	-0.0760227	-0.0762174	-0.0763307	-0.0765475	-0.077045	0.028952	0.0995261	0.152529	0.181857	0.198876	0.204665	0.211136	0.217965	0.221689	0.221259	0.217908	0.216661	0.21999	0.22063	0.22865	0.237171	0.240122	0.24251	0.238701	0.242597	0.245931	0.232605	0.221059	0.215658	0.20916	0.207447	0.205172	0.199406	0.19515	0.193932	0.190446	0.188346	0.191058	0.187714	0.181695	0.178241	0.178096	0.178324	0.180566	0.180845	0.184546	0.192372	0.201728	0.212084	0.22121	0.226952	0.232963	0.237611	0.241681	0.242613	0.242684	0.239163	0.232736	0.228711	0.222003	0.220915	0.214599	0.206285	0.202409	0.199586	0.199632	0.200787	0.200588	0.199506	0.19873	0.199945	0.198382	0.200106	0.205982	0.203264	0.204254	0.207417	0.20717	0.20617	0.210744	0.220442	0.219121	0.222653	0.224685	0.236478	0.230672	0.233387	0.232277	0.247336	0.256843	0.274079	0.261719	0.288157	0.308376	0.281024	0.261593	0.245823	0.284491
43	0.200753	0.205286	0.159550	1.854345	0.113669	0.184872	-0.0882152	-0.0882152	-0.0882152	-0.0882152	-0.0882152	-0.0882152	-0.0882152	-0.0884837	-0.088736	-0.0889323	-0.0890328	-0.0892534	-0.0898011	0.0289181	0.101638	0.139198	0.171968	0.191745	0.200594	0.209631	0.217559	0.222119	0.219185	0.215439	0.214946	0.219735	0.219736	0.218265	0.227042	0.238044	0.240003	0.237461	0.241832	0.242586	0.23332	0.223773	0.217203	0.214083	0.212543	0.204952	0.197921	0.193613	0.186866	0.187038	0.191509	0.190458	0.183254	0.177987	0.177583	0.17748	0.178036	0.179934	0.1821	0.185298	0.191226	0.199492	0.209396	0.219436	0.226905	0.234356	0.237005	0.238769	0.240477	0.238726	0.239559	0.237351	0.227539	0.219789	0.217719	0.21614	0.208627	0.201828	0.198059	0.197015	0.197848	0.197603	0.199281	0.194917	0.192504	0.19658	0.196722	0.196669	0.198159	0.202533	0.192905	0.194004	0.208403	0.213423	0.212767	0.204419	0.198684	0.199265	0.224699	0.246255	0.243204	0.237907	0.235766	0.254924	0.258851	0.236675	0.260246	0.256696	0.263174	0.281082	0.342416	0.387282
44	0.201434	0.205824	0.159962	1.859201	0.120235	0.185470	-0.100214	-0.100214	-0.100214	-0.100214	-0.100214	-0.100214	-0.100214	-0.100497	-0.100761	-0.100961	-0.101052	-0.101278	-0.101877	0.0101926	0.0869555	0.142914	0.172082	0.193256	0.201302	0.209641	0.217803	0.220939	0.21949	0.218058	0.217925	0.222441	0.224237	0.226001	0.227211	0.238468	0.246643	0.243203	0.245797	0.242293	0.234468	0.230725	0.220156	0.214317	0.207971	0.203293	0.202657	0.196587	0.189568	0.185897	0.189509	0.187871	0.182098	0.178131	0.176748	0.177174	0.177043	0.179206	0.182859	0.18591	0.192108	0.202023	0.212087	0.220322	0.228006	0.231756	0.235359	0.240028	0.239988	0.239282	0.240309	0.236924	0.228187	0.22308	0.221013	0.213733	0.207065	0.202888	0.200278	0.20003	0.199953	0.200236	0.198876	0.195003	0.193653	0.196037	0.202623	0.205753	0.201737	0.199121	0.198911	0.197949	0.201022	0.207127	0.217502	0.212125	0.217794	0.232294	0.233526	0.234284	0.236185	0.247689	0.256655	0.250064	0.225444	0.230398	0.275908	0.289344	0.283902	0.307611	0.311258	0.335104
45	0.200434	0.204836	0.158777	1.850280	0.118338	0.192451	-0.10074	-0.10074	-0.10074	-0.10074	-0.10074	-0.10074	-0.10074	-0.101022	-0.101286	-0.101485	-0.101574	-0.101799	-0.1024	0.00454256	0.088461	0.149819	0.178439	0.192168	0.201982	0.209642	0.217193	0.221187	0.21751	0.214191	0.213708	0.218297	0.222964	0.225509	0.229829	0.234863	0.240327	0.241629	0.236823	0.234419	0.226175	0.222891	0.21888	0.212425	0.205402	0.201427	0.199097	0.193644	0.18923	0.187856	0.188014	0.185644	0.182527	0.178512	0.176994	0.177487	0.179606	0.180789	0.18112	0.184639	0.189088	0.197795	0.209655	0.220044	0.227553	0.233762	0.236648	0.238477	0.240137	0.241388	0.240655	0.235324	0.227845	0.225477	0.222354	0.215642	0.207391	0.200047	0.197325	0.201797	0.201334	0.198194	0.197277	0.193059	0.187678	0.187936	0.191383	0.196265	0.198978	0.194604	0.188295	0.185858	0.194834	0.205191	0.209648	0.206435	0.2041	0.214096	0.215064	0.21135	0.221387	0.227622	0.224921	0.230037	0.225291	0.209587	0.230546	0.235328	0.23841	0.254424	0.287271	0.289864

46	0.207330	0.214060	0.163238	1.933595	0.037655	0.251881	-0.121289	-0.121289	-0.121289	-0.121289	-0.121289	-0.121289	-0.121289	-0.121602	-0.121892	-0.122103	-0.122181	-0.122423	-0.123118	-0.0247649	0.0635909	0.136241	0.171915	0.191236	0.205948	0.217909	0.227106	0.228249	0.226747	0.223161	0.225379	0.230513	0.231388	0.234497	0.24175	0.246842	0.253934	0.257525	0.26049	0.250225	0.237758	0.234178	0.231725	0.226553	0.220231	0.216385	0.210128	0.202445	0.197162	0.201297	0.199636	0.19459	0.191575	0.190538	0.187362	0.18431	0.185932	0.18754	0.189246	0.19458	0.20031	0.208331	0.218585	0.228768	0.237792	0.243543	0.247483	0.249842	0.24796	0.248837	0.250446	0.244889	0.233827	0.229341	0.225572	0.220183	0.216367	0.21	0.205764	0.203989	0.202262	0.202912	0.201294	0.199886	0.197116	0.202563	0.205635	0.202215	0.207519	0.20216	0.194112	0.193966	0.200606	0.204711	0.205079	0.195262	0.201118	0.207771	0.206073	0.215736	0.233087	0.229191	0.225563	0.250864	0.255535	0.219932	0.213049	0.249926	0.28154	0.298692	0.276877	0.279589
47	0.210795	0.215889	0.169530	1.950119	0.106379	0.161573	-0.0836316	-0.0836316	-0.0836316	-0.0836316	-0.0836316	-0.0836316	-0.0836316	-0.0839035	-0.0841605	-0.0843648	-0.0844787	-0.084707	-0.0852457	0.0305049	0.103554	0.160549	0.181935	0.198244	0.207449	0.218772	0.227211	0.229357	0.228845	0.226861	0.227675	0.230426	0.235151	0.246627	0.251874	0.257393	0.264391	0.259988	0.252084	0.249762	0.240724	0.232488	0.225013	0.225254	0.218676	0.211508	0.208253	0.205429	0.201409	0.198405	0.20045	0.198797	0.194338	0.190167	0.190804	0.189854	0.18739	0.186443	0.189365	0.194718	0.200393	0.209616	0.220222	0.230087	0.240008	0.248541	0.250765	0.251702	0.251831	0.250665	0.250862	0.246505	0.238254	0.233286	0.228119	0.222747	0.2178	0.211324	0.205732	0.203538	0.206573	0.202481	0.201201	0.203559	0.207741	0.206533	0.206871	0.208609	0.210507	0.209435	0.208273	0.214353	0.220207	0.209407	0.203653	0.213809	0.228331	0.246481	0.257161	0.261542	0.236881	0.235915	0.243955	0.237552	0.256466	0.24873	0.240793	0.284507	0.286115	0.280483	0.290918	0.310965
48	0.209401	0.214817	0.166259	1.940430	0.091848	0.206635	-0.113096	-0.113096	-0.113096	-0.113096	-0.113096	-0.113096	-0.113096	-0.113401	-0.113684	-0.113894	-0.11398	-0.11422	-0.114878	0.0252968	0.0842635	0.148074	0.179172	0.199134	0.20814	0.218107	0.225505	0.227619	0.226714	0.226035	0.228104	0.234057	0.2342	0.236893	0.240513	0.253119	0.257173	0.250748	0.251789	0.246965	0.246672	0.237589	0.229615	0.225831	0.219063	0.214646	0.20658	0.202243	0.198369	0.19787	0.197283	0.195744	0.194346	0.190128	0.187574	0.185478	0.183732	0.185932	0.189656	0.194701	0.202097	0.211506	0.221123	0.229139	0.23761	0.245603	0.248246	0.249319	0.250117	0.252044	0.251368	0.243693	0.236736	0.231358	0.226265	0.220914	0.21631	0.213063	0.207488	0.20469	0.206604	0.208931	0.204902	0.199047	0.198557	0.199824	0.203873	0.208628	0.213174	0.211969	0.206361	0.208245	0.212738	0.220608	0.227495	0.225864	0.227588	0.220251	0.231077	0.235918	0.214175	0.196759	0.212113	0.216143	0.202947	0.209499	0.231252	0.235494	0.26943	0.284163	0.323666	0.302421
49	0.209126	0.215029	0.165035	1.942349	0.072468	0.233048	-0.104916	-0.104916	-0.104916	-0.104916	-0.104916	-0.104916	-0.104916	-0.105211	-0.105486	-0.105694	-0.105787	-0.106023	-0.10665	9.13022e-05	0.0936936	0.154504	0.17955	0.197388	0.208271	0.217037	0.223858	0.229268	0.225698	0.223129	0.225805	0.230602	0.229263	0.230966	0.240017	0.247649	0.25096	0.248969	0.249505	0.25016	0.241439	0.232512	0.228388	0.219538	0.216873	0.21491	0.211787	0.203856	0.197685	0.197835	0.197989	0.199868	0.196826	0.190135	0.187805	0.187926	0.18708	0.188352	0.191638	0.19585	0.202054	0.210385	0.219831	0.230118	0.235349	0.241802	0.247626	0.252268	0.252698	0.250729	0.251849	0.247772	0.238401	0.229773	0.223172	0.2201	0.216911	0.211967	0.2071	0.206795	0.207845	0.203614	0.203096	0.200698	0.198714	0.199485	0.204267	0.213576	0.210614	0.200198	0.198779	0.204488	0.209395	0.204894	0.206849	0.201407	0.212438	0.232617	0.251502	0.23604	0.223033	0.238578	0.234719	0.231808	0.247801	0.231278	0.235154	0.23477	0.272356	0.313038	0.343325	0.283247
50	0.208508	0.214068	0.165896	1.933667	0.084910	0.201826	-0.10288	-0.10288	-0.10288	-0.10288	-0.10288	-0.10288	-0.10288	-0.103172	-0.103445	-0.103652	-0.103747	-0.103982	-0.104599	0.00730342	0.0892991	0.154468	0.178212	0.197449	0.207469	0.218189	0.225708	0.229797	0.227839	0.225355	0.225655	0.232662	0.235808	0.236063	0.241094	0.250497	0.248058	0.245262	0.248187	0.247891	0.240138	0.238345	0.22785	0.216115	0.214028	0.214178	0.210956	0.204553	0.201047	0.201056	0.200011	0.194129	0.19235	0.186534	0.183913	0.184253	0.185025	0.188337	0.189717	0.193034	0.199263	0.209803	0.219183	0.22869	0.23812	0.244512	0.249049	0.252417	0.25216	0.250404	0.249483	0.246867	0.238031	0.230865	0.225073	0.21899	0.213977	0.207868	0.203991	0.200911	0.203184	0.206942	0.206447	0.202434	0.199834	0.202657	0.204776	0.203964	0.204323	0.200975	0.196437	0.204554	0.206286	0.202876	0.209475	0.219681	0.218148	0.201491	0.208213	0.212708	0.211084	0.196581	0.216551	0.255585	0.269808	0.253026	0.23484	0.229263	0.25267	0.260191	0.289679	0.328718

51	0.219980	0.227430	0.175268	2.054366	0.027931	0.232981	-0.146742	-0.146742	-0.146742	-0.146742	-0.146742	-0.146742	-0.146742	-0.147097	-0.147421	-0.147651	-0.147718	-0.147983	-0.148791	0.0204372	0.111285	0.164295	0.1906	0.207677	0.220412	0.22999	0.239101	0.244363	0.243556	0.240715	0.240614	0.243471	0.243277	0.246115	0.258373	0.271737	0.271443	0.266759	0.261444	0.255719	0.254521	0.249681	0.238085	0.234016	0.232205	0.227636	0.225017	0.219065	0.216541	0.216511	0.21639	0.210686	0.207689	0.204384	0.201544	0.198903	0.197923	0.19888	0.200117	0.203985	0.212314	0.22259	0.232423	0.24025	0.250344	0.259302	0.264327	0.264945	0.26311	0.262568	0.264695	0.261532	0.252099	0.242141	0.234564	0.229766	0.22462	0.217934	0.212488	0.21431	0.215634	0.214916	0.212319	0.212182	0.209705	0.207705	0.212277	0.217901	0.219156	0.212769	0.212028	0.21578	0.215993	0.225996	0.23628	0.230536	0.225357	0.22825	0.24594	0.239075	0.218377	0.229292	0.235361	0.234705	0.261309	0.27628	0.30093	0.306637	0.309666	0.334334	0.288853	0.283338
52	0.219854	0.226924	0.176369	2.049799	0.042509	0.204324	-0.0831165	-0.0831165	-0.0831165	-0.0831165	-0.0831165	-0.0831165	-0.0831165	-0.0833962	-0.0836612	-0.0838744	-0.0839979	-0.0842354	-0.084783	0.0195545	0.0990321	0.148911	0.176312	0.204501	0.218671	0.231473	0.239453	0.241787	0.240501	0.238987	0.241065	0.245453	0.251373	0.252341	0.25414	0.259215	0.261988	0.266604	0.270221	0.268869	0.260498	0.247578	0.240611	0.2369	0.234154	0.22634	0.221126	0.216686	0.214418	0.214578	0.215511	0.211561	0.207161	0.202198	0.20167	0.198652	0.19636	0.198587	0.200558	0.206292	0.212548	0.219369	0.22854	0.239315	0.24874	0.25718	0.261962	0.264348	0.264366	0.264743	0.264251	0.259903	0.250021	0.24039	0.232247	0.229486	0.229436	0.223174	0.214096	0.213116	0.215413	0.214677	0.212422	0.213026	0.213511	0.212826	0.215196	0.213641	0.211509	0.209896	0.206366	0.20213	0.209025	0.217484	0.221215	0.228667	0.242548	0.237584	0.240723	0.242644	0.225782	0.229904	0.262974	0.25448	0.243219	0.234347	0.216886	0.243619	0.264448	0.241703	0.265954	0.305589
53	0.218418	0.225077	0.172851	2.033109	0.056469	0.241962	-0.121932	-0.121932	-0.121932	-0.121932	-0.121932	-0.121932	-0.121932	-0.122255	-0.122554	-0.122775	-0.122862	-0.123114	-0.123818	0.0139648	0.0960428	0.158591	0.183489	0.203859	0.216117	0.228241	0.236128	0.239082	0.238252	0.232371	0.229625	0.239974	0.246564	0.251647	0.255512	0.263646	0.265617	0.263391	0.261216	0.259137	0.249526	0.242492	0.236997	0.232921	0.228752	0.227383	0.221619	0.213966	0.213644	0.212658	0.213267	0.209016	0.204073	0.200011	0.198766	0.196275	0.194451	0.195349	0.198305	0.203933	0.209576	0.217968	0.228283	0.23855	0.246386	0.254609	0.26114	0.264328	0.264158	0.263894	0.261288	0.256163	0.24887	0.237302	0.230653	0.228692	0.227644	0.222948	0.215686	0.21163	0.210902	0.213122	0.21585	0.213992	0.210777	0.215057	0.217946	0.221969	0.220286	0.213439	0.216498	0.223872	0.224476	0.213466	0.205558	0.219073	0.224331	0.233086	0.225119	0.230272	0.243337	0.25377	0.258506	0.229198	0.23135	0.24435	0.253739	0.25464	0.211328	0.224704	0.269759	0.303581
54	0.216706	0.223882	0.172159	2.022321	0.033821	0.236425	-0.116054	-0.116054	-0.116054	-0.116054	-0.116054	-0.116054	-0.116054	-0.116369	-0.116662	-0.11688	-0.116971	-0.117219	-0.117894	0.0509937	0.105617	0.142382	0.180825	0.203836	0.216015	0.228939	0.235802	0.237259	0.236279	0.233314	0.235096	0.236089	0.240321	0.246227	0.250285	0.259809	0.26508	0.25778	0.25629	0.251865	0.247964	0.240724	0.232574	0.229919	0.230534	0.224205	0.217478	0.211748	0.209577	0.211787	0.212062	0.20897	0.202105	0.199106	0.197054	0.197848	0.196823	0.197782	0.201244	0.206118	0.210599	0.218249	0.227935	0.237842	0.24714	0.252378	0.258528	0.264501	0.26229	0.259658	0.261304	0.256042	0.245119	0.236971	0.232991	0.228683	0.221361	0.214428	0.209933	0.208186	0.211818	0.212043	0.210503	0.211372	0.20729	0.207139	0.210774	0.21211	0.215126	0.210176	0.200108	0.204844	0.215858	0.214749	0.214427	0.215104	0.236877	0.232835	0.217066	0.217562	0.217222	0.207158	0.200668	0.208736	0.200008	0.215812	0.227225	0.258676	0.255802	0.225882	0.244816	0.285612
55	0.219781	0.227255	0.176916	2.052787	0.026704	0.199148	-0.0668686	-0.0668686	-0.0668686	-0.0668686	-0.0668686	-0.0668686	-0.0668686	-0.0671296	-0.0673798	-0.0675891	-0.0677272	-0.067958	-0.068439	0.024351	0.107958	0.153356	0.18715	0.208765	0.221422	0.232407	0.239439	0.242324	0.240511	0.235077	0.233729	0.238463	0.240147	0.243145	0.255257	0.264214	0.268758	0.271396	0.27039	0.268279	0.263762	0.250416	0.237645	0.240451	0.237705	0.230527	0.223753	0.218841	0.214192	0.218213	0.217493	0.210202	0.203548	0.200472	0.199436	0.198573	0.198155	0.199436	0.201995	0.206757	0.213108	0.221838	0.233018	0.242404	0.248113	0.255925	0.263707	0.265656	0.261501	0.260246	0.261754	0.259309	0.24954	0.240187	0.236525	0.232937	0.226895	0.219211	0.213996	0.213273	0.212738	0.213567	0.213156	0.210805	0.208409	0.209958	0.212951	0.216286	0.212432	0.208222	0.207434	0.21198	0.21392	0.220743	0.22015	0.217492	0.223431	0.233239	0.231812	0.225567	0.23345	0.22477	0.234257	0.264579	0.253218	0.232056	0.250389	0.242618	0.258684	0.322244	0.35249	0.322659

56	0.229071	0.238775	0.182356	2.156845	-0.046715	0.275846	-0.151621	-0.151621	-0.151621	-0.151621	-0.151621	-0.151621	-0.151621	-0.15199	-0.152328	-0.152567	-0.15264	-0.152917	-0.153756	0.00377133	0.0865639	0.152545	0.192084	0.213271	0.230689	0.24369	0.249567	0.253086	0.253445	0.250896	0.251446	0.256091	0.259538	0.260666	0.271554	0.280558	0.287546	0.287067	0.280664	0.275595	0.262314	0.256236	0.252044	0.250688	0.247545	0.244114	0.238016	0.230545	0.231188	0.229345	0.225805	0.221423	0.219723	0.216211	0.213702	0.212079	0.209652	0.210249	0.211627	0.216205	0.222919	0.231817	0.244044	0.256608	0.265905	0.268435	0.272512	0.276467	0.275455	0.277726	0.276685	0.269292	0.258679	0.24955	0.24452	0.237001	0.234134	0.231624	0.226187	0.223241	0.220645	0.218761	0.219063	0.218574	0.215658	0.218836	0.222301	0.221588	0.224051	0.221318	0.213823	0.220483	0.224521	0.221664	0.216695	0.221201	0.226039	0.230949	0.248368	0.249973	0.224135	0.223669	0.222086	0.22666	0.257235	0.234179	0.254479	0.272623	0.255693	0.294334	0.313738	0.309372
57	0.230286	0.239111	0.183299	2.159882	-0.010715	0.263276	-0.102616	-0.102616	-0.102616	-0.102616	-0.102616	-0.102616	-0.102616	-0.102927	-0.103219	-0.103447	-0.103562	-0.103818	-0.104456	0.0135301	0.107007	0.161131	0.193773	0.215198	0.22752	0.239015	0.248505	0.253072	0.254178	0.251754	0.249976	0.251921	0.254975	0.260912	0.265941	0.269267	0.273325	0.277874	0.274693	0.272944	0.267059	0.259593	0.257511	0.255163	0.245686	0.238974	0.235088	0.230185	0.230862	0.229023	0.224412	0.221608	0.219704	0.216761	0.21326	0.209474	0.211291	0.212545	0.212932	0.216372	0.221781	0.230265	0.242105	0.255755	0.264847	0.271248	0.27499	0.278323	0.279288	0.279297	0.276285	0.27201	0.265173	0.254447	0.246683	0.240754	0.238228	0.232436	0.224676	0.220725	0.218958	0.216375	0.21707	0.221869	0.22425	0.222395	0.219846	0.221945	0.226052	0.220345	0.209697	0.213937	0.220129	0.221677	0.22313	0.230074	0.227427	0.219573	0.216717	0.215047	0.222965	0.235826	0.222211	0.21915	0.21792	0.238435	0.215965	0.207336	0.236679	0.262268	0.281808	0.295044
58	0.232691	0.240907	0.188884	2.176106	0.016441	0.185807	-0.0654437	-0.0654437	-0.0654437	-0.0654437	-0.0654437	-0.0654437	-0.0654437	-0.0657141	-0.0659744	-0.0661951	-0.0663463	-0.0665887	-0.0670732	0.0576268	0.134417	0.177147	0.192344	0.208437	0.226619	0.241967	0.251329	0.255682	0.254682	0.253841	0.253694	0.256544	0.261965	0.264181	0.274391	0.2833	0.283218	0.280971	0.27781	0.276819	0.276983	0.27169	0.265206	0.258588	0.248161	0.237482	0.234738	0.235075	0.23523	0.233738	0.226531	0.224788	0.224198	0.219108	0.214531	0.211169	0.20994	0.211575	0.213142	0.217	0.223108	0.233688	0.245262	0.25426	0.262563	0.270206	0.275252	0.27894	0.278497	0.278455	0.27633	0.270472	0.26168	0.254198	0.246365	0.23915	0.237346	0.237765	0.231834	0.226577	0.223986	0.223616	0.22552	0.221195	0.214987	0.219612	0.228167	0.234387	0.231194	0.223421	0.231796	0.235137	0.232848	0.234583	0.239946	0.252918	0.252633	0.247155	0.256256	0.261727	0.265401	0.258075	0.25627	0.264953	0.288197	0.300061	0.265409	0.276195	0.28332	0.312883	0.352507	0.331109
59	0.228677	0.238428	0.181160	2.153713	-0.049124	0.293031	-0.154235	-0.154235	-0.154235	-0.154235	-0.154235	-0.154235	-0.154235	-0.154606	-0.154945	-0.155185	-0.155254	-0.15553	-0.156377	0.0247819	0.109679	0.156405	0.189647	0.210895	0.224894	0.237433	0.248013	0.253794	0.253738	0.250307	0.249505	0.248692	0.251839	0.260197	0.269663	0.273104	0.278159	0.281269	0.278733	0.272472	0.265367	0.260802	0.257841	0.254713	0.248491	0.240752	0.23671	0.235225	0.232718	0.227738	0.225922	0.221614	0.22008	0.215443	0.211143	0.209064	0.208321	0.210217	0.212283	0.21513	0.222643	0.231308	0.24055	0.252911	0.263024	0.270648	0.274358	0.277175	0.279332	0.2777	0.274081	0.270786	0.261138	0.25108	0.243382	0.237173	0.234741	0.230899	0.229084	0.224493	0.219567	0.219617	0.223311	0.221041	0.215272	0.213862	0.214268	0.212897	0.212635	0.219033	0.216806	0.210405	0.213754	0.21796	0.216002	0.226773	0.235276	0.241052	0.240793	0.226606	0.222466	0.229948	0.252055	0.216833	0.200384	0.206925	0.210701	0.242756	0.241551	0.207674	0.248844	0.272565
60	0.229274	0.238350	0.182294	2.153002	-0.021942	0.270393	-0.143847	-0.143847	-0.143847	-0.143847	-0.143847	-0.143847	-0.143847	-0.144206	-0.144536	-0.144773	-0.144852	-0.145125	-0.14593	0.0173103	0.110774	0.162473	0.188599	0.210606	0.226752	0.240408	0.248757	0.252079	0.253484	0.249783	0.252225	0.25595	0.257759	0.262479	0.264304	0.272642	0.281057	0.279588	0.27875	0.273775	0.271333	0.260704	0.255166	0.248656	0.24262	0.238024	0.237892	0.233228	0.230734	0.23258	0.225859	0.220527	0.218322	0.215068	0.210847	0.207586	0.207217	0.212187	0.212359	0.215431	0.220795	0.230733	0.241334	0.25168	0.262578	0.270878	0.274435	0.278555	0.279977	0.278755	0.275297	0.269894	0.260809	0.248681	0.242485	0.241116	0.236501	0.232177	0.225763	0.224325	0.224189	0.219915	0.218279	0.214087	0.212606	0.21483	0.220143	0.22422	0.231033	0.234317	0.22422	0.214737	0.215458	0.220116	0.222522	0.229423	0.234971	0.232897	0.230162	0.228551	0.217283	0.199914	0.213242	0.241797	0.254904	0.247348	0.239222	0.231941	0.207286	0.216268	0.233428	0.306032

61	0.237647	0.247079	0.193561	2.231857	-0.023707	0.193634	-0.056605	-0.056605	-0.056605	-0.056605	-0.056605	-0.056605	-0.056605	-0.0568699	-0.0571268	-0.0573503	-0.0575145	-0.0577584	-0.0582104	0.07569	0.122161	0.171303	0.199385	0.216893	0.23429	0.250264	0.259025	0.263401	0.263601	0.260239	0.257355	0.254892	0.26469	0.275918	0.280201	0.282803	0.284401	0.286474	0.292575	0.289492	0.28108	0.273811	0.267234	0.263468	0.256078	0.247943	0.244932	0.242389	0.242936	0.239358	0.233882	0.231451	0.229432	0.225201	0.220198	0.21782	0.21553	0.216525	0.220324	0.224573	0.230423	0.238091	0.249102	0.26132	0.272175	0.277853	0.282867	0.288024	0.288224	0.288109	0.286338	0.280009	0.269936	0.259132	0.249756	0.240743	0.237117	0.238339	0.234036	0.228893	0.228373	0.227712	0.228877	0.228764	0.225934	0.218489	0.223287	0.23056	0.231817	0.224538	0.221403	0.226535	0.230577	0.230979	0.224192	0.234919	0.252928	0.248506	0.241355	0.240935	0.234115	0.244031	0.241925	0.239015	0.246479	0.246447	0.264009	0.259884	0.231023	0.239598	0.280842	0.285209
62	0.234942	0.244950	0.190095	2.212622	-0.050055	0.225912	-0.0822199	-0.0822199	-0.0822199	-0.0822199	-0.0822199	-0.0822199	-0.0822199	-0.0825126	-0.0827913	-0.083019	-0.0831584	-0.0834111	-0.0839708	0.0235765	0.107467	0.164268	0.199061	0.2184	0.229888	0.243957	0.253877	0.261996	0.263804	0.261371	0.260261	0.25961	0.264387	0.268661	0.273747	0.284179	0.286767	0.285835	0.285015	0.279168	0.274403	0.270863	0.265989	0.266083	0.260396	0.251415	0.239195	0.232896	0.234344	0.234092	0.233061	0.230592	0.225409	0.221512	0.220023	0.217486	0.216615	0.215727	0.217652	0.223144	0.22921	0.236769	0.250402	0.263295	0.272057	0.276337	0.279201	0.284827	0.287466	0.284755	0.282749	0.274346	0.264707	0.256857	0.247557	0.24131	0.241638	0.238627	0.231911	0.227527	0.22287	0.222532	0.223323	0.220345	0.214398	0.215995	0.219166	0.225293	0.229143	0.222904	0.22053	0.222444	0.222631	0.223478	0.217796	0.227832	0.233043	0.223446	0.211775	0.221677	0.231376	0.222972	0.229883	0.222879	0.217252	0.213821	0.203206	0.206252	0.225985	0.254784	0.299045	0.30361
63	0.238440	0.247618	0.195882	2.236728	-0.012706	0.158209	-0.0161874	-0.0161874	-0.0161874	-0.0161874	-0.0161874	-0.0161874	-0.0161874	-0.016406	-0.0166262	-0.0168406	-0.0170415	-0.0172693	-0.0175593	0.0577162	0.121568	0.173431	0.199645	0.219081	0.231429	0.250922	0.260946	0.263081	0.262899	0.262813	0.26181	0.262055	0.266825	0.271104	0.276488	0.284407	0.289773	0.30172	0.296757	0.286709	0.284537	0.276987	0.268441	0.262881	0.258556	0.249809	0.243426	0.24042	0.238068	0.237602	0.23506	0.235007	0.232317	0.22632	0.222568	0.219354	0.217556	0.217485	0.218208	0.222754	0.230627	0.239612	0.251969	0.261766	0.271614	0.278281	0.28274	0.286501	0.289837	0.288317	0.282369	0.277225	0.26827	0.255074	0.248217	0.246644	0.242334	0.240271	0.236136	0.232121	0.229404	0.227712	0.226639	0.225697	0.223141	0.220009	0.227488	0.230685	0.225382	0.227889	0.230171	0.229527	0.232661	0.246563	0.240809	0.246655	0.251778	0.254303	0.241446	0.242252	0.25018	0.242232	0.232338	0.25064	0.27107	0.251749	0.255001	0.264048	0.284451	0.32065	0.346771	0.315926
64	0.235161	0.245815	0.189132	2.220436	-0.074895	0.257567	-0.120611	-0.120611	-0.120611	-0.120611	-0.120611	-0.120611	-0.120611	-0.120949	-0.121264	-0.121502	-0.121608	-0.121878	-0.122593	0.043474	0.103248	0.14494	0.18593	0.217551	0.233589	0.246139	0.256115	0.260824	0.261764	0.260644	0.260769	0.264716	0.26638	0.273475	0.284144	0.282973	0.281264	0.281581	0.28362	0.287881	0.284698	0.281177	0.270213	0.264132	0.258592	0.24931	0.243954	0.24375	0.241747	0.235727	0.23247	0.231166	0.228524	0.223176	0.219387	0.216299	0.215913	0.216468	0.217912	0.221556	0.229429	0.23824	0.249586	0.2595	0.267901	0.276223	0.282523	0.285417	0.285921	0.287676	0.285539	0.277435	0.265689	0.254385	0.245137	0.241381	0.241109	0.238653	0.233069	0.226949	0.223623	0.223502	0.224666	0.227179	0.224487	0.223561	0.223056	0.220443	0.222665	0.221694	0.217118	0.22115	0.235317	0.242235	0.239707	0.231031	0.204736	0.198963	0.208335	0.209755	0.214408	0.243237	0.243341	0.222933	0.241657	0.261534	0.254232	0.23691	0.228565	0.262667	0.301301	0.365756
65	0.239766	0.248349	0.194362	2.243323	0.012430	0.198267	-0.066043	-0.066043	-0.066043	-0.066043	-0.066043	-0.066043	-0.066043	-0.0663197	-0.0665864	-0.0668131	-0.0669699	-0.0672188	-0.0677103	0.0759314	0.126553	0.164376	0.204639	0.224932	0.235647	0.249098	0.256805	0.259842	0.259344	0.25774	0.26091	0.265749	0.269796	0.275331	0.284325	0.288789	0.292465	0.295775	0.293837	0.286849	0.274156	0.266716	0.259695	0.26062	0.260357	0.254226	0.248306	0.246226	0.245076	0.240141	0.236159	0.229911	0.225297	0.22331	0.219228	0.216559	0.217286	0.218281	0.220446	0.223356	0.228298	0.240474	0.253119	0.263986	0.273679	0.280275	0.284975	0.288288	0.288471	0.289823	0.286279	0.280983	0.269931	0.26065	0.251772	0.246515	0.245598	0.242049	0.23728	0.235271	0.235392	0.230707	0.230686	0.231512	0.226239	0.220398	0.227128	0.233714	0.233291	0.229631	0.231047	0.232492	0.236385	0.246579	0.25003	0.245599	0.245242	0.257854	0.258102	0.249443	0.239001	0.246079	0.239661	0.245258	0.267281	0.276412	0.265124	0.300803	0.327368	0.32802	0.338284	0.358709

66	0.245517	0.255755	0.200284	2.310227	-0.043723	0.201827	-0.0646918	-0.0646918	-0.0646918	-0.0646918	-0.0646918	-0.0646918	-0.0646918	-0.0649728	-0.0652443	-0.0654768	-0.0656412	-0.0658961	-0.0663879	0.086932	0.134415	0.15975	0.196769	0.222801	0.240705	0.256609	0.264853	0.268737	0.269233	0.26615	0.263155	0.269489	0.282504	0.288831	0.293951	0.300858	0.296729	0.311443	0.310028	0.30081	0.297291	0.290465	0.275377	0.267907	0.263188	0.259463	0.255328	0.25169	0.248636	0.245598	0.242813	0.241097	0.237349	0.231914	0.228418	0.226426	0.223917	0.22396	0.227354	0.23238	0.239027	0.248751	0.25868	0.268471	0.279141	0.287633	0.290341	0.295436	0.298378	0.298749	0.29586	0.290094	0.279839	0.267255	0.25736	0.252722	0.248732	0.242051	0.235894	0.238841	0.237433	0.238153	0.238159	0.2316	0.229108	0.22884	0.230215	0.229506	0.231082	0.231409	0.235116	0.241531	0.248871	0.25194	0.237625	0.235121	0.239511	0.227241	0.225015	0.237675	0.250476	0.279596	0.283267	0.267448	0.259357	0.248953	0.283409	0.344708	0.362691	0.355701	0.363034	0.38891
67	0.248902	0.258321	0.205805	2.333400	-0.006933	0.137534	0.0326816	0.0326816	0.0326816	0.0326816	0.0326816	0.0326816	0.0326816	0.0325115	0.0323281	0.0321169	0.0318637	0.0316473	0.0315503	0.0893818	0.128237	0.174047	0.200418	0.226113	0.241193	0.257404	0.268153	0.271793	0.271885	0.270299	0.269403	0.271624	0.281473	0.288989	0.291936	0.302277	0.310053	0.309868	0.303673	0.300895	0.296869	0.284311	0.282334	0.277174	0.268558	0.26301	0.259026	0.254677	0.252616	0.249317	0.245268	0.243208	0.242607	0.237174	0.231479	0.226522	0.226757	0.226429	0.227227	0.232766	0.240413	0.249842	0.260975	0.27218	0.278716	0.286532	0.292911	0.29841	0.300372	0.300886	0.297535	0.290786	0.284033	0.272673	0.261549	0.25531	0.253093	0.250377	0.243094	0.240481	0.237839	0.235264	0.235432	0.232722	0.231028	0.228749	0.235409	0.238522	0.236253	0.235012	0.237797	0.247024	0.252683	0.255691	0.24975	0.260148	0.2568	0.258081	0.260289	0.279955	0.277171	0.281134	0.271389	0.290146	0.306138	0.319772	0.328924	0.295633	0.291714	0.342224	0.403488	0.424177
68	0.244211	0.255305	0.195936	2.306161	-0.078959	0.276910	-0.184542	-0.184542	-0.184542	-0.184542	-0.184542	-0.184542	-0.184542	-0.184962	-0.185344	-0.185606	-0.185664	-0.185969	-0.186956	0.0294546	0.145196	0.182882	0.206894	0.226616	0.2434	0.258546	0.266446	0.269594	0.269711	0.267711	0.26616	0.268028	0.276591	0.286308	0.286128	0.299326	0.309265	0.304937	0.300602	0.300015	0.291482	0.278045	0.274124	0.274974	0.267673	0.259075	0.257	0.252762	0.251976	0.248013	0.242108	0.239595	0.237711	0.232086	0.226971	0.226154	0.223386	0.223009	0.226266	0.229427	0.237197	0.247717	0.259444	0.271062	0.280404	0.285676	0.289172	0.293855	0.298185	0.298012	0.293411	0.286077	0.27705	0.267354	0.259688	0.25462	0.251733	0.245201	0.237554	0.23614	0.232817	0.231143	0.234547	0.23544	0.233493	0.229097	0.233058	0.234655	0.231398	0.2293	0.223798	0.228333	0.241852	0.248774	0.247214	0.244679	0.238461	0.240063	0.247633	0.241064	0.226358	0.242065	0.250096	0.252358	0.275445	0.26877	0.273007	0.273615	0.291221	0.326094	0.343239	0.393012
69	0.242179	0.254045	0.192525	2.294781	-0.111943	0.321682	-0.138641	-0.138641	-0.138641	-0.138641	-0.138641	-0.138641	-0.138641	-0.139006	-0.139343	-0.139591	-0.139688	-0.139971	-0.140769	0.0173757	0.0907897	0.141668	0.190978	0.221386	0.240052	0.254553	0.262013	0.265504	0.26571	0.264812	0.264492	0.263608	0.273241	0.282346	0.288593	0.293968	0.297756	0.303953	0.308249	0.303054	0.286996	0.279168	0.27469	0.269868	0.265909	0.261472	0.252474	0.245254	0.247409	0.245156	0.241025	0.238176	0.235678	0.2315	0.227609	0.226691	0.226001	0.224648	0.226179	0.229556	0.235096	0.243543	0.256796	0.268629	0.280533	0.289613	0.29181	0.295901	0.297349	0.296837	0.293938	0.28594	0.275674	0.265145	0.257456	0.250027	0.245605	0.242565	0.237507	0.232615	0.230041	0.22923	0.232158	0.22664	0.223853	0.226458	0.229873	0.228256	0.227937	0.226511	0.222957	0.231412	0.230499	0.237781	0.248562	0.245916	0.24256	0.224071	0.211796	0.232802	0.230851	0.231167	0.234688	0.256053	0.262676	0.272542	0.28166	0.290306	0.312781	0.338284	0.329497	0.33975
70	0.243514	0.254445	0.196526	2.298397	-0.073614	0.252372	-0.0790977	-0.0790977	-0.0790977	-0.0790977	-0.0790977	-0.0790977	-0.0790977	-0.0793941	-0.0796775	-0.0799123	-0.0800625	-0.0803221	-0.0808773	0.0281574	0.0887909	0.161693	0.198621	0.222547	0.243647	0.259731	0.265516	0.270009	0.268106	0.265692	0.267005	0.266697	0.27367	0.27804	0.286479	0.295617	0.301019	0.301261	0.301041	0.294478	0.290569	0.281376	0.271578	0.269709	0.266847	0.255188	0.249817	0.251991	0.252122	0.248018	0.243377	0.23922	0.237754	0.232597	0.228524	0.226019	0.22176	0.222009	0.22494	0.228359	0.236699	0.248138	0.261725	0.27027	0.277428	0.285743	0.291961	0.29705	0.295596	0.29606	0.294617	0.28702	0.275784	0.264015	0.256918	0.249357	0.244055	0.240401	0.23911	0.237523	0.233476	0.237168	0.235561	0.226981	0.225869	0.231129	0.232915	0.237219	0.23007	0.232971	0.232949	0.225384	0.222173	0.232462	0.243404	0.242999	0.229357	0.218029	0.222586	0.224951	0.23466	0.248441	0.226957	0.220861	0.253889	0.275821	0.258375	0.263646	0.271678	0.30446	0.336067	0.328371

71	0.254718	0.265109	0.212014	2.394723	-0.036376	0.126037	0.0250171	0.0250171	0.0250171	0.0250171	0.0250171	0.0250171	0.0250171	0.0248323	0.0246359	0.0244167	0.0241642	0.0239383	0.0238043	0.0972258	0.142487	0.181788	0.216098	0.234859	0.2527	0.266954	0.274331	0.27781	0.280134	0.280411	0.281113	0.281112	0.286834	0.295717	0.298678	0.305365	0.314196	0.314283	0.305895	0.309067	0.306155	0.296042	0.28794	0.282964	0.276769	0.26738	0.268025	0.264275	0.260832	0.255803	0.254563	0.253919	0.249112	0.242573	0.238137	0.234391	0.231958	0.232149	0.233854	0.239504	0.247878	0.257119	0.268968	0.277677	0.287026	0.296642	0.304398	0.309582	0.310615	0.306913	0.303266	0.297373	0.286548	0.274849	0.262217	0.257461	0.25723	0.253107	0.247932	0.244496	0.240861	0.242628	0.243586	0.23943	0.233584	0.237112	0.241334	0.245773	0.244698	0.246572	0.249067	0.245387	0.248097	0.256423	0.248761	0.247314	0.253196	0.2556	0.258161	0.249642	0.23749	0.242635	0.246028	0.245672	0.251805	0.245372	0.280848	0.323408	0.310771	0.348965	0.382345	0.384181
72	0.253796	0.265739	0.206085	2.400410	-0.098138	0.247781	-0.0909274	-0.0909274	-0.0909274	-0.0909274	-0.0909274	-0.0909274	-0.0909274	-0.0912469	-0.0915508	-0.0917981	-0.0919478	-0.0922225	-0.0928321	0.0711937	0.117492	0.165334	0.206517	0.233001	0.251617	0.265545	0.27581	0.277565	0.278917	0.281293	0.278217	0.277703	0.287549	0.293346	0.301307	0.309327	0.314966	0.321209	0.315046	0.305891	0.308665	0.299067	0.287618	0.281756	0.275298	0.273323	0.270645	0.264226	0.261161	0.258904	0.256334	0.255241	0.249866	0.24438	0.238149	0.235564	0.234093	0.233506	0.236323	0.239327	0.245343	0.254597	0.26715	0.280313	0.288908	0.297284	0.303777	0.307448	0.309109	0.308068	0.302536	0.295777	0.28678	0.274143	0.264578	0.260687	0.25857	0.255803	0.250523	0.244834	0.241105	0.243326	0.244275	0.241419	0.237314	0.235152	0.238045	0.242496	0.241073	0.236555	0.244599	0.24613	0.251276	0.267928	0.255478	0.233797	0.240755	0.268314	0.271141	0.26515	0.260472	0.258107	0.263083	0.273332	0.268165	0.268278	0.279844	0.357563	0.376923	0.369096	0.402841	0.429856
73	0.251350	0.263349	0.201562	2.378821	-0.103831	0.295955	-0.143643	-0.143643	-0.143643	-0.143643	-0.143643	-0.143643	-0.143643	-0.144022	-0.144373	-0.144631	-0.144731	-0.145026	-0.145852	0.0337481	0.10729	0.15936	0.202549	0.232707	0.253735	0.265807	0.27331	0.278513	0.277355	0.279567	0.277883	0.278054	0.285724	0.293796	0.29586	0.302381	0.312951	0.306706	0.306908	0.302801	0.299321	0.285586	0.284627	0.281575	0.271147	0.26832	0.267995	0.265559	0.262726	0.256841	0.251184	0.249564	0.245416	0.239393	0.23453	0.23068	0.22956	0.230201	0.235669	0.240342	0.245679	0.253727	0.26611	0.278531	0.290249	0.298635	0.303171	0.305248	0.304852	0.302551	0.300813	0.296186	0.287237	0.273951	0.264425	0.258644	0.256034	0.252872	0.247352	0.245518	0.243419	0.240453	0.236239	0.232972	0.235236	0.239891	0.237018	0.240976	0.240576	0.231788	0.2307	0.233704	0.236413	0.253014	0.256139	0.238126	0.221333	0.245831	0.251817	0.241627	0.252656	0.259491	0.263003	0.255272	0.243318	0.253204	0.267217	0.31727	0.32556	0.345437	0.391458	0.443465
74	0.253271	0.264572	0.207648	2.389871	-0.073925	0.200105	-0.0714096	-0.0714096	-0.0714096	-0.0714096	-0.0714096	-0.0714096	-0.0714096	-0.071706	-0.0719913	-0.0722334	-0.0723998	-0.0726656	-0.0731954	0.0658156	0.149785	0.181888	0.213915	0.235617	0.252027	0.265576	0.274118	0.278638	0.27806	0.2768	0.277641	0.280095	0.283583	0.289882	0.302265	0.315381	0.322919	0.315889	0.309255	0.304162	0.298699	0.297565	0.291843	0.283112	0.272063	0.261092	0.262054	0.2643	0.262396	0.255978	0.253192	0.253302	0.248916	0.241358	0.237072	0.234207	0.234398	0.234587	0.233614	0.238751	0.24668	0.256704	0.269798	0.283785	0.292789	0.296914	0.300389	0.302713	0.302847	0.304137	0.303032	0.295277	0.284109	0.272456	0.262674	0.260354	0.257139	0.25035	0.249174	0.247631	0.24665	0.240811	0.23782	0.238733	0.236443	0.232624	0.240414	0.242264	0.2424	0.247209	0.236877	0.241767	0.252028	0.252215	0.259051	0.266406	0.254905	0.246225	0.243494	0.242531	0.242932	0.23503	0.232227	0.245455	0.273538	0.305993	0.308631	0.3218	0.369648	0.373911	0.36915	0.416783
75	0.254348	0.266186	0.206656	2.404444	-0.093232	0.243964	-0.135818	-0.135818	-0.135818	-0.135818	-0.135818	-0.135818	-0.135818	-0.13619	-0.136536	-0.136795	-0.136906	-0.1372	-0.137991	0.0942611	0.135685	0.174366	0.210082	0.238102	0.250721	0.2624	0.272524	0.278112	0.279051	0.280413	0.27785	0.279391	0.292649	0.303928	0.311042	0.312273	0.316305	0.31682	0.318292	0.317103	0.309963	0.298672	0.290006	0.28268	0.277056	0.27108	0.26869	0.268696	0.261462	0.256876	0.254377	0.250279	0.246693	0.242641	0.239356	0.236914	0.234502	0.231988	0.236359	0.243078	0.247075	0.257174	0.269269	0.280132	0.290095	0.297657	0.305138	0.306627	0.308925	0.311241	0.30414	0.29573	0.288001	0.277669	0.263008	0.259144	0.257617	0.252825	0.247777	0.246604	0.241513	0.240404	0.240428	0.239578	0.236635	0.24115	0.243487	0.248867	0.250629	0.250934	0.251046	0.251372	0.255829	0.252633	0.254195	0.267485	0.271239	0.2623	0.244617	0.239802	0.249624	0.260301	0.25449	0.265516	0.289696	0.30312	0.324055	0.347406	0.37333	0.392538	0.411692	0.466684

76	0.262004	0.273849	0.214006	2.473670	-0.082456	0.224558	-0.0593482	-0.0593482	-0.0593482	-0.0593482	-0.0593482	-0.0593482	-0.0593482	-0.0596379	-0.0599196	-0.0601666	-0.0603518	-0.060621	-0.0611121	0.0486511	0.112741	0.170566	0.216888	0.247496	0.264148	0.276493	0.285464	0.288326	0.288939	0.287766	0.285266	0.283842	0.29832	0.311196	0.312511	0.319428	0.320325	0.32166	0.319295	0.320655	0.318589	0.3131	0.301315	0.291485	0.285198	0.278537	0.273249	0.273168	0.267093	0.264322	0.2611	0.258769	0.255164	0.252539	0.248111	0.244818	0.2426	0.242093	0.243647	0.247309	0.256402	0.264889	0.273859	0.284289	0.29723	0.307733	0.311187	0.315243	0.317754	0.318187	0.316668	0.306642	0.295479	0.286364	0.275838	0.269503	0.266248	0.262638	0.257947	0.251209	0.248182	0.249411	0.246277	0.242396	0.243003	0.235258	0.241048	0.255187	0.251823	0.249332	0.254999	0.260149	0.260735	0.26789	0.266657	0.259514	0.260752	0.263917	0.252751	0.278711	0.276594	0.274199	0.290094	0.276996	0.281551	0.323682	0.35868	0.353249	0.334265	0.346357	0.364193	0.401801
77	0.260483	0.273883	0.210163	2.473977	-0.145229	0.297636	-0.146419	-0.146419	-0.146419	-0.146419	-0.146419	-0.146419	-0.146419	-0.14681	-0.147172	-0.14744	-0.147547	-0.147852	-0.148699	0.0405545	0.138971	0.169987	0.208903	0.238667	0.257153	0.276019	0.284915	0.286617	0.286783	0.288324	0.288856	0.286061	0.292255	0.310873	0.311864	0.316444	0.32339	0.321105	0.31936	0.32009	0.318237	0.305851	0.30502	0.299603	0.28835	0.279888	0.278476	0.274599	0.271444	0.267523	0.26177	0.260097	0.257062	0.251258	0.245071	0.242927	0.241602	0.239425	0.243604	0.250366	0.256707	0.265675	0.276731	0.288209	0.298234	0.307771	0.313215	0.315698	0.317358	0.315028	0.310816	0.301301	0.29261	0.28481	0.275237	0.26751	0.260988	0.256652	0.251509	0.250397	0.253556	0.254349	0.252162	0.247666	0.244376	0.241248	0.242479	0.248914	0.244604	0.240345	0.251297	0.259002	0.260873	0.261316	0.256451	0.258617	0.265976	0.276631	0.247629	0.233655	0.25758	0.265246	0.253963	0.255788	0.291858	0.322892	0.312715	0.348712	0.334053	0.362058	0.430002	0.414641
78	0.261423	0.274527	0.213730	2.479790	-0.132302	0.240314	-0.0615833	-0.0615833	-0.0615833	-0.0615833	-0.0615833	-0.0615833	-0.0615833	-0.0618756	-0.0621593	-0.0624068	-0.06259	-0.0628601	-0.0633608	0.0438614	0.126441	0.171564	0.216385	0.244202	0.261799	0.273071	0.283249	0.285605	0.285276	0.286444	0.285971	0.287301	0.298299	0.304293	0.314673	0.325064	0.327187	0.325152	0.320831	0.320114	0.312599	0.307402	0.301266	0.29597	0.287453	0.282241	0.277841	0.27837	0.275644	0.271081	0.266515	0.260844	0.256839	0.250567	0.246595	0.245874	0.243602	0.242434	0.242363	0.2465	0.255481	0.264994	0.276652	0.288308	0.299569	0.307764	0.313296	0.314996	0.314946	0.316247	0.315979	0.305743	0.294595	0.28869	0.277991	0.266375	0.260328	0.25936	0.254864	0.247752	0.244587	0.247404	0.248856	0.244024	0.242466	0.244019	0.250756	0.248886	0.244231	0.244809	0.250209	0.255705	0.26665	0.259614	0.245579	0.246906	0.258578	0.250322	0.232544	0.22711	0.248291	0.266517	0.268022	0.276703	0.281697	0.337657	0.350662	0.362071	0.333443	0.37997	0.423123	0.44549
79	0.263921	0.276433	0.213584	2.497011	-0.105677	0.272763	-0.0909659	-0.0909659	-0.0909659	-0.0909659	-0.0909659	-0.0909659	-0.0909659	-0.0912936	-0.0916059	-0.0918618	-0.0920202	-0.092304	-0.0929238	0.0649277	0.125946	0.17531	0.213618	0.243367	0.260587	0.274159	0.28255	0.286362	0.288593	0.287888	0.28582	0.286997	0.293164	0.305091	0.316709	0.326226	0.330924	0.335893	0.324459	0.318105	0.313456	0.308926	0.309529	0.296073	0.288372	0.284253	0.286199	0.283296	0.273786	0.26658	0.265053	0.261221	0.257532	0.251198	0.247009	0.24463	0.241965	0.241623	0.243277	0.250112	0.256277	0.267151	0.278169	0.290337	0.301079	0.308889	0.317687	0.322019	0.322518	0.320462	0.314941	0.305278	0.294697	0.287538	0.278858	0.270863	0.264747	0.260982	0.262831	0.260054	0.253205	0.24927	0.251024	0.251932	0.248832	0.246502	0.248937	0.253686	0.254189	0.255039	0.254729	0.250642	0.260929	0.26362	0.268521	0.269156	0.275489	0.271552	0.26466	0.274489	0.280905	0.274765	0.279743	0.263374	0.258829	0.287444	0.321799	0.38489	0.414907	0.430933	0.433863	0.447597
80	0.259161	0.272588	0.208475	2.462276	-0.148156	0.309322	-0.149501	-0.149501	-0.149501	-0.149501	-0.149501	-0.149501	-0.149501	-0.149894	-0.150257	-0.150525	-0.150628	-0.150933	-0.151792	0.0317137	0.124186	0.167698	0.213268	0.243252	0.258444	0.274393	0.282743	0.284707	0.285369	0.286382	0.286109	0.287022	0.293557	0.303863	0.30995	0.315202	0.321843	0.322702	0.315088	0.308339	0.302855	0.306301	0.301549	0.288229	0.284016	0.276314	0.275812	0.276275	0.272338	0.266972	0.262469	0.259076	0.255166	0.249171	0.245362	0.242177	0.23884	0.240795	0.242454	0.24628	0.253608	0.265023	0.276008	0.288101	0.299852	0.309966	0.31493	0.314389	0.313599	0.313443	0.314083	0.305843	0.292156	0.284407	0.274774	0.265849	0.259249	0.25779	0.254781	0.247132	0.244749	0.244388	0.245	0.240396	0.236542	0.236947	0.245396	0.251242	0.247701	0.245626	0.246712	0.237051	0.244326	0.245042	0.243136	0.250225	0.24975	0.246436	0.27449	0.268768	0.24926	0.253271	0.26873	0.284304	0.294209	0.312375	0.316631	0.366449	0.4028	0.400469	0.397385	0.454976

81	0.275897	0.290109	0.225783	2.620547	-0.154543	0.255433	-0.10744	-0.10744	-0.10744	-0.10744	-0.10744	-0.10744	-0.10744	-0.107798	-0.108138	-0.10841	-0.108566	-0.10887	-0.109569	0.0790962	0.145835	0.183358	0.225044	0.258064	0.275386	0.288088	0.295818	0.299789	0.302484	0.304911	0.30417	0.308503	0.315662	0.324475	0.338382	0.343323	0.33862	0.343422	0.347736	0.346286	0.336446	0.328382	0.320708	0.315918	0.306551	0.302369	0.300301	0.296419	0.290727	0.286459	0.281393	0.27634	0.272444	0.265774	0.261267	0.256638	0.253804	0.255891	0.260739	0.263612	0.269189	0.27795	0.287411	0.29852	0.310434	0.321624	0.33109	0.33387	0.331803	0.331736	0.333288	0.327089	0.316652	0.306619	0.293723	0.279386	0.271061	0.269261	0.26729	0.265571	0.259952	0.259041	0.263369	0.263593	0.26066	0.256033	0.260036	0.268961	0.267589	0.260198	0.256468	0.265943	0.276264	0.279172	0.274331	0.272253	0.281599	0.276302	0.27105	0.258747	0.271329	0.301252	0.294921	0.288466	0.300248	0.31726	0.335915	0.362198	0.406958	0.437209	0.478033	0.496824
82	0.277139	0.290989	0.227454	2.628495	-0.138657	0.237596	-0.0938918	-0.0938918	-0.0938918	-0.0938918	-0.0938918	-0.0938918	-0.0938918	-0.0942354	-0.0945632	-0.094833	-0.0950022	-0.0953008	-0.0959446	0.0842928	0.166492	0.196935	0.239518	0.26163	0.272748	0.287551	0.29792	0.30116	0.303678	0.304433	0.304507	0.305236	0.315078	0.32038	0.33088	0.340909	0.340321	0.344586	0.349258	0.348052	0.341336	0.333571	0.324185	0.315333	0.304957	0.301698	0.302402	0.296268	0.292107	0.288263	0.28805	0.280715	0.272071	0.266702	0.259608	0.254067	0.253057	0.256614	0.259896	0.263355	0.268529	0.277069	0.290042	0.302085	0.313379	0.321684	0.331008	0.336537	0.334773	0.333514	0.33177	0.322173	0.313158	0.303108	0.291741	0.283091	0.280151	0.274318	0.270908	0.270765	0.268385	0.261824	0.261777	0.260249	0.26004	0.25762	0.264197	0.268806	0.262894	0.259048	0.26312	0.265693	0.271652	0.268998	0.26783	0.277014	0.272782	0.284783	0.296967	0.293623	0.297873	0.305807	0.310732	0.302692	0.321085	0.335307	0.371437	0.402124	0.416803	0.427778	0.427969	0.496297
83	0.276951	0.290644	0.228497	2.625372	-0.132787	0.212524	-0.0411492	-0.0411492	-0.0411492	-0.0411492	-0.0411492	-0.0411492	-0.0411492	-0.0414311	-0.0417097	-0.0419663	-0.042182	-0.0424583	-0.0428875	0.079002	0.144692	0.190598	0.224905	0.247658	0.272949	0.290992	0.297781	0.301262	0.304197	0.303765	0.303297	0.30807	0.320004	0.329449	0.333283	0.337896	0.344544	0.350829	0.349186	0.339361	0.332869	0.32821	0.321722	0.317254	0.308957	0.311579	0.307172	0.296433	0.287512	0.281872	0.279877	0.275405	0.273184	0.270113	0.265337	0.258935	0.254546	0.257065	0.258902	0.260919	0.266548	0.276876	0.287126	0.298299	0.31167	0.32334	0.329484	0.3365	0.337844	0.334717	0.331775	0.324689	0.313963	0.302622	0.288971	0.28009	0.276245	0.273428	0.270294	0.266177	0.263351	0.263348	0.261056	0.262009	0.262772	0.258259	0.25725	0.261812	0.267564	0.264497	0.260037	0.269369	0.276998	0.283683	0.285115	0.287337	0.286273	0.296313	0.272015	0.27432	0.301915	0.315045	0.311937	0.324031	0.356494	0.381775	0.383827	0.406551	0.419315	0.431072	0.435569	0.468454
84	0.273859	0.288802	0.224098	2.608734	-0.185909	0.266894	-0.138635	-0.138635	-0.138635	-0.138635	-0.138635	-0.138635	-0.138635	-0.139028	-0.139396	-0.139675	-0.139802	-0.140118	-0.140946	0.0464262	0.145866	0.19376	0.232056	0.253292	0.270465	0.286995	0.297678	0.30244	0.306395	0.30355	0.300004	0.301978	0.315348	0.32509	0.335305	0.347117	0.344969	0.348559	0.343636	0.337739	0.339987	0.330082	0.321152	0.314032	0.304248	0.302746	0.30016	0.296497	0.288089	0.281969	0.284275	0.278268	0.270264	0.263483	0.258064	0.255908	0.253927	0.255691	0.256911	0.262018	0.268407	0.276107	0.287269	0.299614	0.311745	0.323153	0.328752	0.32964	0.331631	0.331562	0.330918	0.322061	0.308614	0.301929	0.293478	0.281557	0.273604	0.273021	0.269901	0.264423	0.260462	0.262948	0.260006	0.253914	0.250945	0.251051	0.253119	0.259614	0.263186	0.255328	0.247343	0.250634	0.251992	0.253032	0.259472	0.267248	0.256867	0.247713	0.246685	0.244702	0.232301	0.23524	0.279152	0.303458	0.291559	0.309235	0.357145	0.374012	0.388581	0.376419	0.414224	0.432169
85	0.280444	0.293379	0.235587	2.650084	-0.098259	0.121275	0.00208595	0.00208595	0.00208595	0.00208595	0.00208595	0.00208595	0.00208595	0.00185128	0.00160968	0.0013605	0.00110333	0.000842204	0.000592887	0.143717	0.187598	0.207489	0.233393	0.259715	0.280417	0.291169	0.30087	0.303653	0.303223	0.305572	0.309789	0.312356	0.321345	0.326981	0.33177	0.34185	0.348801	0.357328	0.362196	0.355126	0.349821	0.345062	0.334017	0.322384	0.313001	0.306208	0.299639	0.296389	0.292984	0.287056	0.285877	0.279979	0.275793	0.270479	0.262383	0.256781	0.256066	0.25677	0.258379	0.263858	0.270887	0.280438	0.291801	0.304886	0.314383	0.323095	0.334558	0.339709	0.340212	0.337692	0.333619	0.324844	0.316033	0.306491	0.293922	0.283745	0.277999	0.274176	0.272871	0.268842	0.26875	0.269663	0.269304	0.263351	0.256625	0.258391	0.264245	0.269599	0.25924	0.261563	0.27029	0.276457	0.282044	0.286029	0.291548	0.280361	0.274942	0.276917	0.280838	0.296583	0.299001	0.302074	0.319958	0.332763	0.376455	0.404167	0.409803	0.392988	0.432656	0.482112	0.494374	0.512651

86	0.293484	0.308485	0.246518	2.786532	-0.159816	0.150146	-0.0159588	-0.0159588	-0.0159588	-0.0159588	-0.0159588	-0.0159588	-0.0159588	-0.0162265	-0.0164972	-0.0167635	-0.0170177	-0.0172997	-0.0176385	0.123953	0.187199	0.217232	0.254726	0.27892	0.295907	0.308151	0.313518	0.315662	0.320567	0.32078	0.32002	0.32262	0.331205	0.343992	0.364521	0.374837	0.373517	0.3743	0.371627	0.361437	0.355754	0.355321	0.34752	0.337556	0.325174	0.322438	0.325924	0.320127	0.311438	0.305326	0.303847	0.300489	0.293589	0.286551	0.279105	0.274163	0.271984	0.271153	0.272026	0.277086	0.282487	0.291978	0.305372	0.31775	0.327263	0.339535	0.348364	0.356655	0.358064	0.352578	0.348255	0.341055	0.332459	0.31955	0.307182	0.29728	0.288405	0.283753	0.281623	0.281543	0.280607	0.280959	0.277812	0.275121	0.271649	0.270418	0.276315	0.284522	0.279848	0.274637	0.279085	0.292255	0.293996	0.298064	0.299754	0.294991	0.293774	0.290766	0.298278	0.302866	0.302011	0.309703	0.330557	0.353495	0.369336	0.39414	0.396682	0.425662	0.439894	0.444587	0.47382	0.524034
87	0.293209	0.308042	0.245172	2.782535	-0.153689	0.168663	-0.0187384	-0.0187384	-0.0187384	-0.0187384	-0.0187384	-0.0187384	-0.0187384	-0.0190087	-0.0192813	-0.0195476	-0.0197986	-0.0200812	-0.0204315	0.116097	0.186698	0.208014	0.239511	0.272896	0.292601	0.303477	0.310862	0.316203	0.322582	0.322605	0.319218	0.327398	0.336933	0.347331	0.357066	0.368884	0.372427	0.374179	0.371314	0.363312	0.357904	0.349221	0.349344	0.343512	0.330513	0.32196	0.317095	0.30897	0.307123	0.30571	0.303052	0.299137	0.293187	0.283966	0.277059	0.274408	0.274155	0.274321	0.274274	0.276941	0.282078	0.291185	0.301735	0.315218	0.329469	0.338877	0.347457	0.354746	0.357525	0.356934	0.352113	0.342206	0.328145	0.31855	0.310395	0.298525	0.287391	0.285514	0.285401	0.281855	0.281247	0.277699	0.275897	0.270693	0.269381	0.270626	0.273535	0.273674	0.278545	0.27893	0.283201	0.292566	0.297258	0.301492	0.300823	0.2936	0.300126	0.29872	0.301089	0.305744	0.298966	0.314648	0.338595	0.3592	0.392697	0.419213	0.416002	0.440088	0.460732	0.473284	0.498669	0.525566
88	0.289646	0.305411	0.241165	2.758765	-0.195135	0.203337	-0.0609377	-0.0609377	-0.0609377	-0.0609377	-0.0609377	-0.0609377	-0.0609377	-0.0612549	-0.0615646	-0.061839	-0.0620504	-0.0623485	-0.0628708	0.094589	0.168548	0.206936	0.240788	0.267676	0.287758	0.303026	0.312508	0.31847	0.321891	0.31806	0.318837	0.323013	0.331315	0.345306	0.352394	0.361465	0.372846	0.370932	0.367929	0.363451	0.353061	0.348968	0.343059	0.331721	0.324265	0.321967	0.318371	0.311695	0.307655	0.304948	0.301075	0.296434	0.292712	0.284652	0.275217	0.273186	0.271586	0.271411	0.273694	0.275162	0.28026	0.289008	0.30247	0.314696	0.324591	0.335238	0.345643	0.348999	0.348275	0.347673	0.344685	0.336209	0.325031	0.314664	0.305594	0.296521	0.290466	0.286114	0.282643	0.27999	0.274902	0.274021	0.275237	0.272265	0.26618	0.265846	0.271236	0.273199	0.270648	0.273067	0.273598	0.281118	0.288236	0.290872	0.288288	0.293473	0.289117	0.288082	0.286704	0.292206	0.290248	0.297127	0.328902	0.323468	0.328037	0.368416	0.389018	0.42238	0.436538	0.433907	0.511802	0.538235
89	0.288457	0.305190	0.238175	2.756768	-0.234519	0.256338	-0.094056	-0.094056	-0.094056	-0.094056	-0.094056	-0.094056	-0.094056	-0.0944109	-0.0947505	-0.0950321	-0.0952132	-0.0955244	-0.096183	0.0728442	0.162175	0.205507	0.243878	0.26828	0.28487	0.300186	0.309544	0.315737	0.321885	0.319063	0.317582	0.317752	0.327383	0.339633	0.347268	0.356667	0.368587	0.372228	0.371877	0.366489	0.360552	0.355741	0.343163	0.330756	0.318697	0.315517	0.319456	0.312707	0.306287	0.304045	0.302516	0.297153	0.291328	0.28518	0.277547	0.274441	0.271437	0.270707	0.272708	0.276148	0.281373	0.290642	0.30085	0.311942	0.32275	0.334449	0.346578	0.352859	0.35483	0.350876	0.345546	0.338762	0.325418	0.311372	0.300417	0.291187	0.284911	0.284027	0.281421	0.276579	0.270953	0.27225	0.274416	0.274292	0.268063	0.265275	0.269699	0.277496	0.279434	0.272396	0.267724	0.272056	0.274451	0.278089	0.272145	0.286418	0.282215	0.268577	0.271738	0.270637	0.288199	0.318344	0.332151	0.342036	0.335882	0.353029	0.383386	0.373472	0.353143	0.381041	0.415744	0.455552
90	0.289950	0.305624	0.240391	2.760688	-0.191149	0.221274	-0.104558	-0.104558	-0.104558	-0.104558	-0.104558	-0.104558	-0.104558	-0.104926	-0.105276	-0.105561	-0.105734	-0.10605	-0.106749	0.104587	0.205082	0.223153	0.245388	0.269644	0.28922	0.303088	0.309849	0.312629	0.318045	0.318639	0.319425	0.323856	0.335986	0.345363	0.353937	0.360736	0.361815	0.362269	0.358766	0.35604	0.353409	0.352362	0.349906	0.338061	0.324688	0.322934	0.323209	0.315758	0.306767	0.306112	0.303186	0.295897	0.288539	0.281072	0.272288	0.270832	0.273162	0.273469	0.272192	0.274057	0.280182	0.288448	0.301272	0.315535	0.324627	0.335495	0.345853	0.350178	0.352855	0.348021	0.345109	0.342251	0.329174	0.313239	0.305853	0.297253	0.28842	0.285877	0.284473	0.279755	0.276661	0.274533	0.27398	0.27446	0.273572	0.267827	0.265481	0.272193	0.268197	0.274425	0.27872	0.273647	0.275768	0.278904	0.274583	0.281963	0.291343	0.291756	0.283552	0.299728	0.319463	0.338925	0.340184	0.354471	0.35396	0.368798	0.403133	0.408261	0.417342	0.448158	0.4686	0.525304

91	0.306307	0.323180	0.257746	2.919272	-0.214168	0.167025	-0.0247584	-0.0247584	-0.0247584	-0.0247584	-0.0247584	-0.0247584	-0.0247584	-0.0250481	-0.0253391	-0.0256199	-0.025879	-0.0261778	-0.0265648	0.136167	0.193119	0.237905	0.262209	0.282331	0.304361	0.320614	0.328115	0.332967	0.337356	0.337806	0.33382	0.339438	0.349698	0.36463	0.371576	0.38184	0.389081	0.385636	0.388976	0.396401	0.385825	0.378545	0.363906	0.35939	0.351387	0.346582	0.341604	0.331287	0.329853	0.325694	0.320175	0.315778	0.308409	0.302434	0.291337	0.290119	0.287156	0.282868	0.282246	0.287003	0.296734	0.305067	0.319671	0.333604	0.345222	0.352251	0.358129	0.363656	0.370821	0.371234	0.364231	0.353164	0.344391	0.334045	0.322331	0.313211	0.305508	0.301269	0.299043	0.298467	0.296843	0.291023	0.285511	0.281732	0.280697	0.280453	0.286626	0.292987	0.290103	0.292263	0.289301	0.287372	0.295122	0.304517	0.302509	0.294901	0.304332	0.300991	0.303048	0.309839	0.324518	0.348674	0.371004	0.389438	0.390221	0.396337	0.387271	0.410583	0.461307	0.508427	0.508772	0.51721
92	0.304253	0.322353	0.252263	2.911803	-0.264921	0.257662	-0.124364	-0.124364	-0.124364	-0.124364	-0.124364	-0.124364	-0.124364	-0.124769	-0.125151	-0.125455	-0.125625	-0.125965	-0.12676	0.105848	0.199657	0.213435	0.244996	0.280849	0.301056	0.317875	0.327975	0.334973	0.33811	0.337582	0.339105	0.340583	0.347676	0.364085	0.373755	0.380888	0.385197	0.390875	0.396871	0.388797	0.379225	0.365503	0.359241	0.352053	0.348329	0.340712	0.339332	0.333802	0.329628	0.325381	0.322529	0.31709	0.308813	0.300617	0.296138	0.292276	0.288085	0.284186	0.282832	0.285992	0.292676	0.303848	0.318047	0.331319	0.342902	0.352142	0.357241	0.363297	0.370057	0.369313	0.364824	0.358537	0.346776	0.330494	0.320678	0.314335	0.304501	0.295606	0.294343	0.292489	0.286059	0.287108	0.288156	0.284683	0.279167	0.276833	0.282152	0.291891	0.291462	0.286273	0.278552	0.287877	0.302543	0.297483	0.31006	0.316343	0.306262	0.302026	0.29652	0.317093	0.335462	0.340378	0.353735	0.359207	0.371426	0.400806	0.416668	0.454746	0.479223	0.482213	0.486105	0.560905
93	0.303024	0.321081	0.249692	2.900314	-0.265036	0.286404	-0.113151	-0.113151	-0.113151	-0.113151	-0.113151	-0.113151	-0.113151	-0.113541	-0.113911	-0.114211	-0.114389	-0.114722	-0.115474	0.065426	0.173289	0.214043	0.253275	0.280505	0.300176	0.317287	0.323654	0.330172	0.335975	0.337754	0.334113	0.338062	0.347054	0.35868	0.367046	0.375228	0.38385	0.392773	0.386892	0.375266	0.37125	0.36707	0.357692	0.350952	0.349912	0.346985	0.338964	0.332735	0.325929	0.323418	0.319687	0.316576	0.309506	0.299176	0.292339	0.289888	0.285751	0.281176	0.280699	0.283779	0.293014	0.303276	0.315789	0.327685	0.340499	0.352313	0.358544	0.366252	0.37379	0.37365	0.367948	0.353624	0.338724	0.328974	0.319036	0.310416	0.300206	0.294917	0.295574	0.298024	0.29375	0.286962	0.282823	0.284796	0.281403	0.275192	0.280743	0.288179	0.287874	0.288842	0.284102	0.286923	0.298459	0.300929	0.287518	0.284334	0.300403	0.289712	0.29437	0.283832	0.279266	0.305411	0.320896	0.319933	0.329254	0.344922	0.384997	0.415904	0.424632	0.462589	0.478365	0.496745
94	0.305964	0.324018	0.252964	2.926846	-0.260670	0.270372	-0.105593	-0.105593	-0.105593	-0.105593	-0.105593	-0.105593	-0.105593	-0.105976	-0.106342	-0.106643	-0.10683	-0.107163	-0.107885	0.0875388	0.167032	0.22534	0.262705	0.284276	0.302442	0.318941	0.324664	0.329414	0.335249	0.337157	0.333603	0.342079	0.351255	0.361709	0.367107	0.381261	0.393401	0.398808	0.398335	0.389309	0.386452	0.386716	0.371519	0.353482	0.347555	0.349241	0.344413	0.333465	0.328835	0.326423	0.323026	0.319249	0.311194	0.302338	0.29421	0.288904	0.286403	0.285199	0.283947	0.287131	0.293164	0.305196	0.318483	0.331708	0.342288	0.352485	0.361093	0.367952	0.374185	0.374373	0.367024	0.355953	0.345899	0.334538	0.324364	0.311569	0.302524	0.299975	0.294726	0.294147	0.290498	0.287949	0.288855	0.290852	0.287896	0.287026	0.289356	0.292801	0.291762	0.291743	0.293246	0.29886	0.313272	0.310821	0.316395	0.315911	0.306887	0.313315	0.318249	0.326951	0.337869	0.336108	0.333898	0.371894	0.374941	0.38383	0.418083	0.44336	0.481102	0.51266	0.516697	0.50544
95	0.306687	0.324185	0.256267	2.928347	-0.237959	0.210595	-0.037287	-0.037287	-0.037287	-0.037287	-0.037287	-0.037287	-0.037287	-0.0375916	-0.0378945	-0.0381787	-0.038427	-0.0387314	-0.0391726	0.109933	0.179386	0.227268	0.265227	0.287451	0.308939	0.319683	0.327428	0.332558	0.334401	0.334736	0.335015	0.337891	0.347898	0.358293	0.37056	0.382276	0.395511	0.397899	0.389232	0.383363	0.380369	0.379154	0.371478	0.355596	0.348929	0.348552	0.345904	0.33785	0.332247	0.328312	0.322921	0.316781	0.30734	0.30227	0.297215	0.292334	0.287898	0.28356	0.282982	0.284955	0.293253	0.304506	0.318229	0.333427	0.346036	0.356189	0.359911	0.367958	0.371969	0.374621	0.370926	0.359082	0.345553	0.332407	0.322533	0.312492	0.305798	0.301659	0.296538	0.292005	0.289516	0.28683	0.285851	0.284356	0.2819	0.280417	0.286027	0.296524	0.298153	0.294213	0.291166	0.297531	0.302006	0.309877	0.318075	0.316582	0.314221	0.308735	0.293866	0.298692	0.324093	0.337585	0.357621	0.381179	0.382344	0.404224	0.432527	0.439886	0.440454	0.475188	0.512581	0.524843

96	0.318478	0.339466	0.263990	3.066381	-0.356797	0.302773	-0.113372	-0.113372	-0.113372	-0.113372	-0.113372	-0.113372	-0.113372	-0.113777	-0.114162	-0.114477	-0.114671	-0.11502	-0.115792	0.0435105	0.165546	0.22714	0.270688	0.294929	0.316504	0.333108	0.342572	0.345684	0.350117	0.353559	0.356732	0.358726	0.363906	0.380306	0.393386	0.40504	0.414293	0.416008	0.409813	0.407281	0.402138	0.3932	0.386452	0.376089	0.367959	0.365228	0.357981	0.357412	0.352973	0.346427	0.342514	0.334248	0.326655	0.318937	0.311528	0.304041	0.29856	0.29399	0.29617	0.302736	0.310306	0.321399	0.333245	0.348257	0.363448	0.374164	0.382597	0.385416	0.389618	0.390398	0.385476	0.374918	0.359703	0.344207	0.330505	0.321902	0.316941	0.310292	0.307321	0.305794	0.30488	0.301435	0.295972	0.291437	0.293253	0.288653	0.289911	0.302782	0.301718	0.298347	0.294739	0.302272	0.311985	0.306445	0.30137	0.295064	0.292139	0.296913	0.299064	0.305734	0.329239	0.348414	0.341697	0.352664	0.367111	0.383601	0.401642	0.423075	0.421648	0.436335	0.466902	0.470161
97	0.325164	0.343918	0.274053	3.106602	-0.260164	0.182137	0.00249409	0.00249409	0.00249409	0.00249409	0.00249409	0.00249409	0.00249409	0.00221985	0.00193746	0.00164615	0.00134539	0.00104004	0.00074351	0.117991	0.17897	0.23896	0.282166	0.300831	0.317373	0.335109	0.345632	0.34988	0.353702	0.357945	0.358201	0.358176	0.365781	0.387335	0.405179	0.416701	0.423805	0.430238	0.426889	0.41623	0.414262	0.405035	0.392789	0.38071	0.374113	0.369872	0.36382	0.356551	0.354885	0.349512	0.343382	0.338344	0.33027	0.321961	0.313181	0.305814	0.300963	0.298127	0.299729	0.306355	0.313581	0.325064	0.336667	0.350471	0.36435	0.374977	0.381747	0.386724	0.392471	0.393461	0.39036	0.381797	0.367802	0.353925	0.3426	0.334184	0.324487	0.313596	0.312094	0.311008	0.311639	0.312604	0.305486	0.302592	0.301366	0.299922	0.302371	0.305225	0.306282	0.309021	0.308624	0.303567	0.3079	0.324962	0.341466	0.326464	0.319025	0.325238	0.333075	0.340053	0.365054	0.379587	0.382561	0.392266	0.426157	0.430887	0.434638	0.487057	0.50208	0.504133	0.517918	0.559143
98	0.317925	0.338447	0.262956	3.057179	-0.339479	0.306442	-0.153483	-0.153483	-0.153483	-0.153483	-0.153483	-0.153483	-0.153483	-0.153934	-0.154357	-0.154681	-0.154838	-0.155204	-0.156139	0.0475723	0.182854	0.235106	0.269262	0.292649	0.314925	0.333061	0.341624	0.346358	0.351436	0.357166	0.361097	0.362335	0.363255	0.378995	0.390131	0.401013	0.406387	0.411167	0.413248	0.403934	0.403582	0.400982	0.385611	0.372011	0.365497	0.363976	0.35678	0.350369	0.346895	0.342914	0.33933	0.333034	0.325842	0.31726	0.309408	0.303743	0.297063	0.294278	0.295219	0.300794	0.311495	0.32173	0.334144	0.349163	0.362505	0.372132	0.379407	0.383544	0.387362	0.389577	0.385223	0.373148	0.360357	0.348059	0.336478	0.322806	0.316138	0.311563	0.305958	0.304695	0.303066	0.298791	0.296461	0.295911	0.293775	0.28823	0.289908	0.296687	0.295143	0.283903	0.281132	0.290287	0.301056	0.314623	0.312882	0.317078	0.303988	0.29788	0.308317	0.324226	0.330696	0.348319	0.34403	0.353884	0.377385	0.399938	0.380334	0.389479	0.426228	0.454679	0.464096	0.530582
99	0.322473	0.341713	0.273357	3.086677	-0.282962	0.160927	-0.0200849	-0.0200849	-0.0200849	-0.0200849	-0.0200849	-0.0200849	-0.0200849	-0.0203842	-0.0206863	-0.0209818	-0.0212611	-0.0215744	-0.0219616	0.116153	0.210077	0.251626	0.287116	0.306054	0.318414	0.333572	0.34308	0.347216	0.352054	0.355655	0.357341	0.363846	0.369907	0.383688	0.400083	0.411005	0.424071	0.422825	0.411796	0.413766	0.407568	0.402934	0.38911	0.375912	0.37265	0.367286	0.360754	0.358686	0.355071	0.346226	0.344196	0.337932	0.329541	0.322206	0.313284	0.306769	0.29965	0.294573	0.29612	0.303613	0.311895	0.322378	0.3351	0.350946	0.364881	0.375035	0.381678	0.385825	0.389516	0.39107	0.385776	0.375616	0.362927	0.349246	0.335588	0.323741	0.317608	0.312087	0.309559	0.31008	0.306456	0.30257	0.302378	0.298091	0.295015	0.296225	0.300105	0.305284	0.312489	0.31067	0.302473	0.303163	0.313382	0.32408	0.322502	0.311153	0.326454	0.331922	0.322703	0.349796	0.366246	0.36418	0.365604	0.375993	0.39318	0.428171	0.462187	0.464628	0.460129	0.478592	0.514792	0.572411
100	0.325534	0.344180	0.277974	3.108968	-0.255439	0.112180	0.036777	0.036777	0.036777	0.036777	0.036777	0.036777	0.036777	0.0365417	0.0362903	0.0360064	0.0356743	0.0353825	0.0352267	0.135841	0.208422	0.241388	0.273786	0.303542	0.322757	0.336087	0.344662	0.349835	0.354318	0.358536	0.362316	0.369587	0.374974	0.39264	0.405812	0.420534	0.427138	0.424692	0.426344	0.424285	0.417016	0.40857	0.3938	0.372788	0.3748	0.371205	0.359813	0.358466	0.355546	0.35077	0.345965	0.33746	0.331878	0.325126	0.31571	0.308368	0.301376	0.30065	0.301657	0.303	0.310998	0.323922	0.337651	0.351472	0.364016	0.375039	0.383786	0.391217	0.392105	0.391801	0.386408	0.377822	0.364543	0.351535	0.339681	0.331581	0.325755	0.318399	0.314842	0.313345	0.309866	0.306532	0.303816	0.301221	0.299626	0.299031	0.298921	0.308729	0.309617	0.305484	0.304988	0.305999	0.322399	0.328369	0.329776	0.323973	0.307925	0.330591	0.34188	0.338638	0.339386	0.362809	0.381162	0.387144	0.394188	0.409719	0.425348	0.465804	0.487222	0.484411	0.540625	0.614001

101	0.334170	0.354092	0.284326	3.198504	-0.292627	0.146626	-0.00243964	-0.00243964	-0.00243964	-0.00243964	-0.00243964	-0.00243964	-0.00243964	-0.00272829	-0.00302412	-0.00332568	-0.00363123	-0.00394799	-0.00426931	0.166795	0.227245	0.258711	0.292516	0.313233	0.328495	0.345944	0.355962	0.361076	0.363777	0.367602	0.367929	0.372729	0.377695	0.395699	0.413043	0.428168	0.437278	0.436948	0.440244	0.438529	0.429458	0.415203	0.404074	0.39399	0.38751	0.379997	0.374371	0.372908	0.370057	0.365981	0.358677	0.348995	0.343642	0.334785	0.322525	0.313433	0.308234	0.309156	0.311145	0.313766	0.320248	0.331461	0.344824	0.358431	0.371711	0.383674	0.395476	0.399545	0.401507	0.402053	0.401412	0.39378	0.380042	0.363363	0.348897	0.33832	0.33407	0.330311	0.323408	0.320906	0.319141	0.315266	0.309467	0.302021	0.300132	0.303258	0.304802	0.317895	0.323541	0.317206	0.311003	0.321077	0.324093	0.318582	0.329091	0.335133	0.329938	0.328728	0.335995	0.342469	0.357804	0.377217	0.389393	0.397698	0.417056	0.414686	0.428746	0.436501	0.44488	0.454083	0.537719	0.600523
102	0.333605	0.353934	0.282812	3.197076	-0.309294	0.172759	0.00824541	0.00824541	0.00824541	0.00824541	0.00824541	0.00824541	0.00824541	0.00796979	0.00768447	0.00738608	0.00707156	0.00675973	0.00647973	0.140854	0.210037	0.246479	0.275487	0.304657	0.329167	0.34505	0.354363	0.359842	0.363756	0.36796	0.373442	0.377675	0.380457	0.395905	0.411865	0.419205	0.437063	0.436935	0.435186	0.435296	0.430032	0.41595	0.401551	0.397084	0.387895	0.382567	0.375215	0.36926	0.366614	0.361062	0.356368	0.349679	0.34225	0.333215	0.322324	0.314285	0.312474	0.311494	0.311161	0.314468	0.322556	0.332607	0.344828	0.358149	0.373338	0.385593	0.396239	0.40262	0.402092	0.401312	0.399876	0.390634	0.3743	0.360103	0.350487	0.341381	0.334063	0.326018	0.319394	0.317837	0.318375	0.315023	0.307948	0.307705	0.308894	0.304931	0.306086	0.310629	0.315022	0.311358	0.303889	0.311495	0.325404	0.331255	0.337256	0.335901	0.329514	0.334641	0.332906	0.329342	0.344176	0.36315	0.385964	0.404089	0.409342	0.42849	0.475001	0.477368	0.476511	0.508256	0.55429	0.571117
103	0.333629	0.354289	0.282790	3.200277	-0.322114	0.178689	0.0130466	0.0130466	0.0130466	0.0130466	0.0130466	0.0130466	0.0130466	0.0127763	0.0124952	0.0121977	0.0118787	0.0115687	0.0113057	0.117352	0.192548	0.256922	0.293226	0.313946	0.330159	0.345813	0.352799	0.358796	0.363328	0.367024	0.37088	0.370632	0.374315	0.392921	0.412371	0.425332	0.435234	0.441459	0.438514	0.437488	0.430005	0.416051	0.404135	0.397655	0.385148	0.377283	0.372615	0.373903	0.369161	0.364932	0.358574	0.350346	0.347063	0.335603	0.323788	0.31548	0.309937	0.308939	0.311078	0.314915	0.32241	0.332302	0.345244	0.360735	0.373488	0.386453	0.395698	0.399532	0.402082	0.401089	0.399156	0.390369	0.376982	0.361433	0.347587	0.339099	0.332294	0.32545	0.320518	0.319154	0.318491	0.314851	0.309846	0.307521	0.302939	0.302234	0.31319	0.317685	0.318847	0.315668	0.31688	0.318619	0.317276	0.322935	0.323463	0.326132	0.32818	0.331169	0.329969	0.324168	0.339946	0.353488	0.374996	0.410761	0.439651	0.446415	0.421745	0.404397	0.476623	0.49689	0.524436	0.597683
104	0.330410	0.351109	0.277671	3.171552	-0.328296	0.225811	-0.0575145	-0.0575145	-0.0575145	-0.0575145	-0.0575145	-0.0575145	-0.0575145	-0.057864	-0.0582077	-0.0585194	-0.0587728	-0.0591094	-0.0596586	0.101554	0.205114	0.243872	0.285456	0.311477	0.327348	0.342518	0.350896	0.355594	0.359199	0.364581	0.368296	0.372454	0.380655	0.396446	0.411405	0.42201	0.431565	0.430744	0.424102	0.419335	0.417669	0.409278	0.396305	0.394041	0.385678	0.372973	0.362407	0.360446	0.364661	0.361434	0.355266	0.34881	0.340519	0.332538	0.323062	0.313034	0.30666	0.305188	0.307968	0.313855	0.321555	0.33229	0.344032	0.358852	0.373843	0.383405	0.392539	0.397561	0.399968	0.402226	0.399827	0.389326	0.375097	0.36168	0.345872	0.33474	0.326538	0.317907	0.316515	0.316431	0.315258	0.310437	0.306733	0.305449	0.304819	0.302138	0.301927	0.305967	0.309743	0.308348	0.30265	0.311499	0.318914	0.319992	0.313157	0.306831	0.311207	0.314836	0.311931	0.303502	0.322109	0.345931	0.362216	0.378248	0.402674	0.43114	0.446544	0.440892	0.435822	0.449286	0.479237	0.479538
105	0.330189	0.351596	0.278109	3.175957	-0.356204	0.225130	-0.0555251	-0.0555251	-0.0555251	-0.0555251	-0.0555251	-0.0555251	-0.0555251	-0.0558729	-0.0562153	-0.0565272	-0.056783	-0.0571195	-0.0576598	0.117023	0.19213	0.240197	0.276504	0.306649	0.328717	0.345647	0.354649	0.358121	0.360552	0.365765	0.369662	0.372217	0.376048	0.390874	0.413951	0.42292	0.429185	0.431617	0.431758	0.431128	0.425599	0.41337	0.398962	0.39072	0.394104	0.382866	0.374092	0.369214	0.365627	0.361009	0.357663	0.348521	0.341131	0.332232	0.320704	0.312473	0.308459	0.30675	0.307735	0.31274	0.320632	0.332154	0.346006	0.357555	0.368339	0.379581	0.390585	0.396351	0.39866	0.398842	0.397065	0.387576	0.372777	0.362192	0.350162	0.337914	0.32919	0.322057	0.316933	0.315058	0.31613	0.313902	0.306912	0.303861	0.305562	0.303788	0.301437	0.306706	0.307452	0.299214	0.301252	0.311846	0.312827	0.319143	0.31643	0.315254	0.309713	0.315453	0.32082	0.325963	0.336069	0.346772	0.36151	0.382432	0.397117	0.413324	0.435651	0.41174	0.402031	0.436482	0.417343	0.429486

106	0.338798	0.361278	0.285193	3.263411	-0.385513	0.242173	-0.0735978	-0.0735978	-0.0735978	-0.0735978	-0.0735978	-0.0735978	-0.0735978	-0.0739746	-0.074342	-0.0746666	-0.074915	-0.0752679	-0.0758942	0.0861737	0.194625	0.246294	0.290989	0.319999	0.339507	0.357201	0.364918	0.368762	0.372362	0.378364	0.381756	0.383185	0.391673	0.402808	0.413431	0.430225	0.445855	0.450175	0.444813	0.435538	0.43306	0.4197	0.406899	0.401417	0.396604	0.38827	0.379748	0.379809	0.375089	0.373232	0.369583	0.364013	0.356026	0.34257	0.329721	0.321335	0.318376	0.315565	0.315823	0.319725	0.327516	0.340051	0.3546	0.369182	0.383861	0.394981	0.402821	0.407825	0.408878	0.407274	0.405633	0.397986	0.385702	0.372798	0.357828	0.345317	0.336627	0.332385	0.325615	0.322801	0.323489	0.319817	0.312078	0.312196	0.309103	0.305383	0.308601	0.312883	0.316622	0.308065	0.3045	0.302216	0.307481	0.319581	0.318007	0.323231	0.325047	0.323921	0.31661	0.328422	0.350602	0.354382	0.358658	0.369468	0.375955	0.384621	0.40253	0.444421	0.454377	0.458683	0.455587	0.467792
107	0.341444	0.363580	0.289754	3.284201	-0.368304	0.191917	-0.0379878	-0.0379878	-0.0379878	-0.0379878	-0.0379878	-0.0379878	-0.0379878	-0.0383255	-0.0386623	-0.0389807	-0.0392632	-0.0396038	-0.0400857	0.10333	0.197488	0.250988	0.29492	0.318821	0.340163	0.358375	0.367061	0.371537	0.375922	0.381894	0.384736	0.386861	0.392808	0.409223	0.426845	0.442124	0.446074	0.447129	0.453007	0.45048	0.439539	0.42713	0.419267	0.409864	0.396543	0.38728	0.385693	0.382335	0.379165	0.378919	0.370903	0.364327	0.356524	0.341718	0.328661	0.322239	0.319948	0.31919	0.317936	0.320447	0.329262	0.341897	0.355023	0.370243	0.384742	0.394024	0.404481	0.411358	0.412061	0.408859	0.408466	0.404589	0.389483	0.374738	0.358717	0.345945	0.340431	0.333526	0.326275	0.32373	0.322902	0.320816	0.318564	0.314611	0.308629	0.307662	0.309428	0.314521	0.320207	0.31937	0.319875	0.321389	0.3264	0.324303	0.323314	0.325739	0.318857	0.328681	0.332203	0.344088	0.352834	0.360186	0.386889	0.379352	0.372716	0.426575	0.469296	0.477191	0.475436	0.464093	0.493178	0.531293
108	0.340389	0.363425	0.287262	3.282805	-0.404889	0.236551	-0.114791	-0.114791	-0.114791	-0.114791	-0.114791	-0.114791	-0.114791	-0.115219	-0.115627	-0.115964	-0.116179	-0.116552	-0.11735	0.0829514	0.194972	0.255198	0.297585	0.322513	0.342108	0.358713	0.367174	0.373588	0.377989	0.382967	0.386008	0.387684	0.396361	0.410665	0.420239	0.433232	0.447714	0.449821	0.450614	0.450481	0.442642	0.427453	0.418747	0.413223	0.405079	0.396739	0.389804	0.385828	0.381121	0.377424	0.370173	0.362333	0.354167	0.342087	0.328784	0.320981	0.319035	0.317267	0.316288	0.320454	0.330934	0.343414	0.358826	0.370869	0.382978	0.394335	0.403206	0.409284	0.409456	0.406643	0.406533	0.397471	0.383565	0.370836	0.356804	0.346053	0.341013	0.332378	0.325323	0.323426	0.323632	0.325379	0.319558	0.315212	0.310673	0.308279	0.31261	0.319642	0.326508	0.323351	0.315894	0.324735	0.329252	0.32981	0.33295	0.321972	0.337175	0.355578	0.339005	0.327781	0.348985	0.374266	0.395191	0.4178	0.432267	0.44507	0.442332	0.444554	0.455377	0.446596	0.484355	0.517047
109	0.345534	0.366684	0.295562	3.312245	-0.324031	0.130600	0.0498122	0.0498122	0.0498122	0.0498122	0.0498122	0.0498122	0.0498122	0.0495741	0.0493162	0.0490166	0.0486536	0.0483474	0.048225	0.143828	0.216861	0.259538	0.302241	0.32462	0.343905	0.361326	0.367268	0.374297	0.378096	0.38068	0.384797	0.387009	0.395532	0.407992	0.423244	0.443169	0.452307	0.449868	0.448334	0.44327	0.440886	0.434711	0.422397	0.414968	0.406266	0.395279	0.390477	0.38784	0.381713	0.376043	0.370294	0.36478	0.35794	0.345424	0.332957	0.326882	0.322797	0.320896	0.320886	0.322782	0.331654	0.344504	0.360032	0.374324	0.386487	0.398926	0.408244	0.414076	0.416215	0.413528	0.410533	0.40447	0.390845	0.377637	0.363215	0.350493	0.343919	0.337708	0.327695	0.326036	0.325982	0.324361	0.31899	0.315585	0.315574	0.316194	0.322131	0.325069	0.325352	0.322735	0.320137	0.326986	0.333091	0.334577	0.337837	0.3494	0.350621	0.352528	0.344251	0.351358	0.361868	0.364813	0.384624	0.39986	0.420618	0.419667	0.454518	0.455971	0.449688	0.462408	0.525371	0.562659
110	0.344541	0.366004	0.293077	3.306099	-0.337629	0.166922	0.0343906	0.0343906	0.0343906	0.0343906	0.0343906	0.0343906	0.0343906	0.0341358	0.0338648	0.0335626	0.0332144	0.0329029	0.0327165	0.122586	0.220421	0.245169	0.283492	0.321273	0.344576	0.358467	0.36549	0.371747	0.375052	0.380086	0.383594	0.383009	0.389898	0.404629	0.42524	0.446211	0.457831	0.458813	0.455567	0.449642	0.443276	0.431859	0.415294	0.408279	0.402436	0.396057	0.388203	0.386021	0.380729	0.37584	0.370553	0.368073	0.360017	0.344634	0.331135	0.325825	0.321933	0.319286	0.318376	0.323305	0.331313	0.342875	0.35708	0.371578	0.386694	0.397034	0.407029	0.413675	0.414254	0.411511	0.409859	0.404051	0.391308	0.377898	0.363961	0.352368	0.346229	0.34041	0.332744	0.328064	0.326385	0.32375	0.320795	0.313919	0.309354	0.308431	0.3155	0.323376	0.324391	0.318684	0.320301	0.32334	0.333894	0.337624	0.331677	0.329453	0.324551	0.324414	0.347609	0.353323	0.350205	0.364597	0.38247	0.39823	0.410124	0.421853	0.447101	0.46496	0.462196	0.495659	0.521736	0.531666

111	0.352905	0.377150	0.298301	3.406779	-0.433848	0.241888	-0.0306209	-0.0306209	-0.0306209	-0.0306209	-0.0306209	-0.0306209	-0.0306209	-0.03096	-0.0313002	-0.0316275	-0.0319273	-0.0322759	-0.0327404	0.0950653	0.194259	0.25038	0.297894	0.333898	0.353254	0.372245	0.379287	0.385028	0.388092	0.390284	0.392263	0.398124	0.402723	0.41701	0.437258	0.449814	0.46322	0.475217	0.467713	0.457021	0.451334	0.440135	0.431751	0.423976	0.416777	0.407805	0.405633	0.402278	0.39695	0.391082	0.384542	0.378986	0.367178	0.351481	0.342693	0.336746	0.331348	0.328196	0.328569	0.333205	0.344002	0.357437	0.371451	0.388289	0.402979	0.414162	0.418575	0.423455	0.428373	0.425009	0.420521	0.414104	0.400243	0.386206	0.374455	0.358023	0.34958	0.348556	0.340072	0.333509	0.331564	0.326001	0.322635	0.323265	0.321607	0.318263	0.316992	0.320211	0.326115	0.326509	0.321632	0.328732	0.333315	0.331571	0.329936	0.318913	0.314706	0.319929	0.323518	0.32978	0.351263	0.366599	0.364762	0.380516	0.426197	0.424681	0.418131	0.433528	0.413514	0.458228	0.50658	0.549935
112	0.352667	0.376089	0.301929	3.397197	-0.402159	0.156874	0.0308166	0.0308166	0.0308166	0.0308166	0.0308166	0.0308166	0.0308166	0.030549	0.0302658	0.0299537	0.0295993	0.0292766	0.0290654	0.119955	0.197941	0.246612	0.29273	0.333288	0.357171	0.371247	0.376824	0.382809	0.387844	0.396887	0.399738	0.399991	0.405734	0.416272	0.437946	0.457869	0.469274	0.468412	0.467286	0.461921	0.451117	0.441187	0.435376	0.430058	0.420278	0.40792	0.401302	0.397961	0.394607	0.391742	0.384001	0.377029	0.367396	0.352494	0.340325	0.333502	0.331221	0.328687	0.32731	0.33161	0.342366	0.355391	0.370101	0.384748	0.398247	0.40787	0.415132	0.423639	0.425318	0.422978	0.422309	0.415869	0.399222	0.381637	0.372051	0.362467	0.351596	0.342052	0.334592	0.332663	0.331925	0.326369	0.31853	0.322878	0.327221	0.32715	0.329251	0.332211	0.32768	0.31704	0.315986	0.317089	0.325265	0.330834	0.317009	0.320457	0.323666	0.326327	0.331171	0.339878	0.355206	0.368884	0.364585	0.362094	0.391057	0.417096	0.438728	0.464123	0.462106	0.470938	0.520121	0.548322
113	0.354085	0.377838	0.302296	3.412997	-0.412978	0.177172	0.012591	0.012591	0.012591	0.012591	0.012591	0.012591	0.012591	0.0123009	0.0119995	0.0116816	0.0113422	0.0110106	0.0107236	0.117918	0.207052	0.271094	0.310924	0.337224	0.359954	0.371386	0.376991	0.385261	0.387682	0.392676	0.394693	0.399614	0.406129	0.417374	0.432603	0.448232	0.463427	0.469738	0.469099	0.466927	0.460033	0.445696	0.432337	0.425682	0.419921	0.410466	0.40549	0.403295	0.399763	0.392486	0.385781	0.380981	0.369236	0.353739	0.342416	0.335701	0.331011	0.327219	0.328928	0.335391	0.34563	0.357865	0.371228	0.386563	0.40043	0.411279	0.420427	0.426525	0.426929	0.42429	0.421838	0.416625	0.399466	0.382033	0.371346	0.359223	0.350269	0.34483	0.338202	0.334637	0.334661	0.333222	0.326525	0.322792	0.324122	0.322642	0.31862	0.322209	0.328105	0.335304	0.333914	0.32543	0.326433	0.333616	0.33694	0.335805	0.327214	0.326602	0.342683	0.350696	0.356863	0.372336	0.381234	0.397498	0.41838	0.434841	0.439913	0.438065	0.464809	0.480739	0.491038	0.524525
114	0.353986	0.377092	0.304281	3.406260	-0.387970	0.128086	0.0292277	0.0292277	0.0292277	0.0292277	0.0292277	0.0292277	0.0292277	0.0289568	0.0286708	0.0283569	0.0280026	0.027678	0.0274614	0.142976	0.23343	0.271325	0.309093	0.338202	0.358769	0.374769	0.382279	0.388648	0.389391	0.390506	0.393974	0.395106	0.402108	0.415516	0.43675	0.460328	0.468592	0.468445	0.468619	0.462843	0.454267	0.442276	0.434717	0.427456	0.414555	0.407381	0.40466	0.400931	0.397011	0.390325	0.386041	0.382185	0.36836	0.353183	0.343448	0.336625	0.331741	0.32674	0.328333	0.33415	0.342001	0.354462	0.369036	0.385617	0.40019	0.411279	0.41754	0.424123	0.429611	0.426531	0.420884	0.414293	0.399371	0.38538	0.371945	0.358519	0.347362	0.342942	0.338117	0.333523	0.33502	0.333784	0.324032	0.321229	0.319933	0.316522	0.321581	0.331308	0.333324	0.325806	0.325227	0.328396	0.333453	0.328933	0.324088	0.332905	0.345607	0.342201	0.340856	0.345559	0.357881	0.37793	0.400536	0.407296	0.429473	0.434374	0.442042	0.451318	0.460523	0.464348	0.488514	0.526621
115	0.352250	0.376347	0.296826	3.399528	-0.429019	0.257226	-0.011724	-0.011724	-0.011724	-0.011724	-0.011724	-0.011724	-0.011724	-0.0120402	-0.012362	-0.0126837	-0.0129994	-0.0133392	-0.0137264	0.0875594	0.176762	0.24455	0.296798	0.328705	0.354045	0.370546	0.3773	0.384038	0.387333	0.390946	0.392599	0.394482	0.398892	0.409707	0.431369	0.448264	0.460683	0.462898	0.466635	0.463502	0.452326	0.441607	0.429181	0.421933	0.416448	0.408844	0.402865	0.396592	0.390872	0.389618	0.385593	0.380322	0.367041	0.352104	0.341794	0.336546	0.332918	0.328325	0.32969	0.333259	0.341771	0.355491	0.37034	0.38671	0.399855	0.411669	0.420087	0.424446	0.42653	0.423714	0.421505	0.414554	0.398057	0.382035	0.369417	0.357905	0.351793	0.344576	0.333973	0.333475	0.335641	0.330539	0.325377	0.320716	0.317496	0.321938	0.31959	0.321946	0.329533	0.325442	0.324977	0.329317	0.330623	0.331138	0.335244	0.335742	0.33444	0.343378	0.349639	0.361799	0.365523	0.379255	0.38778	0.392678	0.409528	0.423968	0.434485	0.426231	0.44377	0.495403	0.531109	0.523689

116	0.361209	0.387012	0.305075	3.495868	-0.482518	0.267587	-0.0526516	-0.0526516	-0.0526516	-0.0526516	-0.0526516	-0.0526516	-0.0526516	-0.0530243	-0.0533931	-0.053734	-0.0540229	-0.0543896	-0.0549545	0.0802819	0.20121	0.255386	0.30846	0.341552	0.36598	0.382988	0.391746	0.395183	0.397899	0.405986	0.40608	0.407047	0.412781	0.424462	0.444006	0.458784	0.475062	0.477594	0.472034	0.466464	0.462451	0.453654	0.444453	0.442562	0.426399	0.418776	0.416244	0.412412	0.40978	0.404112	0.397885	0.392142	0.37677	0.362534	0.35264	0.345157	0.33901	0.336	0.33782	0.344221	0.353829	0.365633	0.381699	0.39815	0.411852	0.421292	0.431317	0.437247	0.438919	0.438287	0.431788	0.423734	0.410847	0.394018	0.382054	0.369124	0.35941	0.353127	0.347151	0.340561	0.335467	0.33387	0.330377	0.32813	0.327149	0.326269	0.328308	0.332218	0.330142	0.319145	0.313727	0.324765	0.338375	0.331997	0.326885	0.332204	0.325743	0.331878	0.337139	0.34258	0.344014	0.356843	0.376842	0.37974	0.382792	0.395748	0.409725	0.391851	0.406919	0.438684	0.409843	0.394121
117	0.363885	0.388614	0.312595	3.510340	-0.436830	0.150576	0.0501349	0.0501349	0.0501349	0.0501349	0.0501349	0.0501349	0.0501349	0.0498798	0.0496043	0.0492864	0.0489043	0.0485789	0.0484371	0.139123	0.221066	0.272292	0.315088	0.344186	0.370061	0.384212	0.391379	0.396525	0.401042	0.406836	0.405839	0.407155	0.414096	0.42643	0.449262	0.467209	0.479071	0.482142	0.483367	0.47401	0.463822	0.45124	0.442515	0.439344	0.43408	0.427973	0.418665	0.41343	0.408733	0.403494	0.400782	0.392552	0.377179	0.36278	0.355061	0.348948	0.342854	0.338837	0.339059	0.344838	0.354764	0.367141	0.382122	0.3984	0.413207	0.424698	0.433289	0.436987	0.438352	0.435559	0.430197	0.423255	0.412106	0.397425	0.383868	0.371006	0.360155	0.354377	0.34469	0.340204	0.342176	0.342947	0.337167	0.329375	0.326117	0.326361	0.329837	0.330697	0.331614	0.327802	0.329723	0.331023	0.338777	0.340716	0.334465	0.328363	0.328976	0.335459	0.337924	0.331565	0.341884	0.354711	0.38185	0.3962	0.399954	0.400276	0.429926	0.441897	0.438977	0.473666	0.470553	0.441122
118	0.364151	0.389145	0.313225	3.515133	-0.446777	0.146939	0.0322567	0.0322567	0.0322567	0.0322567	0.0322567	0.0322567	0.0322567	0.0319801	0.0316874	0.0313645	0.0309976	0.030664	0.03045	0.153195	0.22824	0.27407	0.313344	0.344065	0.366149	0.384764	0.392761	0.398411	0.40074	0.406455	0.406182	0.410142	0.417323	0.429363	0.44844	0.466265	0.485592	0.48662	0.487448	0.483472	0.471594	0.456718	0.439632	0.440249	0.434447	0.42595	0.419959	0.4132	0.408007	0.406004	0.401513	0.394353	0.380295	0.365517	0.357677	0.347974	0.340498	0.339289	0.341843	0.346248	0.354757	0.367672	0.381971	0.396346	0.410129	0.421811	0.432136	0.437038	0.439103	0.43678	0.429733	0.425443	0.414272	0.394855	0.381392	0.37031	0.36083	0.354381	0.347071	0.341424	0.341327	0.341536	0.332332	0.331531	0.334578	0.332677	0.325077	0.331049	0.341115	0.338394	0.330696	0.332851	0.338018	0.340829	0.332003	0.322874	0.33333	0.333264	0.332133	0.342038	0.350535	0.371174	0.391274	0.400647	0.418923	0.39958	0.404452	0.432403	0.450555	0.457166	0.456429	0.505229
119	0.362421	0.387799	0.308852	3.502971	-0.464187	0.208529	0.00771967	0.00771967	0.00771967	0.00771967	0.00771967	0.00771967	0.00771967	0.00741605	0.00710207	0.00677461	0.00643088	0.00608834	0.00577045	0.10137	0.197179	0.260042	0.304644	0.34193	0.369066	0.385731	0.393367	0.396492	0.400171	0.407018	0.407486	0.408193	0.415333	0.426825	0.44197	0.459981	0.473534	0.476646	0.482212	0.475981	0.468281	0.455098	0.449405	0.44191	0.428429	0.424934	0.421014	0.414211	0.407316	0.400039	0.396225	0.393303	0.377713	0.364289	0.355652	0.347895	0.341371	0.339033	0.338831	0.342318	0.352534	0.366804	0.382372	0.396968	0.411134	0.422521	0.42967	0.43518	0.43817	0.437855	0.429561	0.422386	0.411372	0.395776	0.384025	0.368545	0.358127	0.352468	0.346774	0.344742	0.340541	0.337215	0.332852	0.329825	0.329979	0.330868	0.332603	0.328357	0.330136	0.327596	0.320903	0.323856	0.336776	0.338135	0.323887	0.323358	0.328252	0.327501	0.334632	0.347808	0.350711	0.364381	0.380417	0.401618	0.42138	0.443775	0.453389	0.437637	0.429633	0.444629	0.478447	0.500629
120	0.362174	0.387431	0.307177	3.499654	-0.459888	0.234440	-0.0271713	-0.0271713	-0.0271713	-0.0271713	-0.0271713	-0.0271713	-0.0271713	-0.027515	-0.0278608	-0.0281962	-0.0285084	-0.0288651	-0.0293241	0.106994	0.205257	0.261425	0.303647	0.339642	0.3649	0.381377	0.389743	0.394898	0.401717	0.410536	0.411145	0.410256	0.415285	0.427252	0.445756	0.456326	0.466575	0.471301	0.472505	0.475156	0.466352	0.456553	0.445921	0.438904	0.430263	0.425199	0.422237	0.412932	0.406078	0.401409	0.396878	0.390106	0.374377	0.360506	0.352257	0.346333	0.340619	0.339456	0.341477	0.344458	0.352632	0.365031	0.381461	0.397014	0.410251	0.423134	0.433543	0.439211	0.438341	0.436169	0.430799	0.423837	0.410844	0.395059	0.380855	0.366365	0.359785	0.355541	0.347097	0.342552	0.340643	0.337685	0.334043	0.329242	0.329276	0.325437	0.325132	0.328814	0.331231	0.326498	0.325471	0.327493	0.333531	0.335311	0.3332	0.342423	0.341121	0.343262	0.33917	0.356312	0.367011	0.377718	0.391895	0.407364	0.431869	0.445985	0.425333	0.418984	0.436249	0.45219	0.436744	0.435423

121	0.373334	0.401666	0.317231	3.628230	-0.563417	0.266296	-0.0177382	-0.0177382	-0.0177382	-0.0177382	-0.0177382	-0.0177382	-0.0177382	-0.0180818	-0.01843	-0.0187746	-0.019107	-0.0194718	-0.0199069	0.0880942	0.184632	0.259488	0.317431	0.349498	0.374984	0.394118	0.406991	0.414268	0.415202	0.42342	0.421406	0.422762	0.430887	0.435333	0.453918	0.474791	0.490081	0.493549	0.50132	0.4979	0.483688	0.468108	0.462422	0.457922	0.447496	0.440072	0.436485	0.428909	0.423932	0.418621	0.414349	0.403638	0.389097	0.378891	0.369537	0.359434	0.355278	0.353023	0.353867	0.357411	0.365555	0.378232	0.397502	0.416243	0.430836	0.439602	0.446926	0.456204	0.456676	0.450116	0.443965	0.435882	0.42249	0.405013	0.393011	0.381829	0.370421	0.362979	0.353659	0.349377	0.349556	0.348791	0.340886	0.33415	0.334033	0.331357	0.3274	0.329336	0.332398	0.326501	0.323268	0.327157	0.332283	0.340982	0.341291	0.339052	0.333661	0.334944	0.337993	0.339104	0.340275	0.352057	0.364177	0.360592	0.370896	0.390542	0.376726	0.33088	0.329942	0.36089	0.379942	0.403183
122	0.374687	0.403389	0.318768	3.643799	-0.575907	0.264135	-0.00784643	-0.00784643	-0.00784643	-0.00784643	-0.00784643	-0.00784643	-0.00784643	-0.00817992	-0.00852045	-0.00886417	-0.00920688	-0.00956917	-0.00996751	0.0704845	0.168345	0.264391	0.311562	0.351012	0.378676	0.394984	0.407691	0.416184	0.420114	0.421722	0.419658	0.424953	0.434203	0.442537	0.465012	0.482966	0.495125	0.503655	0.501355	0.493018	0.478354	0.468456	0.46365	0.458804	0.451804	0.445341	0.437444	0.429678	0.42681	0.422063	0.416923	0.407015	0.396079	0.382509	0.368841	0.359719	0.356719	0.357077	0.355021	0.358964	0.367817	0.38314	0.398815	0.414846	0.429808	0.440845	0.44861	0.454947	0.453332	0.451975	0.445348	0.434793	0.423571	0.408464	0.396849	0.38287	0.368317	0.360467	0.357027	0.352735	0.351852	0.349698	0.344193	0.339187	0.335773	0.332505	0.334755	0.335334	0.335903	0.331361	0.325793	0.333706	0.346773	0.341535	0.323824	0.321967	0.322625	0.325727	0.318818	0.340025	0.348778	0.351315	0.381025	0.389551	0.383843	0.381861	0.388833	0.371721	0.378722	0.37771	0.380111	0.395449
123	0.374643	0.402955	0.317613	3.639879	-0.560796	0.279175	-0.053308	-0.053308	-0.053308	-0.053308	-0.053308	-0.053308	-0.053308	-0.0536942	-0.0540767	-0.0544312	-0.0547332	-0.0551142	-0.0556955	0.0888921	0.210257	0.280349	0.320349	0.352176	0.377855	0.394789	0.407439	0.416173	0.418473	0.423729	0.422055	0.421659	0.431524	0.44165	0.455825	0.473396	0.486591	0.488177	0.489503	0.49596	0.486717	0.471876	0.462477	0.458486	0.445874	0.442922	0.436411	0.428581	0.425778	0.420756	0.416294	0.406466	0.395073	0.383236	0.369179	0.358576	0.354022	0.353921	0.353581	0.357203	0.369507	0.382562	0.39846	0.414757	0.430086	0.442501	0.450981	0.456637	0.454932	0.452827	0.446599	0.437276	0.426076	0.407919	0.39439	0.384094	0.37117	0.362794	0.355826	0.352233	0.349362	0.34666	0.33946	0.333005	0.330931	0.332863	0.331645	0.334004	0.336855	0.329346	0.326194	0.336969	0.344599	0.350514	0.339058	0.328927	0.334701	0.336708	0.33827	0.34326	0.348168	0.360316	0.372419	0.378176	0.385423	0.41614	0.420073	0.382805	0.366832	0.376029	0.399989	0.423543
124	0.375326	0.403406	0.320000	3.643949	-0.550749	0.241117	0.00181297	0.00181297	0.00181297	0.00181297	0.00181297	0.00181297	0.00181297	0.00149058	0.00115889	0.000817462	0.000466169	0.000107999	-0.000247064	0.107548	0.185536	0.270291	0.328067	0.353192	0.375519	0.39404	0.407244	0.413768	0.418285	0.423945	0.42309	0.424247	0.431991	0.443084	0.462595	0.476483	0.488354	0.495719	0.495874	0.492666	0.488724	0.469699	0.461576	0.455015	0.447206	0.442171	0.438182	0.432115	0.42524	0.423103	0.419058	0.407074	0.39562	0.381991	0.369893	0.361675	0.356038	0.354788	0.354018	0.359419	0.368418	0.381768	0.399655	0.415435	0.430465	0.440601	0.449958	0.455198	0.453553	0.451398	0.443468	0.432435	0.42384	0.408814	0.395533	0.382894	0.371906	0.366203	0.360212	0.355767	0.352526	0.349308	0.341103	0.335994	0.335717	0.3319	0.332753	0.330221	0.331868	0.343856	0.345928	0.337415	0.337081	0.345473	0.332599	0.323764	0.322883	0.327449	0.337668	0.33251	0.343838	0.358834	0.38497	0.387691	0.39078	0.405529	0.389829	0.364766	0.371236	0.384277	0.360731	0.324627
125	0.372315	0.400785	0.315880	3.620280	-0.570329	0.278103	-0.0253298	-0.0253298	-0.0253298	-0.0253298	-0.0253298	-0.0253298	-0.0253298	-0.0256815	-0.026036	-0.0263818	-0.0267067	-0.0270739	-0.0275404	0.0777678	0.17043	0.253024	0.313163	0.350193	0.379519	0.396339	0.407172	0.413305	0.416427	0.422512	0.418982	0.421102	0.428597	0.437619	0.45401	0.477947	0.494032	0.493507	0.487944	0.479733	0.479047	0.468877	0.461801	0.45454	0.44358	0.437536	0.434691	0.432358	0.42658	0.419075	0.415809	0.404709	0.389729	0.379811	0.36945	0.358826	0.351394	0.349975	0.353023	0.358972	0.367937	0.380621	0.395959	0.411157	0.426115	0.437958	0.447686	0.452551	0.451648	0.449945	0.442422	0.434807	0.42376	0.407612	0.394462	0.379409	0.368267	0.361165	0.352941	0.352117	0.350068	0.345616	0.33671	0.332227	0.332286	0.331235	0.333882	0.334148	0.332379	0.328855	0.328947	0.322454	0.321217	0.338716	0.326195	0.316121	0.315415	0.327697	0.338429	0.341808	0.345825	0.361178	0.37104	0.353184	0.348529	0.35512	0.342358	0.325684	0.338741	0.342478	0.331384	0.306683

126	0.390737	0.421272	0.332859	3.805333	-0.624066	0.276595	-0.00550431	-0.00550431	-0.00550431	-0.00550431	-0.00550431	-0.00550431	-0.00550431	-0.00584916	-0.00620198	-0.00655994	-0.00691989	-0.00729675	-0.00769686	0.118316	0.198805	0.25944	0.322468	0.360666	0.3899	0.412822	0.427508	0.436334	0.436606	0.43824	0.443134	0.443813	0.454295	0.467071	0.478709	0.493585	0.511217	0.518418	0.516546	0.511429	0.500494	0.495377	0.488904	0.478992	0.471535	0.469301	0.46234	0.454457	0.444945	0.440333	0.434133	0.422498	0.41042	0.39557	0.386496	0.381459	0.375093	0.369989	0.369479	0.376573	0.387569	0.401593	0.418725	0.434063	0.449198	0.461738	0.468629	0.474716	0.475378	0.470895	0.463731	0.451003	0.4393	0.424526	0.407521	0.399555	0.390173	0.380083	0.373508	0.36923	0.362306	0.361663	0.358414	0.350221	0.348345	0.350895	0.344338	0.340182	0.344116	0.344053	0.340473	0.34423	0.351534	0.338184	0.328825	0.329381	0.34108	0.338209	0.344957	0.363354	0.374637	0.375679	0.379371	0.39989	0.401875	0.378386	0.371445	0.387058	0.376362	0.36547	0.35038	0.353595
127	0.389484	0.420064	0.330486	3.794419	-0.627603	0.302586	-0.0433013	-0.0433013	-0.0433013	-0.0433013	-0.0433013	-0.0433013	-0.0433013	-0.0436892	-0.0440761	-0.0444423	-0.0447676	-0.0451593	-0.0457158	0.0852054	0.19987	0.275716	0.32897	0.365908	0.391698	0.410583	0.42564	0.434032	0.435096	0.438886	0.444258	0.44725	0.455055	0.464868	0.47269	0.484882	0.50408	0.512737	0.511697	0.503878	0.497177	0.489064	0.481385	0.472334	0.469722	0.467779	0.460992	0.455272	0.447212	0.438556	0.431898	0.423764	0.413123	0.399201	0.385654	0.375943	0.370562	0.368647	0.37042	0.377045	0.385047	0.39872	0.414826	0.431081	0.448973	0.461283	0.46971	0.477269	0.475156	0.468426	0.463382	0.453591	0.439757	0.424838	0.408751	0.398512	0.387008	0.376622	0.371772	0.368973	0.360203	0.358436	0.352729	0.346742	0.347411	0.343586	0.33902	0.341943	0.346557	0.348004	0.343364	0.345353	0.348504	0.344389	0.33059	0.327566	0.32613	0.323504	0.340873	0.345408	0.349893	0.383857	0.398409	0.381344	0.385953	0.368527	0.372143	0.374576	0.375267	0.382013	0.351302	0.345132
128	0.392286	0.422144	0.336471	3.813213	-0.595473	0.221991	0.0488365	0.0488365	0.0488365	0.0488365	0.0488365	0.0488365	0.0488365	0.0485537	0.0482501	0.0479043	0.0474949	0.0471398	0.0469603	0.120146	0.194647	0.278579	0.331865	0.368717	0.393986	0.413085	0.428743	0.435355	0.436114	0.439809	0.443624	0.444821	0.450476	0.460711	0.48179	0.498315	0.512409	0.523157	0.523716	0.513556	0.503718	0.501613	0.4899	0.479369	0.472898	0.472804	0.464602	0.45509	0.44599	0.441486	0.435009	0.422676	0.4128	0.397733	0.384267	0.377289	0.371505	0.369706	0.372046	0.379129	0.389049	0.402543	0.418225	0.434092	0.451502	0.463262	0.469024	0.474755	0.474014	0.468326	0.465554	0.454705	0.441673	0.428647	0.411119	0.398056	0.386574	0.378296	0.377958	0.373628	0.364338	0.361551	0.358063	0.349492	0.346561	0.347825	0.346302	0.34741	0.349677	0.350771	0.347472	0.345877	0.350541	0.355464	0.34466	0.344186	0.338863	0.341609	0.349937	0.358035	0.367584	0.369992	0.392723	0.399239	0.406369	0.388656	0.393292	0.390818	0.364981	0.353255	0.384302	0.379812
129	0.387666	0.419429	0.327293	3.788682	-0.676296	0.352974	-0.0815938	-0.0815938	-0.0815938	-0.0815938	-0.0815938	-0.0815938	-0.0815938	-0.0820252	-0.0824465	-0.082821	-0.0831113	-0.0835179	-0.0842313	0.0675727	0.179042	0.266546	0.327683	0.365112	0.390525	0.408216	0.42369	0.431311	0.433351	0.437098	0.439737	0.442862	0.447998	0.461805	0.477885	0.490709	0.504123	0.514644	0.517722	0.507383	0.497116	0.496196	0.490233	0.477794	0.464489	0.463909	0.46159	0.456953	0.447787	0.441202	0.432611	0.419725	0.410634	0.398287	0.383824	0.374857	0.37117	0.367967	0.368731	0.3735	0.384138	0.400023	0.415628	0.433267	0.450113	0.461033	0.468624	0.473547	0.472672	0.468236	0.463912	0.453386	0.441247	0.429247	0.409227	0.392477	0.380945	0.373244	0.366479	0.362839	0.360039	0.357966	0.353035	0.348883	0.345518	0.340403	0.343094	0.348778	0.347053	0.339207	0.32798	0.322315	0.33363	0.343538	0.33452	0.319867	0.314956	0.319269	0.335764	0.357535	0.361869	0.354065	0.351175	0.34686	0.372333	0.352371	0.336743	0.324179	0.332221	0.331685	0.282425	0.26399
130	0.389036	0.419723	0.328617	3.791338	-0.632439	0.332564	-0.0271592	-0.0271592	-0.0271592	-0.0271592	-0.0271592	-0.0271592	-0.0271592	-0.0275273	-0.0278981	-0.0282593	-0.0285979	-0.0289817	-0.0294707	0.0913563	0.190068	0.26015	0.324801	0.361978	0.390156	0.409031	0.424437	0.432629	0.434392	0.436088	0.437381	0.436583	0.442969	0.457478	0.474953	0.488986	0.505843	0.512356	0.51577	0.509588	0.496118	0.485486	0.478918	0.47826	0.470627	0.467	0.461879	0.457842	0.447267	0.441113	0.43276	0.419577	0.410093	0.396234	0.382593	0.374825	0.370777	0.366307	0.36694	0.374632	0.386325	0.400582	0.418208	0.435572	0.452228	0.463021	0.468151	0.472197	0.471806	0.46724	0.461779	0.451397	0.439467	0.425105	0.41025	0.400081	0.386827	0.376324	0.368697	0.361709	0.359323	0.36242	0.358526	0.349839	0.347032	0.348403	0.350587	0.351857	0.349589	0.34328	0.340523	0.333683	0.333334	0.346224	0.34262	0.337832	0.332327	0.320811	0.32923	0.337698	0.339653	0.36316	0.37389	0.389576	0.385734	0.376815	0.358564	0.346498	0.362173	0.360067	0.35165	0.358811

131	0.410415	0.442028	0.352785	3.992825	-0.637628	0.223665	0.043818	0.043818	0.043818	0.043818	0.043818	0.043818	0.043818	0.0435131	0.0431883	0.0428241	0.0424017	0.0420266	0.0418102	0.141128	0.215118	0.292668	0.342538	0.383365	0.414211	0.43429	0.449384	0.454305	0.454887	0.459276	0.465621	0.469248	0.477348	0.4927	0.506957	0.524584	0.528458	0.536596	0.543477	0.535329	0.52561	0.525788	0.518925	0.503021	0.494654	0.491027	0.486487	0.480651	0.475915	0.466792	0.452221	0.443905	0.433412	0.417276	0.404748	0.394947	0.389511	0.388337	0.389792	0.396203	0.404075	0.419285	0.437686	0.456585	0.471547	0.484245	0.491451	0.496075	0.494114	0.490785	0.485986	0.475323	0.45823	0.445786	0.432842	0.417324	0.404688	0.393712	0.391675	0.389848	0.381451	0.378379	0.375608	0.365444	0.365166	0.364695	0.366349	0.365863	0.363308	0.362441	0.355864	0.361624	0.368324	0.373129	0.369509	0.363353	0.365996	0.365016	0.375591	0.392375	0.412568	0.408709	0.399992	0.413939	0.439082	0.436562	0.414529	0.404888	0.423459	0.436787	0.420243	0.415636
132	0.408215	0.439919	0.348465	3.973775	-0.644346	0.272384	0.0235382	0.0235382	0.0235382	0.0235382	0.0235382	0.0235382	0.0235382	0.023212	0.0228706	0.0225038	0.0221018	0.0217205	0.0214214	0.11655	0.198451	0.292411	0.353594	0.383207	0.414861	0.437305	0.44774	0.452651	0.448638	0.451108	0.460066	0.462938	0.468908	0.481868	0.497161	0.511567	0.527249	0.53699	0.533819	0.531389	0.523421	0.523034	0.513453	0.497156	0.494691	0.490823	0.486596	0.477524	0.470567	0.464954	0.452628	0.440475	0.425679	0.411907	0.404394	0.394538	0.388266	0.386187	0.387195	0.395261	0.404933	0.417462	0.434916	0.45444	0.468859	0.480512	0.491381	0.497193	0.498925	0.494212	0.483831	0.470404	0.456504	0.444175	0.426577	0.412275	0.403936	0.393167	0.388819	0.385966	0.376839	0.375138	0.374472	0.36681	0.36172	0.362051	0.360727	0.364673	0.368513	0.371676	0.36754	0.362345	0.366911	0.366072	0.357074	0.357051	0.346566	0.351354	0.359484	0.360462	0.381592	0.416515	0.425719	0.432943	0.43742	0.385736	0.389266	0.426139	0.422492	0.362841	0.353973	0.354151
133	0.407768	0.440005	0.347842	3.974546	-0.665691	0.285464	-0.0354397	-0.0354397	-0.0354397	-0.0354397	-0.0354397	-0.0354397	-0.0354397	-0.0358351	-0.0362319	-0.0366137	-0.036964	-0.0373708	-0.0379141	0.0870547	0.194183	0.292127	0.34828	0.38479	0.412764	0.432524	0.449492	0.455677	0.454941	0.457074	0.462532	0.466406	0.478045	0.491496	0.500174	0.515804	0.534519	0.549803	0.542236	0.533966	0.522223	0.514813	0.507607	0.501283	0.499449	0.488179	0.47875	0.474185	0.472879	0.467227	0.453363	0.442483	0.42924	0.413906	0.40321	0.393055	0.387088	0.386718	0.386879	0.393114	0.40487	0.419981	0.435663	0.454029	0.469752	0.479481	0.489368	0.498056	0.497957	0.490161	0.482143	0.471815	0.458904	0.444526	0.429098	0.413764	0.400998	0.395175	0.39172	0.388209	0.380687	0.375405	0.371572	0.364793	0.358182	0.352861	0.356604	0.361521	0.374604	0.369891	0.355041	0.356512	0.356797	0.3522	0.358894	0.360392	0.352839	0.348576	0.356464	0.368492	0.392916	0.412408	0.416126	0.408712	0.406968	0.405795	0.40911	0.397769	0.368319	0.342673	0.359093	0.368146
134	0.406793	0.439074	0.346764	3.966141	-0.668838	0.291320	-0.0254242	-0.0254242	-0.0254242	-0.0254242	-0.0254242	-0.0254242	-0.0254242	-0.0258069	-0.0261932	-0.0265715	-0.0269294	-0.0273308	-0.0278288	0.118194	0.213859	0.28671	0.343295	0.379067	0.411857	0.43421	0.447186	0.454527	0.456226	0.455905	0.462292	0.466827	0.469347	0.476518	0.497149	0.512078	0.529625	0.534723	0.537684	0.528467	0.515792	0.513612	0.512814	0.498702	0.494759	0.487977	0.485536	0.478924	0.4719	0.464643	0.453664	0.440622	0.42783	0.413987	0.400513	0.392837	0.388793	0.388471	0.388203	0.391786	0.402849	0.417343	0.43332	0.450911	0.467457	0.482258	0.491695	0.494529	0.494389	0.48964	0.483029	0.469742	0.456555	0.446214	0.428328	0.412169	0.400715	0.391274	0.388636	0.386473	0.379401	0.375175	0.37274	0.358876	0.357324	0.357873	0.357336	0.361396	0.367361	0.360356	0.356095	0.360053	0.362044	0.368638	0.358878	0.349336	0.352506	0.350969	0.354007	0.36698	0.372608	0.375138	0.37287	0.381225	0.393433	0.373688	0.387116	0.390937	0.364343	0.373933	0.402981	0.408243
135	0.405434	0.438350	0.343412	3.959603	-0.695554	0.343348	-0.0552682	-0.0552682	-0.0552682	-0.0552682	-0.0552682	-0.0552682	-0.0552682	-0.0556843	-0.0560969	-0.0564811	-0.0568112	-0.0572237	-0.0578455	0.0846949	0.191241	0.280155	0.34363	0.379153	0.407469	0.428158	0.442557	0.450668	0.452479	0.454987	0.459206	0.463486	0.468466	0.481219	0.497663	0.51567	0.532431	0.540097	0.536605	0.525377	0.518148	0.515918	0.508702	0.496877	0.494151	0.48955	0.480672	0.473952	0.471282	0.463709	0.452896	0.442256	0.4295	0.412887	0.399296	0.392501	0.386658	0.384783	0.385663	0.391993	0.402482	0.416003	0.433956	0.452918	0.467592	0.481907	0.492034	0.493743	0.493478	0.490021	0.482181	0.469382	0.45682	0.445462	0.426653	0.41135	0.404722	0.394984	0.387188	0.384214	0.377617	0.370955	0.3696	0.361922	0.357403	0.354676	0.355263	0.357494	0.354931	0.353779	0.35416	0.358609	0.352614	0.337025	0.336283	0.349729	0.35119	0.355676	0.367177	0.378033	0.37204	0.371293	0.372473	0.373987	0.40859	0.403586	0.402418	0.382526	0.359058	0.373327	0.369945	0.357326

136	0.422297	0.456754	0.359582	4.125845	-0.731172	0.324681	-0.00551927	-0.00551927	-0.00551927	-0.00551927	-0.00551927	-0.00551927	-0.00551927	-0.00589256	-0.0062746	-0.00666255	-0.00705321	-0.00746166	-0.00789613	0.104406	0.17916	0.28348	0.346499	0.392148	0.428596	0.45045	0.466245	0.471724	0.476851	0.479203	0.480557	0.47765	0.485677	0.503573	0.52299	0.538987	0.543113	0.54665	0.552698	0.548127	0.545171	0.538523	0.528534	0.524512	0.517332	0.508871	0.503997	0.494974	0.49243	0.483558	0.471731	0.459942	0.446476	0.431004	0.41912	0.410583	0.404857	0.401751	0.403048	0.410431	0.421155	0.433937	0.450873	0.469994	0.487304	0.499344	0.510133	0.515885	0.515462	0.509079	0.498902	0.487298	0.475499	0.46065	0.444946	0.429764	0.420044	0.407998	0.400719	0.400692	0.396406	0.389162	0.38736	0.379732	0.372945	0.367813	0.366307	0.366318	0.367275	0.361323	0.35906	0.357161	0.36587	0.374058	0.364806	0.351763	0.356576	0.360973	0.349702	0.364746	0.392757	0.398276	0.40972	0.424409	0.431268	0.434902	0.424041	0.393755	0.368834	0.355944	0.376823	0.391501
137	0.423959	0.458923	0.362231	4.145431	-0.748480	0.308426	-0.0468951	-0.0468951	-0.0468951	-0.0468951	-0.0468951	-0.0468951	-0.0468951	-0.0473188	-0.0477415	-0.0481418	-0.0484979	-0.0489259	-0.0495292	0.12412	0.23973	0.311689	0.35734	0.394751	0.429456	0.453197	0.467079	0.472977	0.474753	0.472694	0.474614	0.480294	0.49665	0.515597	0.52514	0.538596	0.555784	0.560472	0.55513	0.548029	0.546513	0.543716	0.532397	0.517839	0.51538	0.512684	0.506864	0.500066	0.491901	0.481113	0.473252	0.462441	0.450228	0.4378	0.423062	0.415282	0.412316	0.408133	0.405337	0.410311	0.421916	0.438238	0.454976	0.471197	0.487758	0.502257	0.511965	0.517189	0.516008	0.508465	0.500374	0.488664	0.472932	0.457938	0.444957	0.428077	0.417418	0.413991	0.406678	0.39953	0.393798	0.389965	0.381262	0.370583	0.368423	0.368952	0.366453	0.370083	0.383591	0.385573	0.375292	0.373768	0.372303	0.376886	0.374332	0.369957	0.376213	0.378515	0.395255	0.407843	0.418807	0.425597	0.434459	0.401758	0.40372	0.43743	0.417192	0.395796	0.404456	0.425816	0.415848	0.42236
138	0.427643	0.461416	0.369499	4.167950	-0.696783	0.210045	0.0650107	0.0650107	0.0650107	0.0650107	0.0650107	0.0650107	0.0650107	0.0647145	0.0643928	0.0640169	0.0635585	0.0631745	0.0630238	0.118076	0.217573	0.31283	0.368952	0.401195	0.433257	0.454322	0.468404	0.476083	0.47885	0.479435	0.483746	0.489717	0.497221	0.52043	0.528843	0.541419	0.555847	0.562072	0.565395	0.563576	0.558215	0.5476	0.537331	0.531867	0.525989	0.514727	0.50765	0.503418	0.498108	0.484783	0.475831	0.4637	0.450588	0.438189	0.425259	0.41349	0.408057	0.406561	0.406692	0.411568	0.422322	0.435854	0.453352	0.4739	0.491204	0.504446	0.514831	0.521627	0.520435	0.515593	0.505843	0.490871	0.473927	0.459068	0.44764	0.434775	0.423613	0.413838	0.406847	0.401679	0.397443	0.393233	0.388323	0.377149	0.374069	0.373934	0.379077	0.380252	0.382166	0.377956	0.375595	0.379757	0.387699	0.391069	0.379364	0.367131	0.364464	0.375246	0.385946	0.381411	0.404006	0.450973	0.468779	0.458097	0.431516	0.433105	0.425498	0.46593	0.481891	0.471048	0.428616	0.421538
139	0.421021	0.456192	0.357191	4.120762	-0.760795	0.361066	-0.0857543	-0.0857543	-0.0857543	-0.0857543	-0.0857543	-0.0857543	-0.0857543	-0.0862206	-0.0866767	-0.0870839	-0.0874029	-0.0878446	-0.088606	0.100679	0.204013	0.294965	0.358033	0.397982	0.429975	0.450084	0.465785	0.470831	0.472596	0.47395	0.477439	0.482006	0.48738	0.504313	0.51865	0.532967	0.545961	0.552547	0.549116	0.544395	0.538126	0.5352	0.527033	0.521076	0.515089	0.50757	0.502264	0.494507	0.489187	0.480174	0.471129	0.45999	0.446812	0.432608	0.422858	0.414962	0.408326	0.403442	0.40284	0.405912	0.416475	0.434248	0.451663	0.471051	0.488414	0.501568	0.512198	0.515694	0.513028	0.508893	0.501524	0.486437	0.47046	0.455041	0.442669	0.42837	0.416764	0.405193	0.397021	0.395326	0.391838	0.388557	0.386787	0.379699	0.370659	0.369257	0.367256	0.365535	0.369924	0.366253	0.357129	0.359466	0.367912	0.373162	0.371693	0.35994	0.354692	0.352893	0.352579	0.364112	0.390422	0.402778	0.387922	0.398058	0.422721	0.42491	0.412511	0.396657	0.36423	0.322805	0.35091	0.35608
140	0.423300	0.458429	0.359881	4.140972	-0.755874	0.345113	-0.0395944	-0.0395944	-0.0395944	-0.0395944	-0.0395944	-0.0395944	-0.0395944	-0.0400088	-0.040424	-0.0408218	-0.0411838	-0.0416082	-0.0421865	0.0728308	0.182998	0.292807	0.356801	0.390719	0.42585	0.452089	0.467709	0.471627	0.474505	0.476952	0.483938	0.488448	0.491553	0.501555	0.516031	0.536966	0.558237	0.565422	0.563044	0.55723	0.547989	0.543412	0.529833	0.520123	0.517586	0.514135	0.503425	0.4966	0.492133	0.484237	0.477372	0.463506	0.448843	0.436089	0.421265	0.411223	0.406148	0.403666	0.405798	0.409961	0.418079	0.434607	0.453501	0.472055	0.489384	0.501967	0.513499	0.519544	0.516766	0.509403	0.500662	0.487801	0.471177	0.454831	0.446382	0.429861	0.415003	0.409099	0.405214	0.403329	0.400015	0.393662	0.384281	0.374523	0.368918	0.372871	0.369307	0.371574	0.372869	0.369697	0.376428	0.378894	0.374698	0.368794	0.369495	0.382699	0.381808	0.382479	0.382299	0.39629	0.397557	0.408696	0.409439	0.419421	0.411788	0.380739	0.392885	0.405563	0.40418	0.439947	0.426866	0.428471

141	0.464759	0.503114	0.403558	4.544606	-0.821529	0.216426	0.0352232	0.0352232	0.0352232	0.0352232	0.0352232	0.0352232	0.0352232	0.0348584	0.0344742	0.0340553	0.0335867	0.0331526	0.0328466	0.169496	0.261403	0.329252	0.391188	0.435106	0.470155	0.495657	0.511465	0.517931	0.520955	0.524088	0.534084	0.537189	0.545579	0.56028	0.579952	0.598747	0.615346	0.622262	0.628125	0.622542	0.611512	0.599043	0.59311	0.580952	0.572157	0.566457	0.563681	0.556442	0.539549	0.528686	0.519102	0.510759	0.500395	0.486504	0.468589	0.456665	0.450505	0.443546	0.440963	0.443323	0.452897	0.468077	0.490048	0.51036	0.527253	0.54095	0.556616	0.56653	0.570065	0.565829	0.555785	0.536603	0.517515	0.498547	0.481257	0.469521	0.460115	0.451019	0.445295	0.440038	0.433649	0.42923	0.418063	0.413786	0.403835	0.39799	0.405029	0.403702	0.408206	0.408887	0.404469	0.409576	0.418957	0.421151	0.411671	0.412753	0.407302	0.405106	0.419245	0.436812	0.459077	0.467406	0.474294	0.473572	0.489298	0.503741	0.461627	0.426027	0.424436	0.434984	0.504833	0.472631
142	0.463335	0.502060	0.402473	4.535087	-0.838010	0.220495	0.0225245	0.0225245	0.0225245	0.0225245	0.0225245	0.0225245	0.0225245	0.0221456	0.0217503	0.021329	0.0208724	0.0204338	0.0200718	0.119959	0.246985	0.348571	0.402927	0.437303	0.472528	0.493048	0.507443	0.516299	0.520606	0.521972	0.528401	0.535918	0.544671	0.556908	0.584406	0.609633	0.614551	0.622246	0.625013	0.618656	0.619949	0.60687	0.590651	0.582406	0.574561	0.566561	0.563219	0.553608	0.538165	0.529883	0.5208	0.509786	0.495987	0.479998	0.465647	0.456189	0.448145	0.441435	0.439198	0.4434	0.455247	0.470952	0.489504	0.509877	0.527323	0.541959	0.554637	0.565113	0.568059	0.561691	0.550026	0.534271	0.515041	0.495279	0.479982	0.470947	0.459104	0.447583	0.444055	0.438422	0.432877	0.423982	0.416189	0.412394	0.408363	0.404284	0.402831	0.402678	0.404857	0.411578	0.414717	0.412042	0.418233	0.409898	0.403584	0.400325	0.406069	0.399442	0.414434	0.431289	0.440914	0.441	0.44688	0.467569	0.453361	0.438668	0.448917	0.474725	0.45009	0.434603	0.433941	0.404318
143	0.463184	0.501543	0.402069	4.530419	-0.823959	0.220081	0.0238355	0.0238355	0.0238355	0.0238355	0.0238355	0.0238355	0.0238355	0.0234585	0.0230648	0.0226442	0.0221869	0.0217493	0.0213965	0.154137	0.250201	0.33031	0.39757	0.43631	0.470401	0.495144	0.508764	0.516026	0.521234	0.521955	0.531125	0.536601	0.541533	0.552169	0.580233	0.603395	0.619887	0.624723	0.622827	0.619736	0.614907	0.601289	0.584674	0.579145	0.573844	0.567499	0.559857	0.549914	0.538376	0.531326	0.522446	0.512355	0.499889	0.480426	0.464629	0.454316	0.446602	0.441737	0.441259	0.442731	0.452574	0.469851	0.488411	0.507271	0.52521	0.541091	0.552613	0.562296	0.565891	0.560864	0.547689	0.531792	0.51652	0.49724	0.48022	0.471535	0.461669	0.450625	0.444058	0.437995	0.436569	0.42837	0.420033	0.41376	0.402509	0.398299	0.399326	0.406826	0.40723	0.407911	0.407644	0.40948	0.419243	0.424002	0.414564	0.408553	0.402358	0.406913	0.420404	0.44284	0.458409	0.464081	0.475409	0.462388	0.446491	0.450071	0.47129	0.476438	0.452752	0.419197	0.412378	0.448383
144	0.463686	0.501342	0.403482	4.528602	-0.795865	0.190264	0.0696288	0.0696288	0.0696288	0.0696288	0.0696288	0.0696288	0.0696288	0.0693052	0.0689541	0.0685449	0.0680471	0.067629	0.0674639	0.160798	0.265789	0.336205	0.407157	0.443999	0.472127	0.493495	0.506853	0.514099	0.520108	0.524237	0.527279	0.529113	0.536966	0.552817	0.57534	0.600772	0.613821	0.621831	0.623279	0.618876	0.608316	0.594547	0.57953	0.5791	0.574575	0.568164	0.560894	0.551648	0.538603	0.527582	0.516534	0.50705	0.495446	0.480093	0.467321	0.457707	0.449867	0.443644	0.440547	0.443196	0.452156	0.469876	0.489868	0.510325	0.525952	0.539315	0.553094	0.562347	0.564746	0.55976	0.553089	0.537721	0.515953	0.497825	0.481189	0.468687	0.457421	0.445808	0.440643	0.437794	0.433603	0.430254	0.417436	0.409726	0.403753	0.405208	0.401227	0.402884	0.408228	0.414447	0.414902	0.416818	0.419383	0.415902	0.403449	0.414342	0.425042	0.42465	0.408954	0.418281	0.458849	0.491421	0.499091	0.504366	0.501275	0.512077	0.49691	0.482436	0.488199	0.456166	0.45391	0.482429
145	0.463367	0.501442	0.404986	4.529503	-0.812641	0.163412	0.0336868	0.0336868	0.0336868	0.0336868	0.0336868	0.0336868	0.0336868	0.0333208	0.0329359	0.0325174	0.0320511	0.0316174	0.0313067	0.174885	0.279744	0.350591	0.406141	0.440453	0.471819	0.493384	0.507424	0.514686	0.519016	0.520185	0.527664	0.53866	0.546266	0.562716	0.589015	0.608782	0.617637	0.627834	0.627589	0.619077	0.606083	0.597366	0.590358	0.58438	0.576033	0.565292	0.558287	0.551334	0.538637	0.52826	0.517316	0.507046	0.495544	0.481018	0.466184	0.45578	0.44923	0.442811	0.439986	0.442319	0.451392	0.468584	0.489771	0.511279	0.529706	0.542093	0.553717	0.563989	0.565293	0.560092	0.550967	0.535595	0.515871	0.49734	0.481089	0.469027	0.455759	0.445958	0.439761	0.436917	0.43227	0.422924	0.411791	0.407859	0.407705	0.402734	0.405118	0.405264	0.410013	0.414918	0.416001	0.412726	0.410213	0.416006	0.420888	0.414395	0.391157	0.387277	0.386308	0.411476	0.437775	0.447873	0.465133	0.471749	0.460941	0.449152	0.441839	0.436302	0.453205	0.455548	0.426318	0.38553

146	0.498204	0.539179	0.435279	4.870381	-0.875197	0.179221	0.00847852	0.00847852	0.00847852	0.00847852	0.00847852	0.00847852	0.00847852	0.00805195	0.00761148	0.00715382	0.00667609	0.00619708	0.00574859	0.185338	0.300459	0.371816	0.431976	0.47357	0.515842	0.537202	0.549675	0.558548	0.561536	0.565653	0.5675	0.574931	0.591151	0.610083	0.62325	0.643391	0.660511	0.66896	0.671238	0.666844	0.661256	0.651348	0.639807	0.630006	0.624061	0.616795	0.605113	0.587151	0.57818	0.572103	0.563868	0.554104	0.535355	0.518356	0.49908	0.484049	0.475344	0.470507	0.471211	0.476104	0.487765	0.504521	0.52492	0.545625	0.562675	0.57946	0.594742	0.602622	0.603638	0.602208	0.596171	0.581785	0.557028	0.532562	0.515533	0.499417	0.488456	0.486067	0.476402	0.467289	0.464633	0.461792	0.454282	0.444963	0.443215	0.433919	0.431903	0.436323	0.434006	0.436049	0.444596	0.449794	0.448151	0.454705	0.451772	0.444	0.448196	0.440343	0.435249	0.43091	0.439087	0.469844	0.514756	0.529983	0.536611	0.526909	0.496482	0.502405	0.487423	0.481519	0.475312	0.466259
147	0.499115	0.538868	0.437290	4.867571	-0.826286	0.136399	0.0924678	0.0924678	0.0924678	0.0924678	0.0924678	0.0924678	0.0924678	0.0921392	0.0917769	0.09134	0.090788	0.0903447	0.09024	0.19422	0.27861	0.367871	0.438695	0.482441	0.516477	0.537323	0.548634	0.557283	0.561552	0.56352	0.568069	0.576363	0.583287	0.596146	0.619754	0.648446	0.664794	0.670076	0.671403	0.6638	0.649195	0.641639	0.63772	0.627669	0.618452	0.610726	0.598808	0.583546	0.570986	0.56702	0.56361	0.555204	0.542111	0.521228	0.49902	0.485018	0.477059	0.471308	0.470795	0.475294	0.485806	0.503457	0.525583	0.547852	0.566543	0.58122	0.594394	0.602768	0.602972	0.601518	0.594019	0.576316	0.556239	0.536601	0.520037	0.502607	0.490324	0.484512	0.474828	0.469551	0.466403	0.463119	0.454063	0.44111	0.437488	0.428415	0.425345	0.431772	0.43837	0.448	0.450691	0.458705	0.461514	0.454584	0.455586	0.46048	0.451814	0.440519	0.446463	0.473168	0.486892	0.48351	0.51472	0.506269	0.495946	0.488819	0.518623	0.570808	0.542214	0.507801	0.550223	0.57713
148	0.497213	0.538947	0.432400	4.868286	-0.906170	0.229960	0.0192334	0.0192334	0.0192334	0.0192334	0.0192334	0.0192334	0.0192334	0.0188205	0.0183912	0.0179374	0.0174513	0.016978	0.0165728	0.168074	0.270727	0.361685	0.42856	0.475972	0.513784	0.536171	0.547845	0.555033	0.556921	0.560185	0.566554	0.575912	0.581269	0.598068	0.623134	0.644505	0.657942	0.666996	0.667654	0.665858	0.65789	0.644997	0.639315	0.628358	0.616371	0.612459	0.60466	0.59064	0.579944	0.571861	0.562495	0.552558	0.539742	0.51954	0.501741	0.485725	0.477564	0.473224	0.469654	0.475525	0.486493	0.502812	0.525541	0.546551	0.56701	0.579569	0.591156	0.601207	0.605241	0.605144	0.597379	0.577076	0.554274	0.535343	0.51677	0.500011	0.492396	0.484351	0.47516	0.46914	0.461391	0.452887	0.444232	0.441413	0.442389	0.434419	0.427026	0.425278	0.428828	0.44045	0.441192	0.43642	0.440771	0.453053	0.46144	0.446349	0.437204	0.425358	0.434608	0.456826	0.485129	0.49297	0.514015	0.511596	0.50906	0.520074	0.498359	0.50287	0.52924	0.501474	0.458473	0.469309
149	0.496999	0.538119	0.436055	4.860809	-0.882609	0.148060	0.0899992	0.0899992	0.0899992	0.0899992	0.0899992	0.0899992	0.0899992	0.0896685	0.0893048	0.0888682	0.0883192	0.0878757	0.0877622	0.198412	0.278873	0.361664	0.434551	0.481734	0.517001	0.53837	0.54844	0.555173	0.557844	0.560134	0.564904	0.571505	0.582606	0.599509	0.618969	0.640911	0.660033	0.667627	0.666558	0.660447	0.656542	0.649527	0.640326	0.631326	0.622367	0.614694	0.602191	0.588049	0.578854	0.570048	0.562509	0.554035	0.540015	0.52124	0.501788	0.487266	0.476776	0.46978	0.469639	0.475837	0.484547	0.501491	0.523134	0.544678	0.563759	0.578565	0.592804	0.599737	0.603082	0.602135	0.590646	0.572257	0.550311	0.531884	0.514005	0.496609	0.489506	0.483682	0.475987	0.470558	0.464874	0.459444	0.450783	0.440284	0.43792	0.43028	0.429351	0.433372	0.433983	0.43632	0.439594	0.442981	0.441635	0.444929	0.437861	0.450534	0.454987	0.447175	0.469089	0.468337	0.479505	0.503748	0.516695	0.51965	0.517821	0.490399	0.508428	0.503018	0.49608	0.462784	0.411758	0.406416
150	0.497674	0.539023	0.433904	4.868976	-0.890544	0.202742	0.00965762	0.00965762	0.00965762	0.00965762	0.00965762	0.00965762	0.00965762	0.00923274	0.00879367	0.00833659	0.0078581	0.00737986	0.00693477	0.168731	0.266218	0.36767	0.441444	0.478509	0.515112	0.536915	0.549559	0.556704	0.559148	0.564532	0.568651	0.577428	0.587603	0.602316	0.618023	0.644026	0.659988	0.669447	0.676393	0.667811	0.654549	0.644987	0.641255	0.629286	0.619219	0.617736	0.609797	0.59086	0.577084	0.570187	0.563311	0.55315	0.537855	0.519838	0.500626	0.486834	0.475225	0.470784	0.470848	0.474415	0.484119	0.503508	0.525487	0.54652	0.565321	0.578398	0.593379	0.601282	0.605224	0.605762	0.595151	0.576928	0.55512	0.530922	0.511973	0.497479	0.49302	0.489783	0.477371	0.470207	0.464314	0.458017	0.452985	0.439611	0.436273	0.428276	0.428552	0.432271	0.436665	0.439276	0.443302	0.460119	0.449987	0.452551	0.474544	0.461101	0.437723	0.437351	0.44535	0.450758	0.469421	0.489492	0.502182	0.505014	0.529788	0.545559	0.552537	0.496623	0.479157	0.499685	0.469938	0.501832

151	0.529422	0.571835	0.466252	5.165363	-0.886080	0.103049	0.106847	0.106847	0.106847	0.106847	0.106847	0.106847	0.106847	0.106508	0.106131	0.105669	0.105075	0.104608	0.104533	0.222555	0.325015	0.410822	0.45943	0.500751	0.544452	0.573479	0.585608	0.592022	0.593097	0.596462	0.599016	0.611374	0.625575	0.646893	0.675557	0.689974	0.699834	0.702646	0.703051	0.700682	0.696076	0.686242	0.677873	0.674812	0.664368	0.653135	0.636771	0.626553	0.617366	0.605948	0.599539	0.586803	0.568528	0.549367	0.528532	0.516894	0.506088	0.496108	0.494694	0.504699	0.518995	0.535917	0.556446	0.577747	0.598429	0.616816	0.630588	0.636406	0.637291	0.636104	0.631043	0.614161	0.593517	0.57227	0.547645	0.526992	0.514121	0.50766	0.503724	0.503198	0.499955	0.495043	0.48353	0.468809	0.461456	0.454938	0.454712	0.456816	0.459219	0.467265	0.477411	0.47603	0.488479	0.488715	0.487706	0.483824	0.473614	0.473425	0.494929	0.513047	0.539334	0.546479	0.541625	0.551577	0.574765	0.606263	0.594977	0.578771	0.556992	0.556615	0.593907	0.63483
152	0.527640	0.571355	0.463322	5.161025	-0.939326	0.150878	0.0539758	0.0539758	0.0539758	0.0539758	0.0539758	0.0539758	0.0539758	0.0535757	0.0531502	0.0526757	0.052129	0.0516398	0.0513486	0.207983	0.294298	0.384066	0.460397	0.504601	0.543593	0.570784	0.585625	0.59108	0.590796	0.596572	0.60259	0.613471	0.625766	0.645009	0.671444	0.687706	0.707202	0.717836	0.71261	0.700543	0.696383	0.695301	0.684213	0.673827	0.662112	0.651548	0.636519	0.623531	0.614028	0.610184	0.606377	0.592205	0.569969	0.547085	0.526947	0.513449	0.50237	0.49724	0.499272	0.504435	0.516124	0.534243	0.557002	0.580593	0.601216	0.614064	0.623346	0.631878	0.63688	0.633522	0.624952	0.609593	0.58788	0.566493	0.546867	0.529113	0.514469	0.512338	0.512208	0.503206	0.493129	0.488724	0.480664	0.469818	0.458631	0.453843	0.456307	0.458719	0.453702	0.461981	0.485836	0.486637	0.475694	0.483878	0.486438	0.483567	0.478494	0.471909	0.493234	0.501999	0.512495	0.537156	0.538289	0.560152	0.583599	0.616806	0.585853	0.590409	0.599372	0.585963	0.621123	0.612277
153	0.528712	0.570862	0.465576	5.156574	-0.876841	0.100647	0.0917275	0.0917275	0.0917275	0.0917275	0.0917275	0.0917275	0.0917275	0.0913714	0.0909811	0.0905159	0.0899359	0.0894628	0.0893273	0.223002	0.314116	0.392882	0.462144	0.502127	0.540526	0.572194	0.587707	0.593177	0.593153	0.600228	0.606712	0.617278	0.629112	0.646068	0.667781	0.682997	0.69887	0.707948	0.707861	0.701394	0.698695	0.69142	0.677176	0.662773	0.654633	0.649175	0.631945	0.619441	0.610152	0.606735	0.598823	0.586932	0.569125	0.5475	0.526755	0.514281	0.503444	0.497156	0.495571	0.502352	0.518002	0.537252	0.559069	0.581847	0.601492	0.616626	0.627943	0.637117	0.638976	0.635247	0.62833	0.612325	0.590018	0.568267	0.547641	0.52962	0.512998	0.507543	0.505511	0.499998	0.494512	0.490609	0.483109	0.468626	0.461771	0.458941	0.457738	0.456116	0.458	0.466948	0.474292	0.474917	0.467586	0.474511	0.484464	0.505347	0.505482	0.492871	0.481936	0.473904	0.48648	0.528931	0.540743	0.526587	0.529301	0.535665	0.567901	0.608801	0.591946	0.56917	0.599023	0.618441
154	0.525451	0.568897	0.459617	5.138827	-0.932057	0.182547	0.0201387	0.0201387	0.0201387	0.0201387	0.0201387	0.0201387	0.0201387	0.0197016	0.0192472	0.018767	0.018253	0.0177524	0.0173263	0.20965	0.323833	0.398328	0.460563	0.498608	0.538057	0.569282	0.582251	0.589688	0.591567	0.595714	0.59626	0.602443	0.613852	0.63849	0.664327	0.68163	0.70155	0.708445	0.701274	0.694927	0.697996	0.688951	0.677531	0.671708	0.661362	0.646845	0.632231	0.623717	0.613822	0.608249	0.600783	0.585328	0.565839	0.544123	0.524584	0.510699	0.50025	0.495272	0.495238	0.503632	0.515728	0.532769	0.556005	0.577613	0.598476	0.614427	0.626315	0.629852	0.630566	0.628883	0.625731	0.612325	0.588884	0.562061	0.541623	0.527146	0.51484	0.50825	0.504107	0.497098	0.493682	0.485966	0.479823	0.473802	0.463669	0.455968	0.452311	0.456478	0.459977	0.471577	0.479049	0.473939	0.470889	0.470436	0.486232	0.491801	0.478919	0.4663	0.46658	0.473952	0.485343	0.501143	0.535789	0.564312	0.556984	0.550235	0.571605	0.578939	0.544515	0.511612	0.456728	0.468152
155	0.529072	0.571450	0.464984	5.161888	-0.885217	0.120986	0.0699704	0.0699704	0.0699704	0.0699704	0.0699704	0.0699704	0.0699704	0.0695888	0.069178	0.0687074	0.0681466	0.0676643	0.0674405	0.227371	0.336005	0.41473	0.463424	0.503719	0.540379	0.570755	0.584957	0.591381	0.590999	0.59457	0.600643	0.610963	0.624849	0.648471	0.674029	0.684591	0.700279	0.708395	0.701882	0.696758	0.695449	0.691664	0.684766	0.674646	0.660637	0.652159	0.635852	0.624119	0.61239	0.60585	0.601488	0.589256	0.569423	0.544352	0.527614	0.516644	0.5061	0.496819	0.496164	0.503825	0.51569	0.532426	0.558698	0.581967	0.60021	0.615025	0.625883	0.634765	0.637671	0.634909	0.626242	0.61329	0.591238	0.566474	0.548191	0.534223	0.520698	0.509795	0.506065	0.497821	0.494173	0.488506	0.479934	0.471006	0.463572	0.466102	0.462198	0.463048	0.461066	0.471454	0.486308	0.489559	0.488967	0.474943	0.482213	0.495419	0.492987	0.496073	0.518216	0.509415	0.486509	0.502071	0.519548	0.557895	0.600504	0.599115	0.586964	0.554676	0.534887	0.542766	0.55873	0.564588

156	0.554461	0.598649	0.493033	5.407576	-0.919013	0.015027	0.0785109	0.0785109	0.0785109	0.0785109	0.0785109	0.0785109	0.0785109	0.0781145	0.0776864	0.0771918	0.0765969	0.0760908	0.0758722	0.213736	0.356809	0.442511	0.494558	0.534436	0.572405	0.600759	0.619179	0.62973	0.630909	0.633889	0.637311	0.647597	0.662976	0.676735	0.707904	0.736348	0.749989	0.753385	0.750778	0.749813	0.741692	0.730986	0.716241	0.707084	0.697929	0.68404	0.670427	0.65187	0.637702	0.634792	0.630691	0.615079	0.593718	0.573521	0.551629	0.538055	0.530128	0.522064	0.520065	0.524025	0.540336	0.561051	0.582603	0.605975	0.629411	0.645377	0.652037	0.66102	0.666185	0.665747	0.655011	0.642335	0.621069	0.591222	0.56888	0.556542	0.54486	0.531746	0.528528	0.523557	0.516845	0.515803	0.502314	0.492862	0.484495	0.481863	0.477772	0.476075	0.478624	0.487534	0.510941	0.523494	0.532875	0.517547	0.512974	0.523337	0.532613	0.542656	0.54702	0.547237	0.545524	0.560289	0.586173	0.589354	0.57907	0.604987	0.628061	0.651921	0.630997	0.600292	0.653224	0.633232
157	0.554157	0.598515	0.494018	5.406368	-0.926055	-0.005651	0.132365	0.132365	0.132365	0.132365	0.132365	0.132365	0.132365	0.132032	0.131655	0.131174	0.130532	0.130049	0.130051	0.219786	0.356951	0.442899	0.489287	0.532306	0.570593	0.598183	0.616605	0.626044	0.628926	0.632898	0.637123	0.648835	0.657062	0.671423	0.702093	0.730729	0.754032	0.761652	0.758214	0.752616	0.746848	0.726823	0.720811	0.709392	0.695041	0.679873	0.671463	0.657037	0.644117	0.638416	0.632226	0.615455	0.595276	0.573884	0.550365	0.534141	0.527592	0.52303	0.518857	0.524014	0.53796	0.557681	0.5795	0.605823	0.628602	0.64265	0.655336	0.665005	0.66809	0.66339	0.651009	0.63758	0.61938	0.597029	0.576086	0.559707	0.542808	0.528425	0.52751	0.525626	0.516717	0.511854	0.504126	0.492615	0.482988	0.484013	0.481495	0.475175	0.473308	0.474661	0.495179	0.509847	0.512053	0.499883	0.509873	0.529201	0.531792	0.524229	0.533509	0.551595	0.563154	0.557712	0.583644	0.588507	0.581442	0.613301	0.631592	0.580359	0.574014	0.594933	0.607053	0.604402
158	0.552895	0.597609	0.490275	5.398184	-0.941739	0.050909	0.0911764	0.0911764	0.0911764	0.0911764	0.0911764	0.0911764	0.0911764	0.0907967	0.0903824	0.089893	0.0892888	0.0887902	0.0886263	0.222518	0.337049	0.422508	0.48828	0.532181	0.567365	0.595824	0.61481	0.624902	0.627084	0.630542	0.635172	0.644375	0.660285	0.678162	0.70296	0.725153	0.74451	0.759155	0.754171	0.745965	0.740395	0.728673	0.711745	0.703966	0.695266	0.678086	0.667372	0.654943	0.645724	0.640627	0.632274	0.613585	0.591137	0.570365	0.549537	0.534309	0.527512	0.520702	0.519735	0.526834	0.539427	0.558565	0.582846	0.60604	0.626836	0.643261	0.655951	0.66224	0.663171	0.659733	0.650303	0.637493	0.619018	0.597799	0.57487	0.555705	0.540636	0.527347	0.524444	0.523414	0.515841	0.512327	0.502776	0.493703	0.485992	0.482459	0.482116	0.48167	0.486479	0.493996	0.495848	0.503614	0.510125	0.508468	0.503193	0.512475	0.523624	0.514684	0.506349	0.511783	0.533831	0.540379	0.528326	0.55563	0.568065	0.576527	0.59389	0.617853	0.602348	0.592957	0.589653	0.570395
159	0.551150	0.595848	0.488646	5.382274	-0.943654	0.054228	0.0936046	0.0936046	0.0936046	0.0936046	0.0936046	0.0936046	0.0936046	0.0932294	0.0928189	0.0923318	0.0917272	0.0912314	0.0910802	0.232332	0.339487	0.422873	0.490459	0.528192	0.564826	0.598481	0.616636	0.625171	0.625864	0.62912	0.628737	0.63963	0.654468	0.67245	0.700457	0.725744	0.744463	0.745157	0.742092	0.735682	0.733213	0.725275	0.71882	0.702024	0.690029	0.674246	0.66362	0.65172	0.642298	0.63672	0.628453	0.612485	0.590579	0.567748	0.547432	0.533247	0.526239	0.521215	0.518641	0.523755	0.536872	0.558353	0.582319	0.605125	0.626405	0.643884	0.65635	0.665051	0.666894	0.661074	0.652275	0.638252	0.617549	0.594644	0.570539	0.551737	0.537238	0.525137	0.522421	0.521952	0.515352	0.509464	0.497901	0.488103	0.478317	0.476479	0.470659	0.466655	0.475102	0.486798	0.491185	0.493013	0.50946	0.517795	0.506782	0.499961	0.488803	0.49415	0.515898	0.504637	0.505656	0.523028	0.522328	0.537418	0.564595	0.588485	0.594053	0.617674	0.587762	0.545584	0.565388	0.579588
160	0.553073	0.597091	0.491982	5.393498	-0.914379	0.010592	0.102876	0.102876	0.102876	0.102876	0.102876	0.102876	0.102876	0.102509	0.102105	0.101619	0.101004	0.10051	0.100397	0.264002	0.351823	0.416292	0.486372	0.536784	0.572879	0.602044	0.620646	0.628311	0.6282	0.632862	0.636422	0.646908	0.66284	0.67502	0.701831	0.721651	0.738276	0.747744	0.747911	0.740424	0.734663	0.728349	0.70963	0.692386	0.68739	0.671912	0.662591	0.652689	0.644545	0.640802	0.634577	0.615393	0.594413	0.571335	0.550254	0.533845	0.527596	0.522621	0.519707	0.524582	0.539806	0.559677	0.582042	0.606012	0.626903	0.642372	0.654482	0.663742	0.663897	0.6597	0.653695	0.642127	0.619784	0.59454	0.573371	0.554048	0.538931	0.526122	0.523537	0.521759	0.517637	0.512086	0.50297	0.490937	0.479765	0.477717	0.48015	0.482951	0.482615	0.483358	0.494976	0.507457	0.50344	0.496524	0.507931	0.512868	0.523845	0.518853	0.511215	0.507339	0.537449	0.567516	0.574538	0.586258	0.584626	0.585879	0.585962	0.602191	0.618186	0.598734	0.565716	0.591755
