Reading	X	Y	Z	L*	a*	b*	380.000	383.333	386.667	390.000	393.333	396.667	400.000	403.333	406.667	410.000	413.333	416.667	420.000	423.333	426.667	430.000	433.333	436.667	440.000	443.333	446.667	450.000	453.333	456.667	460.000	463.333	466.667	470.000	473.333	476.667	480.000	483.333	486.667	490.000	493.333	496.667	500.000	503.333	506.667	510.000	513.333	516.667	520.000	523.333	526.667	530.000	533.333	536.667	540.000	543.333	546.667	550.000	553.333	556.667	560.000	563.333	566.667	570.000	573.333	576.667	580.000	583.333	586.667	590.000	593.333	596.667	600.000	603.333	606.667	610.000	613.333	616.667	620.000	623.333	626.667	630.000	633.333	636.667	640.000	643.333	646.667	650.000	653.333	656.667	660.000	663.333	666.667	670.000	673.333	676.667	680.000	683.333	686.667	690.000	693.333	696.667	700.000	703.333	706.667	710.000	713.333	716.667	720.000	723.333	726.667	730.000
1	0.181548	0.185457	0.149122	1.675224	0.110234	0.072925	-0.234813	-0.234813	-0.234813	-0.234813	-0.234813	-0.234813	-0.234813	-0.235251	-0.235639	-0.235871	-0.235841	-0.236123	-0.237269	0.015073	0.108042	0.144333	0.173875	0.198918	0.21139	0.213367	0.216059	0.217987	0.216081	0.213622	0.214383	0.211812	0.211117	0.215593	0.219783	0.218249	0.215071	0.211316	0.206757	0.201331	0.194229	0.188241	0.196058	0.199782	0.191203	0.183992	0.182925	0.183912	0.184437	0.182961	0.178545	0.172738	0.167167	0.164347	0.16618	0.165832	0.162965	0.161278	0.160721	0.16438	0.171178	0.178568	0.186377	0.191949	0.197704	0.201441	0.202626	0.20669	0.211427	0.212046	0.21146	0.208278	0.206334	0.20365	0.198221	0.196824	0.195974	0.192724	0.186712	0.180789	0.17831	0.178833	0.177677	0.179383	0.18061	0.182304	0.179762	0.174023	0.178675	0.18818	0.194174	0.19517	0.184233	0.172068	0.172167	0.160319	0.156214	0.1658	0.173754	0.172895	0.181065	0.192069	0.197881	0.213226	0.216025	0.233621	0.242158	0.246264	0.282255	0.322462	0.329292	0.308543
2	0.179587	0.184894	0.146210	1.670137	0.052996	0.119125	-0.290279	-0.290279	-0.290279	-0.290279	-0.290279	-0.290279	-0.290279	-0.290784	-0.291224	-0.29147	-0.291392	-0.291699	-0.293075	-0.012569	0.0898055	0.138509	0.176857	0.200612	0.211755	0.21395	0.215905	0.215621	0.214685	0.216231	0.217738	0.215617	0.21685	0.214967	0.210056	0.214075	0.212409	0.208082	0.201517	0.199407	0.200828	0.193102	0.194012	0.198342	0.194346	0.191127	0.186163	0.182648	0.18281	0.18232	0.179297	0.173191	0.166597	0.164474	0.165734	0.163903	0.162141	0.162935	0.16292	0.165561	0.16954	0.178133	0.185293	0.194754	0.198884	0.200712	0.202005	0.203626	0.208665	0.212158	0.212156	0.208497	0.19949	0.19397	0.195359	0.197871	0.198363	0.196304	0.185798	0.180254	0.178213	0.177918	0.173571	0.169442	0.173711	0.172887	0.169928	0.173674	0.178176	0.183327	0.191221	0.191472	0.173474	0.154977	0.155469	0.159351	0.1464	0.15695	0.165143	0.174284	0.200347	0.184508	0.166305	0.186921	0.198637	0.22064	0.251714	0.271042	0.265129	0.274647	0.318848	0.350773
3	0.181242	0.184618	0.149098	1.667646	0.130555	0.060305	-0.219533	-0.219533	-0.219533	-0.219533	-0.219533	-0.219533	-0.219533	-0.219954	-0.220326	-0.220553	-0.220536	-0.220811	-0.221894	0.00915668	0.111843	0.148781	0.178688	0.201116	0.214647	0.212412	0.215635	0.21858	0.214982	0.216786	0.218369	0.210378	0.206808	0.209799	0.212991	0.2142	0.211241	0.205621	0.199967	0.190314	0.184086	0.193873	0.19798	0.19741	0.194544	0.190082	0.183494	0.178485	0.179737	0.183187	0.181847	0.173432	0.165848	0.163757	0.160866	0.161962	0.1617	0.161974	0.163041	0.163375	0.167728	0.175775	0.184687	0.191582	0.197398	0.200577	0.203348	0.206845	0.206846	0.210192	0.215478	0.211937	0.205579	0.200669	0.197858	0.197936	0.196176	0.192365	0.186351	0.182854	0.179192	0.17896	0.18074	0.178592	0.175191	0.172737	0.171352	0.176318	0.191086	0.196499	0.190651	0.19291	0.191819	0.173874	0.151858	0.144029	0.159967	0.173827	0.160833	0.157606	0.178378	0.195461	0.201585	0.179678	0.191579	0.252644	0.26994	0.304134	0.298733	0.295691	0.35058	0.368053
4	0.182726	0.186523	0.152753	1.684859	0.116264	0.020975	-0.154108	-0.154108	-0.154108	-0.154108	-0.154108	-0.154108	-0.154108	-0.154452	-0.154764	-0.154975	-0.155016	-0.155264	-0.156082	-0.00351898	0.0841169	0.127791	0.180422	0.204253	0.212718	0.21518	0.219293	0.220954	0.219503	0.219613	0.218689	0.213537	0.215049	0.221748	0.221645	0.221046	0.213	0.202233	0.197463	0.193578	0.198504	0.201156	0.201087	0.198359	0.19304	0.188541	0.186633	0.187741	0.188241	0.186953	0.181614	0.171862	0.164233	0.164412	0.166369	0.16517	0.162763	0.163013	0.166471	0.167763	0.170555	0.177469	0.186701	0.195077	0.200174	0.203445	0.205452	0.208233	0.211221	0.213213	0.211723	0.205582	0.201276	0.199268	0.197272	0.198007	0.196221	0.193236	0.189427	0.185952	0.1839	0.184237	0.181142	0.177063	0.177787	0.174337	0.172445	0.178258	0.187951	0.190344	0.191092	0.183039	0.171363	0.160346	0.178201	0.187407	0.168541	0.150089	0.14997	0.171877	0.201699	0.226897	0.242742	0.237984	0.233721	0.26805	0.25708	0.267336	0.32944	0.348273	0.337166	0.352943
5	0.179896	0.183680	0.147869	1.659177	0.112721	0.068914	-0.233362	-0.233362	-0.233362	-0.233362	-0.233362	-0.233362	-0.233362	-0.233798	-0.234184	-0.234414	-0.234384	-0.234665	-0.235809	-0.0335866	0.091391	0.144115	0.180387	0.197994	0.207618	0.211389	0.21592	0.21814	0.216878	0.21673	0.218182	0.210495	0.21354	0.218213	0.219486	0.221865	0.204568	0.19521	0.201212	0.205172	0.201506	0.194667	0.188743	0.188713	0.189836	0.184985	0.181536	0.180253	0.181284	0.182011	0.180982	0.170514	0.16509	0.161313	0.161225	0.161363	0.161287	0.161841	0.161024	0.163589	0.171215	0.176071	0.184992	0.191928	0.196441	0.199523	0.19931	0.20258	0.205932	0.20937	0.211774	0.208238	0.204311	0.200001	0.196695	0.197169	0.194847	0.190098	0.184906	0.178572	0.175872	0.179617	0.180189	0.17915	0.179251	0.173784	0.172166	0.173553	0.178876	0.192177	0.187744	0.186521	0.185087	0.178104	0.166151	0.167065	0.167388	0.156799	0.164985	0.174629	0.190845	0.210877	0.204495	0.226713	0.221912	0.213402	0.237181	0.242529	0.272366	0.309836	0.338203	0.288333

6	0.192084	0.195535	0.164276	1.766258	0.143319	-0.056222	-0.12025	-0.12025	-0.12025	-0.12025	-0.12025	-0.12025	-0.12025	-0.120562	-0.120851	-0.121062	-0.121141	-0.121383	-0.122066	0.0502733	0.100053	0.144361	0.186798	0.208242	0.217516	0.223212	0.227729	0.232497	0.232146	0.234499	0.233697	0.230419	0.229767	0.231696	0.226425	0.227681	0.226625	0.230084	0.223079	0.221457	0.21637	0.216162	0.215977	0.211999	0.205883	0.202035	0.194236	0.189427	0.194224	0.196022	0.19028	0.181428	0.175961	0.171932	0.170071	0.169812	0.170377	0.17112	0.172709	0.173922	0.180611	0.186825	0.194987	0.202117	0.207297	0.212171	0.213308	0.215699	0.219177	0.22133	0.223577	0.222666	0.213787	0.205297	0.205213	0.207031	0.205847	0.203001	0.197195	0.195531	0.189678	0.184239	0.187915	0.188807	0.183925	0.17798	0.1822	0.192077	0.198196	0.203845	0.198442	0.205232	0.211924	0.200701	0.179742	0.184562	0.201121	0.202585	0.203498	0.210547	0.223749	0.255845	0.242775	0.242312	0.257007	0.291848	0.324864	0.341072	0.332164	0.344989	0.345112	0.382589
7	0.187107	0.191686	0.154186	1.731496	0.092166	0.074326	-0.220176	-0.220176	-0.220176	-0.220176	-0.220176	-0.220176	-0.220176	-0.220603	-0.220982	-0.221216	-0.221204	-0.221486	-0.222582	-0.0210588	0.0839179	0.151092	0.190999	0.204886	0.211519	0.21706	0.222759	0.227015	0.227385	0.223588	0.225335	0.224355	0.226202	0.226386	0.219487	0.216279	0.209992	0.215822	0.212688	0.202656	0.208958	0.211638	0.205509	0.19478	0.191722	0.191056	0.190283	0.18707	0.190174	0.193007	0.189144	0.179969	0.173495	0.171777	0.170156	0.171834	0.169416	0.168095	0.165946	0.169529	0.178057	0.184015	0.191442	0.200647	0.205561	0.20815	0.210726	0.214535	0.216323	0.217287	0.218439	0.216064	0.210972	0.207146	0.203734	0.20369	0.204245	0.200372	0.19356	0.189347	0.185931	0.179773	0.177537	0.183314	0.180826	0.176893	0.181486	0.18232	0.185846	0.192691	0.195437	0.187627	0.180593	0.163274	0.155704	0.166842	0.174566	0.176895	0.186736	0.187175	0.188243	0.205641	0.227601	0.243553	0.236352	0.240235	0.271026	0.263073	0.25464	0.325743	0.332395	0.34668
8	0.188050	0.192772	0.153845	1.741306	0.087959	0.097677	-0.237572	-0.237572	-0.237572	-0.237572	-0.237572	-0.237572	-0.237572	-0.23802	-0.238416	-0.238655	-0.238629	-0.238919	-0.240088	-0.0245417	0.0958775	0.146778	0.181213	0.201303	0.2146	0.217641	0.222434	0.222493	0.223595	0.225854	0.228767	0.224888	0.225538	0.226113	0.219092	0.226172	0.230415	0.211608	0.203866	0.203346	0.206104	0.205599	0.205955	0.204331	0.20235	0.19941	0.195548	0.191895	0.188765	0.186308	0.185448	0.181893	0.175605	0.17271	0.172114	0.170183	0.168106	0.165744	0.166674	0.171435	0.178723	0.187417	0.194657	0.200186	0.206113	0.20849	0.21135	0.213216	0.216299	0.220706	0.223735	0.219961	0.211705	0.207605	0.205115	0.204392	0.202923	0.197656	0.194433	0.18803	0.185176	0.183367	0.183502	0.18325	0.183413	0.184209	0.185012	0.186448	0.192128	0.200748	0.19149	0.185346	0.176274	0.176451	0.173114	0.170706	0.175864	0.191808	0.205137	0.202416	0.207399	0.208644	0.231913	0.235546	0.221381	0.254163	0.244567	0.271393	0.317691	0.350888	0.3607	0.384963
9	0.189366	0.192790	0.159702	1.741467	0.140420	-0.012613	-0.161622	-0.161622	-0.161622	-0.161622	-0.161622	-0.161622	-0.161622	-0.161981	-0.162307	-0.162526	-0.162567	-0.162824	-0.163678	0.0152716	0.117628	0.158594	0.19308	0.211756	0.219137	0.221602	0.223717	0.226262	0.226379	0.225842	0.225059	0.219814	0.220671	0.227417	0.226561	0.220975	0.224755	0.227478	0.214497	0.213195	0.210988	0.209918	0.206325	0.200828	0.197557	0.201809	0.197591	0.194375	0.195266	0.192261	0.185651	0.174833	0.169338	0.167915	0.169375	0.168723	0.16801	0.168866	0.169208	0.172051	0.176558	0.184332	0.192986	0.20012	0.206758	0.20939	0.211081	0.21387	0.216233	0.218922	0.22275	0.219133	0.209701	0.20453	0.202398	0.202887	0.203103	0.204219	0.201168	0.191063	0.184823	0.181188	0.18614	0.189671	0.184229	0.182279	0.1821	0.1876	0.187973	0.193422	0.193285	0.197059	0.196644	0.180489	0.178948	0.185705	0.199337	0.207038	0.19689	0.188836	0.199929	0.221562	0.232519	0.241163	0.277449	0.307272	0.334051	0.305789	0.306103	0.339912	0.386201	0.447744
10	0.190788	0.194905	0.162060	1.760565	0.115507	-0.024206	-0.144064	-0.144064	-0.144064	-0.144064	-0.144064	-0.144064	-0.144064	-0.144403	-0.144714	-0.14493	-0.144987	-0.145238	-0.146018	0.0506592	0.108524	0.151399	0.181265	0.205306	0.216107	0.220141	0.225485	0.22833	0.229394	0.230163	0.232624	0.225647	0.227262	0.226282	0.227889	0.233933	0.235692	0.228373	0.219621	0.210725	0.210668	0.212581	0.210323	0.211923	0.20004	0.191952	0.194372	0.194977	0.197735	0.194157	0.186325	0.179906	0.176642	0.175573	0.175553	0.1724	0.17054	0.169495	0.1694	0.173412	0.181367	0.188145	0.195315	0.203148	0.20894	0.208635	0.208811	0.213365	0.21946	0.223173	0.224361	0.221311	0.213161	0.207231	0.206	0.206962	0.208639	0.206568	0.196917	0.184301	0.18044	0.182508	0.184396	0.182063	0.182561	0.177803	0.175796	0.18487	0.196899	0.197952	0.194742	0.187556	0.187938	0.190158	0.18386	0.193742	0.198238	0.212404	0.212607	0.216583	0.2151	0.235375	0.256329	0.25397	0.258144	0.285407	0.319988	0.317314	0.318401	0.353649	0.381804	0.437058

11	0.197191	0.202518	0.166899	1.829341	0.077634	0.003006	-0.148778	-0.148778	-0.148778	-0.148778	-0.148778	-0.148778	-0.148778	-0.149128	-0.149449	-0.149672	-0.149732	-0.14999	-0.150795	0.0565605	0.130562	0.165945	0.188619	0.208196	0.222594	0.226806	0.230255	0.230764	0.227136	0.23011	0.237418	0.233752	0.230726	0.235683	0.244364	0.242366	0.233157	0.230736	0.233769	0.230836	0.226237	0.22121	0.213949	0.20832	0.20785	0.20649	0.205333	0.201703	0.205731	0.203342	0.19766	0.19008	0.185342	0.186086	0.181437	0.178981	0.175407	0.17333	0.176357	0.182932	0.188205	0.193784	0.20188	0.208876	0.215134	0.221159	0.224004	0.223657	0.226164	0.230027	0.234078	0.232481	0.225494	0.216862	0.208849	0.209725	0.209385	0.2035	0.199784	0.191716	0.187274	0.190377	0.19347	0.189006	0.190305	0.185761	0.186281	0.192479	0.191402	0.195358	0.194608	0.192788	0.201253	0.188002	0.18115	0.183219	0.191636	0.206308	0.201209	0.21295	0.252025	0.267006	0.258062	0.272209	0.284244	0.262324	0.276821	0.286787	0.310244	0.339525	0.369585	0.409976
12	0.197556	0.202666	0.167803	1.830676	0.086607	-0.011750	-0.171086	-0.171086	-0.171086	-0.171086	-0.171086	-0.171086	-0.171086	-0.171465	-0.171807	-0.172038	-0.172079	-0.172349	-0.173248	0.0423273	0.132582	0.166718	0.196364	0.216247	0.224461	0.225685	0.230881	0.235468	0.238167	0.238096	0.234552	0.229483	0.235074	0.246004	0.244938	0.241947	0.236621	0.23524	0.23043	0.220741	0.215532	0.218397	0.215775	0.209727	0.21254	0.212691	0.208356	0.201441	0.202983	0.203693	0.195172	0.184957	0.181804	0.182586	0.182625	0.17984	0.177504	0.18076	0.179475	0.183126	0.189161	0.194287	0.202844	0.212746	0.216636	0.219522	0.220139	0.22187	0.225172	0.228558	0.23209	0.230579	0.221012	0.212993	0.20909	0.208613	0.209319	0.203909	0.201038	0.199316	0.192442	0.1921	0.192993	0.196893	0.192114	0.185932	0.188462	0.194108	0.196608	0.199351	0.195238	0.195956	0.189192	0.188457	0.19346	0.197142	0.193717	0.186911	0.200083	0.219374	0.248666	0.252961	0.252877	0.27891	0.277687	0.252006	0.271185	0.311495	0.366121	0.382405	0.365053	0.392799
13	0.196150	0.202053	0.164488	1.825133	0.053704	0.041270	-0.202521	-0.202521	-0.202521	-0.202521	-0.202521	-0.202521	-0.202521	-0.202936	-0.203307	-0.203545	-0.203558	-0.203841	-0.204869	0.0362574	0.12153	0.153181	0.18603	0.214878	0.223552	0.22611	0.230135	0.232333	0.233601	0.235799	0.23805	0.232673	0.231203	0.237807	0.243412	0.234719	0.229227	0.229273	0.233844	0.227168	0.216887	0.223269	0.217644	0.211227	0.207531	0.202923	0.204766	0.203923	0.205072	0.205023	0.200671	0.192735	0.186049	0.182393	0.180721	0.179097	0.174641	0.175484	0.178065	0.181222	0.185314	0.194413	0.203684	0.211307	0.216524	0.217958	0.218759	0.219952	0.221615	0.227596	0.2315	0.229556	0.221417	0.216467	0.209228	0.207863	0.209985	0.207698	0.20196	0.196015	0.190568	0.189718	0.190072	0.182568	0.183996	0.190681	0.188139	0.188387	0.196811	0.202198	0.201865	0.199444	0.201514	0.193202	0.180522	0.180808	0.181114	0.195483	0.214927	0.221601	0.224643	0.236062	0.247688	0.256511	0.258776	0.273733	0.286724	0.293472	0.327988	0.370137	0.376684	0.378152
14	0.197603	0.202058	0.169080	1.825179	0.112206	-0.045337	-0.104223	-0.104223	-0.104223	-0.104223	-0.104223	-0.104223	-0.104223	-0.104521	-0.1048	-0.105011	-0.105109	-0.105349	-0.105973	0.0330955	0.117803	0.162167	0.196334	0.215702	0.228239	0.230432	0.229878	0.230287	0.232502	0.234262	0.235608	0.236518	0.237894	0.241516	0.237998	0.234923	0.230866	0.22821	0.232257	0.231086	0.218989	0.217276	0.214272	0.218757	0.21362	0.205712	0.202002	0.202471	0.2041	0.203342	0.197242	0.190018	0.18336	0.179908	0.176807	0.178634	0.177095	0.174556	0.177275	0.182369	0.184931	0.191535	0.200982	0.211623	0.215851	0.219528	0.222513	0.223067	0.226885	0.231251	0.232729	0.225958	0.21878	0.216152	0.214689	0.212322	0.211503	0.208084	0.200247	0.193977	0.191141	0.1909	0.189126	0.187344	0.18599	0.183738	0.193331	0.199869	0.20087	0.198147	0.189544	0.181817	0.189123	0.18935	0.18993	0.196001	0.210605	0.217035	0.217769	0.230203	0.226954	0.227494	0.247971	0.263502	0.261768	0.271017	0.264244	0.279231	0.29605	0.31219	0.343853	0.412754
15	0.198079	0.202857	0.165782	1.832396	0.100327	0.029363	-0.197907	-0.197907	-0.197907	-0.197907	-0.197907	-0.197907	-0.197907	-0.198317	-0.198685	-0.198923	-0.198941	-0.199222	-0.200234	0.0208176	0.124334	0.163799	0.197772	0.217289	0.225958	0.229568	0.232424	0.231609	0.229832	0.232686	0.234499	0.234771	0.238583	0.241138	0.239893	0.238712	0.239619	0.237604	0.230055	0.225652	0.218561	0.211469	0.208606	0.215991	0.213419	0.20908	0.205678	0.203355	0.204348	0.202812	0.194666	0.189169	0.183744	0.182802	0.180541	0.17587	0.175897	0.175188	0.176863	0.180371	0.186308	0.195747	0.203485	0.209932	0.218483	0.223724	0.224459	0.22312	0.226913	0.232292	0.232091	0.226776	0.222376	0.217291	0.212316	0.216776	0.216467	0.211522	0.202338	0.19107	0.188467	0.192239	0.194458	0.195786	0.192014	0.190574	0.18837	0.194957	0.202635	0.200789	0.194787	0.195931	0.193756	0.177566	0.180096	0.195116	0.200263	0.19292	0.209419	0.236538	0.245997	0.243997	0.252789	0.268949	0.280647	0.29001	0.322913	0.35981	0.356222	0.356904	0.36888	0.402357

16	0.209880	0.215596	0.180838	1.947474	0.080823	-0.056479	-0.0854324	-0.0854324	-0.0854324	-0.0854324	-0.0854324	-0.0854324	-0.0854324	-0.0857193	-0.0859912	-0.0862096	-0.0863358	-0.086579	-0.0871339	0.0869592	0.138382	0.16702	0.205823	0.222747	0.231751	0.237822	0.243324	0.246216	0.246621	0.248043	0.249676	0.24635	0.250599	0.255276	0.25802	0.253208	0.247443	0.250557	0.247467	0.239166	0.236322	0.238564	0.237141	0.234765	0.230504	0.224929	0.222226	0.222156	0.219032	0.215353	0.209117	0.204913	0.199836	0.195673	0.192075	0.189497	0.189272	0.188603	0.190067	0.192353	0.197852	0.206388	0.21466	0.222898	0.227009	0.233672	0.2363	0.235392	0.237622	0.240274	0.241077	0.241541	0.233323	0.224236	0.220802	0.219634	0.221207	0.219877	0.215576	0.207971	0.202337	0.204843	0.202493	0.204842	0.20529	0.206196	0.207125	0.204539	0.211879	0.219197	0.216133	0.213069	0.206158	0.204173	0.203686	0.206326	0.203474	0.214537	0.239245	0.254578	0.265618	0.27217	0.284431	0.286355	0.299043	0.349482	0.366832	0.37728	0.382111	0.337497	0.337919	0.404088
17	0.206233	0.212915	0.173243	1.923253	0.037955	0.045160	-0.177857	-0.177857	-0.177857	-0.177857	-0.177857	-0.177857	-0.177857	-0.178251	-0.178608	-0.178848	-0.178892	-0.179173	-0.180114	0.00013237	0.122617	0.175869	0.199923	0.222416	0.235828	0.236607	0.241166	0.241018	0.239187	0.244406	0.247625	0.244008	0.24917	0.253719	0.247452	0.237212	0.240577	0.24511	0.248183	0.240587	0.238404	0.232897	0.228784	0.229229	0.225224	0.219914	0.21827	0.218139	0.217514	0.21321	0.206051	0.198822	0.194658	0.195017	0.190173	0.185645	0.183991	0.186094	0.189341	0.192641	0.199344	0.205244	0.21148	0.219412	0.226528	0.229806	0.233971	0.235116	0.236391	0.238311	0.241986	0.241633	0.233999	0.225672	0.220033	0.217038	0.216345	0.216853	0.211378	0.207576	0.200853	0.196706	0.195885	0.198078	0.202527	0.199711	0.204625	0.208318	0.209158	0.206196	0.199441	0.189173	0.186515	0.189336	0.191734	0.193045	0.191324	0.19735	0.210546	0.210263	0.23008	0.238146	0.266794	0.290755	0.273498	0.2454	0.263619	0.267497	0.265553	0.294789	0.360346	0.412258
18	0.208867	0.214871	0.175550	1.940921	0.068167	0.032054	-0.169795	-0.169795	-0.169795	-0.169795	-0.169795	-0.169795	-0.169795	-0.170181	-0.170532	-0.170772	-0.170825	-0.171105	-0.172007	0.0582571	0.15322	0.17608	0.203473	0.225949	0.232462	0.235534	0.242409	0.246059	0.244509	0.246043	0.24745	0.241623	0.241665	0.243816	0.23852	0.252223	0.251013	0.245592	0.243308	0.236473	0.23979	0.243773	0.237411	0.2304	0.22406	0.221393	0.217287	0.214725	0.217894	0.215723	0.208235	0.202482	0.199123	0.193332	0.190482	0.189346	0.188867	0.188039	0.189072	0.192021	0.197363	0.205165	0.212105	0.221095	0.230631	0.237328	0.238977	0.236335	0.237512	0.240867	0.244366	0.242609	0.234178	0.228802	0.223276	0.22041	0.218826	0.216224	0.213606	0.208363	0.202421	0.199949	0.201497	0.204236	0.202432	0.199245	0.202376	0.208963	0.216446	0.215408	0.211397	0.2039	0.200864	0.200602	0.20502	0.213805	0.212698	0.224642	0.235098	0.251166	0.272818	0.281193	0.289923	0.305529	0.303456	0.314341	0.321719	0.370143	0.374934	0.402088	0.360217	0.311137
19	0.207192	0.213934	0.175401	1.932462	0.036999	0.020297	-0.138374	-0.138374	-0.138374	-0.138374	-0.138374	-0.138374	-0.138374	-0.138722	-0.139042	-0.139273	-0.139352	-0.139617	-0.140393	0.0272325	0.128894	0.179853	0.20888	0.221393	0.23058	0.235842	0.242001	0.244943	0.245909	0.245168	0.248208	0.246323	0.24091	0.239797	0.243653	0.242644	0.246213	0.248122	0.241665	0.230613	0.230412	0.240513	0.238027	0.232884	0.229375	0.22514	0.220272	0.219707	0.220782	0.215656	0.207265	0.200463	0.196197	0.194906	0.192739	0.188854	0.186119	0.186597	0.189241	0.193067	0.199623	0.204783	0.210818	0.219157	0.226875	0.232706	0.236702	0.237355	0.237192	0.240076	0.24135	0.237063	0.229009	0.222258	0.220546	0.221287	0.220977	0.219591	0.214572	0.206166	0.202902	0.198683	0.20038	0.200827	0.195625	0.198451	0.196956	0.201066	0.204122	0.204903	0.197287	0.188224	0.185562	0.19695	0.199455	0.204276	0.212645	0.214593	0.227242	0.237314	0.255506	0.266013	0.283523	0.295633	0.300913	0.317555	0.344944	0.33819	0.336875	0.36504	0.389286	0.390075
20	0.208574	0.215119	0.178416	1.943160	0.046695	-0.018194	-0.138139	-0.138139	-0.138139	-0.138139	-0.138139	-0.138139	-0.138139	-0.138488	-0.13881	-0.139042	-0.139123	-0.139389	-0.140165	0.0410902	0.14317	0.174902	0.20344	0.220845	0.232248	0.237375	0.243053	0.245916	0.244959	0.246429	0.247645	0.250096	0.25267	0.25184	0.25407	0.254112	0.255374	0.254056	0.251762	0.244755	0.234512	0.23918	0.239381	0.232733	0.226702	0.226668	0.221522	0.22051	0.222585	0.217881	0.210545	0.206083	0.200575	0.194764	0.193599	0.187491	0.185602	0.186181	0.189084	0.194009	0.197112	0.202616	0.212358	0.219653	0.227194	0.233309	0.236863	0.238371	0.238437	0.238882	0.240598	0.239639	0.232465	0.225201	0.219439	0.220564	0.220972	0.215811	0.210884	0.208761	0.20551	0.202215	0.200384	0.20406	0.202691	0.195278	0.202379	0.21034	0.215163	0.214399	0.20552	0.209101	0.203291	0.198394	0.202931	0.206564	0.218394	0.233837	0.242226	0.25951	0.276244	0.263372	0.272214	0.292616	0.307512	0.342624	0.354724	0.364467	0.35866	0.387558	0.380734	0.37453

21	0.219535	0.227776	0.185435	2.057493	-0.003507	0.046420	-0.114735	-0.114735	-0.114735	-0.114735	-0.114735	-0.114735	-0.114735	-0.115065	-0.115374	-0.115609	-0.115719	-0.115985	-0.116678	0.0159323	0.114341	0.173417	0.209421	0.23344	0.239145	0.24512	0.252537	0.254982	0.252189	0.252206	0.254461	0.258895	0.256175	0.262721	0.271719	0.272305	0.272417	0.266571	0.262337	0.260567	0.251039	0.251517	0.256224	0.250894	0.24623	0.23948	0.234833	0.234825	0.232242	0.225205	0.222236	0.216567	0.210429	0.20685	0.202017	0.198829	0.200887	0.202999	0.204673	0.204258	0.207037	0.215031	0.225563	0.235158	0.243076	0.248063	0.249761	0.252659	0.25638	0.257058	0.256963	0.255804	0.2477	0.237671	0.230742	0.228628	0.227681	0.226523	0.223658	0.216374	0.211167	0.209906	0.211915	0.208742	0.212062	0.213417	0.210892	0.211479	0.218966	0.221122	0.21956	0.211338	0.211635	0.21358	0.212622	0.217459	0.21774	0.222756	0.231738	0.233825	0.2412	0.270114	0.274883	0.274618	0.285588	0.29494	0.315685	0.299847	0.314753	0.371796	0.398599	0.423182
22	0.218789	0.226546	0.186499	2.046384	0.014226	0.007175	-0.135412	-0.135412	-0.135412	-0.135412	-0.135412	-0.135412	-0.135412	-0.135767	-0.136096	-0.136337	-0.136429	-0.136704	-0.137475	0.0765942	0.13631	0.184747	0.219795	0.235494	0.244002	0.247611	0.254489	0.257361	0.257486	0.256283	0.255992	0.25648	0.253868	0.258581	0.261914	0.26367	0.258905	0.25934	0.259172	0.262317	0.257142	0.257117	0.252678	0.248892	0.243815	0.235796	0.234428	0.23561	0.228795	0.223408	0.219503	0.214718	0.211145	0.206289	0.201283	0.200027	0.19805	0.199498	0.202615	0.204713	0.208971	0.213558	0.223762	0.23485	0.24306	0.247121	0.249175	0.251608	0.252542	0.251555	0.254272	0.254758	0.248563	0.239072	0.231322	0.226919	0.225623	0.224704	0.224087	0.221441	0.213724	0.209269	0.208655	0.212627	0.205536	0.200293	0.204185	0.206681	0.205185	0.211374	0.219574	0.21711	0.206134	0.202397	0.21305	0.215788	0.225355	0.225195	0.230316	0.256245	0.271301	0.281292	0.288516	0.288344	0.264188	0.26777	0.284467	0.335509	0.354331	0.345906	0.389244	0.43977
23	0.222318	0.230049	0.191547	2.078025	0.020367	-0.033577	-0.0596218	-0.0596218	-0.0596218	-0.0596218	-0.0596218	-0.0596218	-0.0596218	-0.0598895	-0.0601486	-0.060372	-0.0605328	-0.0607771	-0.061241	0.0685684	0.139728	0.181227	0.212424	0.235753	0.242735	0.24949	0.256763	0.259551	0.256814	0.256046	0.261671	0.26283	0.261337	0.263628	0.268051	0.26589	0.266331	0.275178	0.265476	0.264022	0.264609	0.265447	0.265072	0.25213	0.246472	0.245157	0.243499	0.243428	0.237216	0.228131	0.22022	0.216618	0.214254	0.208178	0.202755	0.199842	0.200868	0.204414	0.206308	0.205795	0.209824	0.21839	0.229556	0.236912	0.24523	0.250832	0.253157	0.25437	0.255064	0.253432	0.252871	0.252912	0.251514	0.242327	0.230332	0.225013	0.227762	0.231722	0.230668	0.225308	0.214728	0.211391	0.212906	0.21126	0.211546	0.215266	0.212779	0.213604	0.216788	0.223854	0.224136	0.226609	0.224829	0.22713	0.223113	0.227259	0.233021	0.244399	0.269081	0.28279	0.283839	0.308235	0.312779	0.289771	0.310746	0.326484	0.341951	0.328458	0.362166	0.400092	0.42023	0.47857
24	0.218630	0.226176	0.184277	2.043035	0.022261	0.043361	-0.0927694	-0.0927694	-0.0927694	-0.0927694	-0.0927694	-0.0927694	-0.0927694	-0.0930724	-0.0933588	-0.0935869	-0.0937149	-0.0939698	-0.0945708	0.0157711	0.0987596	0.159994	0.206465	0.230379	0.241852	0.246691	0.253303	0.255516	0.254756	0.25537	0.257386	0.256365	0.253629	0.261759	0.265925	0.262718	0.260983	0.257207	0.254401	0.253022	0.244684	0.246387	0.246787	0.244668	0.24011	0.234736	0.232285	0.237425	0.235363	0.226347	0.217668	0.210706	0.208254	0.20618	0.201732	0.197202	0.196259	0.198082	0.203041	0.204916	0.207772	0.215011	0.22577	0.236065	0.245306	0.248077	0.252325	0.252047	0.252027	0.251822	0.253167	0.252539	0.246166	0.2389	0.233446	0.227836	0.224653	0.222831	0.22371	0.219192	0.211468	0.209267	0.209317	0.210661	0.209399	0.210914	0.210564	0.218192	0.217864	0.217956	0.216844	0.205218	0.204514	0.20526	0.205627	0.210534	0.219415	0.228619	0.238052	0.242352	0.259006	0.265942	0.262545	0.263951	0.264784	0.263945	0.308093	0.341723	0.371808	0.361389	0.372843	0.372676
25	0.221294	0.229268	0.187416	2.070967	0.009436	0.032252	-0.174509	-0.174509	-0.174509	-0.174509	-0.174509	-0.174509	-0.174509	-0.174913	-0.175282	-0.175536	-0.175598	-0.175893	-0.176836	-0.00300251	0.14572	0.196298	0.213269	0.236217	0.247658	0.250688	0.256645	0.259648	0.258194	0.260269	0.261781	0.260548	0.264596	0.264713	0.268162	0.2705	0.274122	0.271522	0.266088	0.261503	0.264477	0.27084	0.257114	0.250228	0.249186	0.244079	0.238809	0.234457	0.231933	0.228254	0.221794	0.216884	0.212685	0.208424	0.202311	0.197658	0.197949	0.199407	0.202782	0.206418	0.212072	0.2178	0.225999	0.234508	0.242114	0.249228	0.255654	0.257839	0.257135	0.255859	0.255428	0.255266	0.249178	0.241685	0.233309	0.22833	0.232161	0.23223	0.225963	0.219369	0.211144	0.211095	0.213195	0.21356	0.21382	0.213049	0.215476	0.214619	0.215439	0.219092	0.215065	0.219486	0.236981	0.234523	0.221003	0.220985	0.230776	0.239845	0.246731	0.260339	0.272625	0.280272	0.290511	0.296066	0.314797	0.323224	0.322163	0.288909	0.33464	0.369368	0.381579	0.399719

26	0.233763	0.243958	0.198137	2.203663	-0.059024	0.058627	-0.124441	-0.124441	-0.124441	-0.124441	-0.124441	-0.124441	-0.124441	-0.124796	-0.125127	-0.125379	-0.125496	-0.125781	-0.126527	0.0371807	0.130169	0.190744	0.223794	0.242419	0.252735	0.2621	0.270667	0.272325	0.270317	0.268509	0.26789	0.274088	0.278685	0.288287	0.287833	0.287006	0.284031	0.283064	0.28039	0.271554	0.273094	0.273844	0.270489	0.262066	0.258191	0.259734	0.257697	0.251805	0.242888	0.241107	0.240273	0.235675	0.229523	0.222698	0.217916	0.217154	0.216695	0.21524	0.216888	0.219828	0.224116	0.233937	0.245372	0.257695	0.265447	0.268527	0.270584	0.272705	0.273048	0.273486	0.270878	0.265852	0.26178	0.253349	0.24407	0.238578	0.23451	0.234135	0.236267	0.233257	0.228787	0.224507	0.221222	0.221621	0.220406	0.218239	0.219862	0.226015	0.23542	0.232921	0.22142	0.220484	0.221764	0.215623	0.22478	0.230308	0.227638	0.23544	0.24378	0.264534	0.280204	0.286806	0.284573	0.291074	0.303702	0.288851	0.274481	0.302798	0.334784	0.332638	0.364551	0.424824
27	0.230400	0.241732	0.192486	2.183552	-0.108130	0.130642	-0.177614	-0.177614	-0.177614	-0.177614	-0.177614	-0.177614	-0.177614	-0.17803	-0.178411	-0.178675	-0.178743	-0.17905	-0.180018	-0.0205686	0.108996	0.180412	0.217098	0.237119	0.252737	0.262867	0.26972	0.271236	0.270497	0.266835	0.269283	0.275655	0.275232	0.279644	0.279124	0.274918	0.273363	0.274985	0.279916	0.27611	0.268696	0.270667	0.270421	0.263249	0.257302	0.253537	0.257311	0.256549	0.244159	0.236656	0.237889	0.236044	0.22617	0.220699	0.221068	0.217948	0.213725	0.21303	0.214272	0.218735	0.224459	0.230597	0.24153	0.25247	0.260324	0.266411	0.267723	0.267477	0.268536	0.269642	0.268579	0.261833	0.257911	0.253489	0.24533	0.238271	0.234187	0.235645	0.235046	0.230987	0.223933	0.220175	0.219102	0.218824	0.219082	0.211958	0.214407	0.217979	0.217846	0.22137	0.219967	0.213446	0.218488	0.216539	0.211548	0.222397	0.223587	0.222099	0.226963	0.249024	0.267254	0.268713	0.276429	0.277711	0.288726	0.275783	0.253452	0.269564	0.29781	0.341016	0.356752	0.362809
28	0.233033	0.243320	0.198328	2.197904	-0.063693	0.045097	-0.0852906	-0.0852906	-0.0852906	-0.0852906	-0.0852906	-0.0852906	-0.0852906	-0.0855985	-0.085892	-0.0861327	-0.0862819	-0.0865487	-0.087133	0.0336806	0.11764	0.182705	0.225133	0.244172	0.25391	0.259345	0.269107	0.271834	0.270443	0.269374	0.26903	0.273427	0.269755	0.276406	0.281853	0.282525	0.291314	0.286614	0.283975	0.278223	0.274804	0.272989	0.272378	0.263177	0.25699	0.257983	0.256472	0.253319	0.247703	0.238959	0.235316	0.235107	0.227407	0.220789	0.21639	0.216546	0.216271	0.215756	0.216097	0.220444	0.22644	0.235118	0.244867	0.253825	0.26269	0.268129	0.270553	0.272881	0.270685	0.270122	0.27097	0.266383	0.259304	0.25317	0.247811	0.241521	0.237651	0.236626	0.231923	0.229245	0.225796	0.220661	0.21919	0.219935	0.218458	0.224246	0.221338	0.219872	0.220358	0.21875	0.220624	0.211472	0.212063	0.220093	0.225343	0.228625	0.230055	0.245369	0.240557	0.24538	0.25	0.258865	0.253406	0.264712	0.287877	0.286561	0.265457	0.266537	0.301192	0.313044	0.315824	0.350367
29	0.233393	0.243845	0.194556	2.202639	-0.069549	0.124476	-0.166011	-0.166011	-0.166011	-0.166011	-0.166011	-0.166011	-0.166011	-0.166415	-0.166786	-0.167048	-0.167128	-0.167431	-0.16835	0.00759853	0.129249	0.190232	0.221902	0.240298	0.249864	0.258753	0.269001	0.270415	0.271481	0.272199	0.272334	0.272629	0.275806	0.279772	0.273788	0.275175	0.27789	0.281856	0.28161	0.276696	0.273763	0.272344	0.272334	0.262908	0.259355	0.256574	0.254639	0.254293	0.247373	0.241726	0.239363	0.235126	0.225708	0.220722	0.217927	0.216235	0.214127	0.215012	0.217122	0.220122	0.226412	0.23754	0.248101	0.253699	0.2623	0.268148	0.269443	0.270901	0.272458	0.273665	0.274144	0.267718	0.259181	0.252366	0.247216	0.243176	0.239604	0.237703	0.235917	0.23303	0.225975	0.222433	0.223706	0.224383	0.218673	0.219493	0.222618	0.22563	0.231787	0.233834	0.225737	0.227326	0.213686	0.207476	0.223821	0.223132	0.231025	0.243413	0.262974	0.263718	0.254336	0.262698	0.284602	0.281604	0.297031	0.316051	0.283168	0.257294	0.247388	0.299003	0.367205	0.353853
30	0.232216	0.243111	0.196575	2.196016	-0.088527	0.074937	-0.13514	-0.13514	-0.13514	-0.13514	-0.13514	-0.13514	-0.13514	-0.135508	-0.135849	-0.136103	-0.13621	-0.136499	-0.137291	0.00952072	0.114732	0.186984	0.217046	0.242774	0.254095	0.260516	0.27071	0.273161	0.269779	0.268914	0.272832	0.277001	0.277757	0.278388	0.282495	0.283172	0.279973	0.280359	0.284821	0.284662	0.280404	0.275215	0.270757	0.264867	0.262394	0.257129	0.25484	0.25562	0.248803	0.242091	0.237853	0.230634	0.225843	0.221164	0.216338	0.215097	0.216584	0.216191	0.215886	0.21895	0.225325	0.234546	0.244986	0.253917	0.261614	0.266876	0.272876	0.274079	0.271438	0.26808	0.266697	0.263526	0.258266	0.251387	0.245093	0.241639	0.236956	0.232697	0.234822	0.235359	0.227776	0.222909	0.223279	0.21994	0.216118	0.218939	0.218745	0.217959	0.218718	0.218462	0.220343	0.215558	0.207724	0.201099	0.211925	0.228596	0.236328	0.239347	0.241903	0.246404	0.264475	0.293159	0.275081	0.270893	0.300369	0.284344	0.272192	0.285451	0.302161	0.325253	0.325718	0.33126

31	0.252358	0.265937	0.213187	2.402196	-0.163908	0.116787	-0.134344	-0.134344	-0.134344	-0.134344	-0.134344	-0.134344	-0.134344	-0.134729	-0.135088	-0.135361	-0.135487	-0.135796	-0.136602	0.0460473	0.130877	0.201993	0.234195	0.254633	0.267995	0.280625	0.291317	0.296844	0.293674	0.285585	0.288297	0.297658	0.296658	0.2996	0.303721	0.301572	0.311787	0.314607	0.318462	0.312063	0.306782	0.301283	0.298201	0.294028	0.291329	0.289286	0.285279	0.27639	0.267687	0.26502	0.260261	0.254812	0.248749	0.246408	0.242417	0.236413	0.234793	0.236062	0.237746	0.239372	0.246075	0.256277	0.265681	0.274733	0.284935	0.293109	0.299661	0.302835	0.29976	0.297876	0.29478	0.288327	0.280359	0.274319	0.268018	0.257394	0.249655	0.248562	0.24992	0.249262	0.24517	0.241291	0.238512	0.237904	0.23971	0.236552	0.22956	0.230772	0.235404	0.232831	0.233999	0.236558	0.234653	0.225755	0.225825	0.235007	0.244726	0.259371	0.25882	0.278742	0.298376	0.302452	0.291851	0.279863	0.298424	0.323457	0.312001	0.290029	0.341136	0.346446	0.345611	0.333672
32	0.255421	0.268314	0.218855	2.423672	-0.132768	0.046794	-0.0946214	-0.0946214	-0.0946214	-0.0946214	-0.0946214	-0.0946214	-0.0946214	-0.0949612	-0.095285	-0.0955501	-0.0957136	-0.0960075	-0.0966517	0.0562669	0.156802	0.20702	0.239709	0.260073	0.270512	0.282872	0.291692	0.295645	0.293677	0.288613	0.290245	0.299457	0.297896	0.305043	0.315969	0.319152	0.329837	0.329977	0.326036	0.318978	0.317537	0.310079	0.302775	0.302415	0.29618	0.291468	0.284651	0.27371	0.267736	0.267415	0.262935	0.25542	0.250205	0.245948	0.242485	0.237504	0.237195	0.237164	0.238595	0.243582	0.250403	0.258204	0.267908	0.279153	0.286841	0.294457	0.299539	0.300932	0.29795	0.298034	0.298138	0.291826	0.281786	0.276043	0.271653	0.263017	0.255016	0.25144	0.249022	0.250276	0.245414	0.236655	0.23835	0.242795	0.239846	0.245561	0.245278	0.242635	0.247603	0.250143	0.247532	0.243359	0.241354	0.233707	0.245936	0.251589	0.255445	0.260438	0.271785	0.29826	0.301888	0.281169	0.28322	0.320228	0.337182	0.338041	0.346855	0.304825	0.296457	0.331927	0.424799	0.469126
33	0.256747	0.268630	0.221892	2.426522	-0.091513	-0.005616	-0.0352335	-0.0352335	-0.0352335	-0.0352335	-0.0352335	-0.0352335	-0.0352335	-0.0355032	-0.0357708	-0.0360203	-0.0362354	-0.036503	-0.0369	0.0934291	0.165339	0.205196	0.236494	0.260386	0.274139	0.284159	0.29261	0.297608	0.296503	0.291211	0.290615	0.296584	0.297817	0.305118	0.311616	0.319527	0.326509	0.320437	0.322417	0.324679	0.318911	0.313506	0.307271	0.298906	0.295951	0.289145	0.280954	0.275942	0.271415	0.268787	0.26205	0.254477	0.250333	0.245446	0.241396	0.237357	0.236076	0.238216	0.239516	0.241236	0.246997	0.256274	0.267202	0.277365	0.287932	0.297296	0.302383	0.305447	0.302974	0.300376	0.298572	0.292767	0.282222	0.275983	0.271385	0.265647	0.254787	0.248524	0.251902	0.252519	0.248896	0.242679	0.238718	0.240824	0.243619	0.241972	0.240655	0.242204	0.2493	0.249803	0.242565	0.243912	0.241567	0.243381	0.243612	0.249198	0.254665	0.259765	0.269632	0.291838	0.315623	0.322577	0.330285	0.307595	0.302711	0.323584	0.329771	0.340278	0.373087	0.416281	0.405234	0.41666
34	0.256102	0.268948	0.219969	2.429399	-0.129963	0.035640	-0.0813017	-0.0813017	-0.0813017	-0.0813017	-0.0813017	-0.0813017	-0.0813017	-0.081626	-0.0819373	-0.082199	-0.0823742	-0.0826623	-0.083251	0.0651546	0.178813	0.216364	0.244732	0.256859	0.268004	0.279011	0.287614	0.294449	0.294631	0.290835	0.293639	0.305218	0.303029	0.303814	0.309267	0.319067	0.32634	0.327382	0.322807	0.318816	0.312868	0.307731	0.303217	0.295279	0.296563	0.291782	0.282466	0.277352	0.272304	0.268817	0.264578	0.258269	0.253038	0.246435	0.240347	0.238543	0.238285	0.239558	0.240987	0.244208	0.250249	0.258182	0.268131	0.279435	0.29045	0.296787	0.30044	0.300762	0.299151	0.297784	0.296084	0.290851	0.281478	0.274646	0.269942	0.264486	0.254963	0.250106	0.251505	0.25582	0.254661	0.24222	0.238017	0.239005	0.238995	0.242293	0.242324	0.242887	0.246339	0.248821	0.24922	0.245303	0.235629	0.234932	0.233678	0.236425	0.252591	0.260157	0.252553	0.264949	0.289744	0.30858	0.323226	0.317179	0.318595	0.327399	0.352792	0.349033	0.340744	0.347398	0.388299	0.395507
35	0.251305	0.265286	0.210022	2.396323	-0.181111	0.166407	-0.170333	-0.170333	-0.170333	-0.170333	-0.170333	-0.170333	-0.170333	-0.170759	-0.171151	-0.171433	-0.171527	-0.171851	-0.172807	0.012882	0.125294	0.186044	0.229673	0.253752	0.26515	0.278677	0.288995	0.291677	0.289913	0.285577	0.285396	0.293211	0.294115	0.299619	0.306481	0.31292	0.314575	0.316763	0.315745	0.327485	0.313144	0.301615	0.293084	0.290653	0.287252	0.28682	0.282663	0.273269	0.267243	0.262972	0.260575	0.256005	0.248246	0.243046	0.239688	0.236472	0.235445	0.236768	0.23701	0.241493	0.247153	0.254114	0.264421	0.273417	0.285516	0.294127	0.297153	0.300163	0.297285	0.294937	0.291948	0.285426	0.277814	0.272163	0.267048	0.259745	0.253734	0.251048	0.250315	0.252915	0.24813	0.239193	0.233808	0.234274	0.23886	0.239223	0.237373	0.239377	0.237714	0.235887	0.233091	0.228451	0.225575	0.226677	0.233236	0.236922	0.229562	0.246336	0.259375	0.27205	0.269862	0.295693	0.305358	0.313479	0.333975	0.298945	0.270384	0.317342	0.31348	0.297279	0.327329	0.358747

36	0.276467	0.292982	0.235191	2.646499	-0.243412	0.122557	-0.0875418	-0.0875418	-0.0875418	-0.0875418	-0.0875418	-0.0875418	-0.0875418	-0.0878924	-0.0882291	-0.0885126	-0.088703	-0.0890151	-0.0896546	0.0360322	0.139334	0.214835	0.25054	0.275346	0.291922	0.305067	0.312011	0.315759	0.318943	0.315499	0.314293	0.320541	0.324712	0.330092	0.340614	0.343778	0.350416	0.355969	0.349873	0.34936	0.343875	0.339183	0.331432	0.327054	0.329455	0.314632	0.303258	0.299098	0.297507	0.291905	0.28774	0.284191	0.277102	0.270694	0.268987	0.266505	0.263923	0.263375	0.263621	0.265734	0.2707	0.280262	0.293228	0.304824	0.313977	0.322573	0.328884	0.332744	0.331117	0.327517	0.322883	0.317377	0.307503	0.295841	0.287	0.279936	0.275264	0.268347	0.264512	0.265426	0.266241	0.264645	0.25747	0.25106	0.249882	0.25718	0.2572	0.255069	0.260098	0.265254	0.264365	0.263567	0.258328	0.252293	0.261876	0.273573	0.275912	0.276704	0.292421	0.304603	0.304606	0.285634	0.303805	0.329229	0.335645	0.333218	0.322907	0.322862	0.346771	0.363252	0.386047	0.394112
37	0.275734	0.292260	0.234636	2.639970	-0.244869	0.121787	-0.128299	-0.128299	-0.128299	-0.128299	-0.128299	-0.128299	-0.128299	-0.128697	-0.129073	-0.129367	-0.129521	-0.129851	-0.130655	0.0626108	0.163898	0.219645	0.250012	0.272932	0.28879	0.303615	0.312853	0.315404	0.314769	0.315133	0.317742	0.322803	0.326299	0.330894	0.341727	0.348436	0.351666	0.350087	0.34962	0.344336	0.341408	0.339487	0.328158	0.33011	0.32999	0.31883	0.306245	0.29823	0.294107	0.29082	0.286735	0.283889	0.274005	0.267234	0.266516	0.263094	0.262143	0.261463	0.263092	0.26741	0.273629	0.281528	0.291237	0.302163	0.315577	0.324003	0.326833	0.329494	0.332294	0.328611	0.323459	0.314769	0.304746	0.294582	0.285657	0.281238	0.27902	0.272633	0.265923	0.264629	0.264889	0.259749	0.255777	0.251908	0.251048	0.253524	0.251201	0.247031	0.253543	0.261187	0.270209	0.264035	0.253588	0.254112	0.255926	0.254931	0.254906	0.263443	0.270904	0.278942	0.285892	0.290804	0.331413	0.34063	0.33748	0.342208	0.306935	0.275857	0.321007	0.334543	0.338035	0.390728
38	0.275372	0.291732	0.236265	2.635202	-0.238897	0.082799	-0.0555828	-0.0555828	-0.0555828	-0.0555828	-0.0555828	-0.0555828	-0.0555828	-0.0558941	-0.056199	-0.0564723	-0.0566887	-0.0569848	-0.0574864	0.0855761	0.159821	0.213906	0.247959	0.267104	0.284287	0.303269	0.311094	0.314108	0.316764	0.3129	0.311936	0.316647	0.319217	0.329864	0.342498	0.34809	0.352083	0.356458	0.353605	0.350669	0.34607	0.341754	0.330212	0.328406	0.32407	0.311647	0.30459	0.302184	0.297841	0.290348	0.283419	0.279921	0.276457	0.2699	0.263977	0.261081	0.261644	0.261772	0.262858	0.265231	0.270158	0.280111	0.292404	0.305248	0.316972	0.323862	0.326043	0.329045	0.330121	0.329108	0.324129	0.316143	0.304946	0.294395	0.288232	0.280724	0.271442	0.266354	0.26394	0.265003	0.265255	0.259104	0.251143	0.249666	0.253237	0.254038	0.252597	0.255532	0.260848	0.260813	0.254459	0.249886	0.24063	0.239727	0.24155	0.24869	0.266014	0.26132	0.268076	0.280039	0.269902	0.263731	0.283811	0.29769	0.308759	0.31035	0.302293	0.268714	0.30147	0.342241	0.37325	0.384085
39	0.274000	0.290048	0.232868	2.619992	-0.228752	0.120726	-0.0961872	-0.0961872	-0.0961872	-0.0961872	-0.0961872	-0.0961872	-0.0961872	-0.0965454	-0.0968876	-0.0971706	-0.0973506	-0.0976635	-0.0983343	0.0452908	0.15229	0.223025	0.257186	0.27414	0.289088	0.300848	0.310337	0.313564	0.314303	0.310526	0.311553	0.317157	0.327094	0.327888	0.329215	0.337394	0.345464	0.342816	0.335417	0.338302	0.339407	0.33377	0.326474	0.325267	0.322299	0.313783	0.302811	0.295287	0.294577	0.291486	0.2872	0.279873	0.273122	0.266675	0.263706	0.259815	0.2591	0.26041	0.260076	0.263802	0.271764	0.278798	0.290377	0.302911	0.312788	0.321821	0.32609	0.328811	0.330844	0.325734	0.320444	0.31347	0.304118	0.294917	0.286118	0.279622	0.272845	0.268586	0.264434	0.265214	0.265755	0.258603	0.252882	0.250849	0.251109	0.254184	0.255223	0.249558	0.249156	0.250446	0.249686	0.251185	0.248813	0.246289	0.243475	0.251413	0.261384	0.268881	0.270186	0.269306	0.284066	0.276016	0.263297	0.284455	0.282613	0.274096	0.287103	0.290733	0.270705	0.328295	0.347476	0.351023
40	0.275871	0.292406	0.237208	2.641294	-0.245026	0.075513	-0.0672749	-0.0672749	-0.0672749	-0.0672749	-0.0672749	-0.0672749	-0.0672749	-0.0676011	-0.0679182	-0.0681959	-0.0684033	-0.0687058	-0.0692586	0.0646284	0.16582	0.224071	0.257035	0.276308	0.288465	0.301431	0.311644	0.314742	0.317941	0.313627	0.314982	0.324198	0.324315	0.328432	0.337429	0.344809	0.351879	0.361455	0.359915	0.345229	0.337292	0.333648	0.335628	0.330184	0.325374	0.319229	0.30757	0.301645	0.297541	0.292538	0.290626	0.284805	0.276688	0.27039	0.267616	0.26343	0.261896	0.261711	0.260253	0.264147	0.271586	0.279685	0.28968	0.302511	0.317275	0.326938	0.331396	0.331973	0.329511	0.32498	0.320052	0.312638	0.301225	0.292406	0.28596	0.282348	0.276435	0.269129	0.26581	0.264888	0.262657	0.257406	0.254827	0.25245	0.249141	0.257454	0.255345	0.255509	0.266171	0.266844	0.260122	0.256274	0.248957	0.252515	0.258985	0.261481	0.276864	0.283594	0.284863	0.285371	0.286096	0.27688	0.267665	0.283843	0.289912	0.318892	0.326754	0.312116	0.295551	0.314493	0.359157	0.366847

41	0.292886	0.310897	0.250051	2.808323	-0.277899	0.121018	-0.0857032	-0.0857032	-0.0857032	-0.0857032	-0.0857032	-0.0857032	-0.0857032	-0.0860662	-0.0864163	-0.0867147	-0.0869225	-0.0872498	-0.0878956	0.0644404	0.161086	0.229267	0.270204	0.29236	0.308417	0.319769	0.326664	0.329749	0.331702	0.331661	0.333958	0.339712	0.349277	0.347906	0.360719	0.370762	0.376407	0.374434	0.371919	0.370305	0.365582	0.362517	0.359038	0.356362	0.344485	0.332857	0.325453	0.321854	0.318069	0.314914	0.313602	0.30474	0.296778	0.291119	0.285362	0.280689	0.27765	0.275721	0.27743	0.281669	0.287141	0.295034	0.305153	0.316112	0.328798	0.339088	0.348098	0.353081	0.353156	0.351409	0.347791	0.337361	0.323925	0.313197	0.303162	0.295798	0.294266	0.290612	0.281135	0.275544	0.275977	0.276036	0.273857	0.265865	0.268254	0.274275	0.27634	0.273911	0.275493	0.279554	0.282127	0.283832	0.278694	0.26829	0.263953	0.269001	0.266895	0.288463	0.301524	0.304004	0.321083	0.328971	0.329719	0.336858	0.36309	0.344512	0.374102	0.377629	0.35538	0.355236	0.372165	0.415299
42	0.290081	0.308223	0.246817	2.784165	-0.287051	0.140424	-0.0875784	-0.0875784	-0.0875784	-0.0875784	-0.0875784	-0.0875784	-0.0875784	-0.087941	-0.08829	-0.088586	-0.0887892	-0.0891143	-0.0897641	0.0704858	0.155869	0.225555	0.26233	0.285997	0.305913	0.317999	0.32449	0.328536	0.330658	0.327162	0.328883	0.335389	0.345885	0.352385	0.355444	0.360874	0.36607	0.364285	0.365575	0.363029	0.354825	0.352143	0.349206	0.349381	0.342063	0.32973	0.326993	0.320525	0.313531	0.305889	0.30338	0.303013	0.296088	0.288391	0.284059	0.277899	0.278499	0.279129	0.278825	0.280055	0.285177	0.292592	0.303559	0.315954	0.328277	0.338312	0.346764	0.350892	0.35269	0.349226	0.342717	0.33156	0.320889	0.309732	0.301196	0.295705	0.28993	0.284961	0.278871	0.275443	0.276477	0.276567	0.271743	0.266273	0.263332	0.264482	0.265728	0.262651	0.264743	0.266019	0.269993	0.273484	0.258187	0.252529	0.260769	0.267116	0.270755	0.278962	0.291789	0.295536	0.296079	0.289794	0.281175	0.289407	0.337798	0.330831	0.334372	0.317026	0.331791	0.341254	0.284783	0.327352
43	0.295392	0.312496	0.253809	2.822761	-0.238945	0.074965	-0.0478181	-0.0478181	-0.0478181	-0.0478181	-0.0478181	-0.0478181	-0.0478181	-0.048138	-0.0484538	-0.0487438	-0.048986	-0.0492983	-0.0497874	0.0943629	0.171421	0.235374	0.274734	0.29486	0.312086	0.323639	0.329232	0.332843	0.336278	0.33598	0.334598	0.339086	0.348696	0.351748	0.363008	0.370556	0.375931	0.376323	0.377037	0.369708	0.361865	0.357667	0.357087	0.352198	0.34656	0.336529	0.328895	0.321674	0.317341	0.314493	0.313665	0.305416	0.295727	0.289236	0.285949	0.282977	0.280895	0.2811	0.280966	0.282573	0.287497	0.295977	0.307143	0.3208	0.334815	0.345606	0.351501	0.355737	0.35282	0.349932	0.347553	0.339394	0.323752	0.312269	0.303237	0.298037	0.294958	0.288888	0.278729	0.276976	0.279285	0.281573	0.282415	0.273522	0.270743	0.273355	0.278009	0.280264	0.278596	0.283011	0.288444	0.292223	0.290961	0.276392	0.271346	0.281444	0.304038	0.305708	0.310052	0.314609	0.317533	0.328273	0.344164	0.369232	0.386011	0.380031	0.351051	0.36275	0.365	0.366753	0.406125	0.461771
44	0.292985	0.310601	0.250877	2.805646	-0.262378	0.100803	-0.05696	-0.05696	-0.05696	-0.05696	-0.05696	-0.05696	-0.05696	-0.0572887	-0.0576111	-0.0579014	-0.0581337	-0.0584478	-0.0589754	0.0636356	0.173357	0.232176	0.269305	0.2909	0.305996	0.318641	0.328117	0.33226	0.333611	0.333058	0.333582	0.333799	0.344523	0.353358	0.36203	0.366484	0.368875	0.37001	0.373182	0.37365	0.367793	0.360526	0.354809	0.350863	0.34501	0.331971	0.321019	0.318771	0.315465	0.311332	0.308466	0.302538	0.295994	0.290807	0.284295	0.280249	0.279974	0.279743	0.279451	0.28215	0.287949	0.295247	0.305148	0.318912	0.334419	0.344024	0.349715	0.35339	0.351579	0.348765	0.34532	0.33538	0.323482	0.311292	0.301254	0.294237	0.290681	0.287713	0.281734	0.276956	0.277084	0.280213	0.273442	0.270583	0.270323	0.272739	0.276223	0.270632	0.269398	0.275539	0.27584	0.275355	0.27686	0.26534	0.264874	0.269271	0.27706	0.287948	0.303868	0.303104	0.304808	0.305487	0.315029	0.345905	0.38369	0.391146	0.371596	0.324354	0.354874	0.366839	0.353996	0.404521
45	0.290041	0.309023	0.245109	2.791390	-0.319793	0.185118	-0.107715	-0.107715	-0.107715	-0.107715	-0.107715	-0.107715	-0.107715	-0.108102	-0.10847	-0.108772	-0.108958	-0.109293	-0.110028	0.047014	0.152619	0.219059	0.256732	0.286721	0.30474	0.318867	0.325043	0.330126	0.331557	0.329919	0.329555	0.331397	0.339765	0.339128	0.348939	0.365773	0.37253	0.369731	0.368272	0.369203	0.363931	0.352834	0.346056	0.34667	0.343672	0.334522	0.326727	0.324235	0.314898	0.309875	0.310032	0.304137	0.29671	0.28841	0.282507	0.279553	0.275988	0.275926	0.277027	0.279411	0.284962	0.294112	0.305839	0.317822	0.331774	0.34362	0.349558	0.35107	0.351338	0.348442	0.345437	0.337409	0.324214	0.309397	0.297932	0.293127	0.288737	0.279683	0.273512	0.27517	0.277815	0.277547	0.267726	0.267002	0.266003	0.267959	0.266895	0.26318	0.267312	0.271509	0.273819	0.275868	0.267795	0.256365	0.255387	0.263992	0.264361	0.265381	0.286835	0.300334	0.304496	0.299283	0.290664	0.300272	0.315879	0.327496	0.312317	0.280023	0.280487	0.273367	0.312077	0.356508

46	0.310548	0.329976	0.267334	2.980662	-0.307537	0.091857	-0.0188864	-0.0188864	-0.0188864	-0.0188864	-0.0188864	-0.0188864	-0.0188864	-0.0191853	-0.0194872	-0.0197835	-0.0200651	-0.0203793	-0.0207671	0.0746136	0.180234	0.245513	0.282787	0.302872	0.319973	0.334757	0.342583	0.347137	0.349996	0.349198	0.351811	0.357011	0.367029	0.375811	0.385395	0.39877	0.405422	0.402459	0.4009	0.393143	0.386604	0.385777	0.386654	0.374776	0.363027	0.350356	0.345654	0.341244	0.336951	0.333619	0.333302	0.327853	0.319506	0.309391	0.30315	0.299536	0.297018	0.2953	0.294365	0.29681	0.303871	0.311204	0.321305	0.334336	0.346953	0.358987	0.368643	0.374081	0.377179	0.373805	0.37103	0.363463	0.347643	0.332517	0.32053	0.311931	0.307987	0.305371	0.299265	0.2903	0.287759	0.293035	0.294226	0.28636	0.281678	0.284734	0.282338	0.280105	0.28244	0.29045	0.287002	0.292022	0.294472	0.278869	0.276442	0.281171	0.29499	0.307154	0.310312	0.294222	0.292909	0.326479	0.329878	0.343205	0.342229	0.351435	0.349913	0.32283	0.370542	0.374155	0.370929	0.434978
47	0.307025	0.327423	0.259200	2.957598	-0.350376	0.205657	-0.108037	-0.108037	-0.108037	-0.108037	-0.108037	-0.108037	-0.108037	-0.108439	-0.108823	-0.109141	-0.109343	-0.109695	-0.110449	0.0400827	0.150926	0.233767	0.276303	0.301439	0.323042	0.335534	0.341743	0.348627	0.350364	0.348541	0.346911	0.348857	0.357409	0.365405	0.376621	0.383614	0.392891	0.395541	0.390299	0.384122	0.37763	0.378341	0.374095	0.367048	0.357843	0.350473	0.346464	0.342683	0.334931	0.3322	0.328921	0.327016	0.319245	0.310858	0.304351	0.297695	0.294836	0.294162	0.292598	0.293435	0.298556	0.306859	0.322305	0.334202	0.346297	0.357262	0.365273	0.371093	0.375052	0.3728	0.366054	0.355078	0.339755	0.32945	0.321987	0.313376	0.306009	0.300682	0.293731	0.289841	0.28991	0.290437	0.289942	0.281948	0.276553	0.281491	0.284978	0.282836	0.287369	0.293203	0.290014	0.278096	0.272192	0.274514	0.272173	0.271513	0.284444	0.286218	0.310846	0.324208	0.323353	0.324423	0.325818	0.318006	0.309497	0.318719	0.329701	0.306661	0.309214	0.340548	0.36749	0.321326
48	0.308609	0.328273	0.264398	2.965282	-0.319547	0.120775	-0.0670393	-0.0670393	-0.0670393	-0.0670393	-0.0670393	-0.0670393	-0.0670393	-0.0673943	-0.067741	-0.0680491	-0.068288	-0.0686224	-0.0692048	0.0912645	0.193679	0.243235	0.283451	0.305694	0.323771	0.33542	0.342434	0.347514	0.35102	0.352179	0.351337	0.352606	0.365528	0.371109	0.374858	0.38614	0.391137	0.394884	0.391501	0.387111	0.381052	0.375632	0.376723	0.372772	0.361342	0.350088	0.345488	0.343724	0.338679	0.334722	0.331943	0.325282	0.318626	0.310876	0.302018	0.298376	0.295798	0.291731	0.291748	0.294434	0.300519	0.309295	0.322804	0.336921	0.348664	0.359245	0.368425	0.372401	0.373285	0.371262	0.365402	0.356099	0.344099	0.332682	0.321277	0.310879	0.306669	0.303648	0.293711	0.287998	0.289778	0.289506	0.288999	0.281986	0.279135	0.279008	0.282639	0.279819	0.283566	0.291452	0.288549	0.290086	0.284726	0.274166	0.283256	0.285238	0.292404	0.308873	0.301294	0.305883	0.317092	0.308922	0.336264	0.358023	0.345551	0.348816	0.341282	0.341518	0.373503	0.343885	0.357265	0.392498
49	0.307804	0.328789	0.261837	2.969942	-0.372150	0.177146	-0.101181	-0.101181	-0.101181	-0.101181	-0.101181	-0.101181	-0.101181	-0.101576	-0.101955	-0.102273	-0.102482	-0.102832	-0.103557	0.0708018	0.15432	0.236046	0.279685	0.299167	0.319822	0.337136	0.342623	0.347194	0.349539	0.349777	0.351346	0.35314	0.361366	0.372471	0.380857	0.389431	0.397376	0.398633	0.394901	0.388027	0.385741	0.383397	0.381539	0.375442	0.362942	0.351637	0.349338	0.3439	0.338007	0.336082	0.330398	0.327968	0.32034	0.310707	0.302574	0.298347	0.296428	0.294598	0.293516	0.296425	0.3017	0.308739	0.320326	0.336783	0.349237	0.356865	0.366479	0.374581	0.375423	0.373478	0.367025	0.354726	0.341823	0.33009	0.319581	0.310463	0.304201	0.300542	0.296381	0.289815	0.287774	0.291857	0.289084	0.281322	0.281814	0.284206	0.282622	0.280212	0.282499	0.288048	0.286163	0.277774	0.26662	0.270078	0.286392	0.282889	0.284239	0.285781	0.29333	0.305082	0.332177	0.352456	0.33434	0.31538	0.314518	0.314661	0.3326	0.349043	0.333704	0.326674	0.39523	0.406321
50	0.307667	0.328027	0.262985	2.963054	-0.347991	0.143600	-0.0365296	-0.0365296	-0.0365296	-0.0365296	-0.0365296	-0.0365296	-0.0365296	-0.0368473	-0.037164	-0.0374629	-0.0377271	-0.0380469	-0.0385041	0.0817969	0.156113	0.235815	0.278615	0.30308	0.321868	0.336125	0.343338	0.346635	0.348184	0.347113	0.345905	0.346798	0.359158	0.366331	0.378029	0.387889	0.394241	0.389612	0.390656	0.389833	0.383703	0.378505	0.37916	0.374181	0.364312	0.353535	0.347538	0.342185	0.336019	0.334664	0.33045	0.325318	0.319545	0.31225	0.303118	0.29814	0.29644	0.294011	0.293071	0.294111	0.299996	0.308706	0.320395	0.334635	0.348078	0.358259	0.36585	0.373319	0.375365	0.370955	0.364325	0.355731	0.342743	0.329661	0.319741	0.312223	0.306912	0.299755	0.289224	0.28423	0.287389	0.291805	0.292703	0.283248	0.27914	0.28377	0.286285	0.280788	0.281803	0.286563	0.289241	0.279475	0.269838	0.27133	0.278702	0.280443	0.282037	0.29228	0.30407	0.306846	0.310121	0.304095	0.291134	0.296614	0.313177	0.344308	0.377197	0.350364	0.292796	0.306346	0.320469	0.37762

51	0.327758	0.349216	0.279455	3.154451	-0.361661	0.162648	-0.0144832	-0.0144832	-0.0144832	-0.0144832	-0.0144832	-0.0144832	-0.0144832	-0.0147917	-0.0151047	-0.0154155	-0.015717	-0.0160457	-0.0164322	0.0798594	0.159873	0.253936	0.292308	0.316047	0.338549	0.354659	0.360499	0.362644	0.365666	0.368374	0.366668	0.371022	0.385518	0.393122	0.403045	0.415406	0.418429	0.41828	0.413558	0.408982	0.407067	0.408354	0.404342	0.395851	0.38474	0.37815	0.372102	0.36355	0.358299	0.356836	0.356124	0.353726	0.34294	0.33043	0.322139	0.315514	0.311578	0.308424	0.306762	0.312078	0.322009	0.330085	0.341841	0.355303	0.368452	0.380215	0.387394	0.393664	0.396937	0.395781	0.39138	0.381502	0.368958	0.35242	0.340054	0.330945	0.323583	0.319934	0.313204	0.307997	0.306485	0.309134	0.306224	0.299531	0.297062	0.29822	0.303136	0.308529	0.311532	0.316469	0.314621	0.308636	0.297602	0.290635	0.293458	0.310024	0.31299	0.312605	0.328927	0.323394	0.31431	0.332619	0.324636	0.345103	0.360801	0.334008	0.347405	0.369375	0.365909	0.368968	0.38606	0.401168
52	0.321839	0.344600	0.269931	3.112761	-0.420989	0.270575	-0.121483	-0.121483	-0.121483	-0.121483	-0.121483	-0.121483	-0.121483	-0.121914	-0.122325	-0.12266	-0.122864	-0.123236	-0.12406	0.0483118	0.158507	0.239394	0.282933	0.308561	0.33368	0.351806	0.357716	0.359299	0.362658	0.363247	0.360097	0.360587	0.376753	0.38785	0.39429	0.40267	0.407606	0.415492	0.410004	0.402418	0.395471	0.395228	0.396176	0.389285	0.377313	0.369982	0.362342	0.358184	0.357687	0.354799	0.350886	0.342358	0.337115	0.329261	0.32064	0.314897	0.311039	0.307824	0.305462	0.307744	0.314939	0.326185	0.337824	0.352376	0.365651	0.377342	0.384746	0.388479	0.392873	0.392097	0.386312	0.375869	0.364398	0.350322	0.336015	0.326114	0.318564	0.314044	0.309301	0.303994	0.299142	0.301958	0.302147	0.296711	0.290473	0.289081	0.294499	0.296771	0.292217	0.298727	0.296581	0.289979	0.276653	0.281714	0.28673	0.287023	0.299227	0.296153	0.295214	0.293163	0.293435	0.291599	0.278898	0.292886	0.3381	0.315953	0.320786	0.312038	0.322838	0.310453	0.295434	0.312941
53	0.326479	0.348331	0.279797	3.146464	-0.378880	0.142415	0.0106052	0.0106052	0.0106052	0.0106052	0.0106052	0.0106052	0.0106052	0.0103276	0.0100395	0.00973664	0.00941476	0.00909852	0.00881954	0.110912	0.185385	0.247229	0.284597	0.314317	0.335555	0.353338	0.35933	0.361849	0.364293	0.367178	0.364619	0.368364	0.384247	0.394247	0.402746	0.409678	0.410634	0.415297	0.410501	0.404546	0.408273	0.406984	0.405462	0.39666	0.385051	0.376498	0.373353	0.364619	0.355757	0.353926	0.355881	0.349793	0.338779	0.33082	0.323356	0.315834	0.310928	0.309363	0.309415	0.312671	0.319976	0.328892	0.341579	0.355763	0.370009	0.381055	0.389396	0.396221	0.398669	0.395619	0.387908	0.379717	0.366534	0.350068	0.337774	0.326593	0.319788	0.316136	0.314229	0.307532	0.301684	0.302652	0.30583	0.30277	0.294569	0.294406	0.298101	0.300401	0.30684	0.308082	0.29868	0.28771	0.284681	0.277935	0.276747	0.28686	0.305883	0.307723	0.301365	0.320566	0.322604	0.305898	0.320242	0.328482	0.363775	0.333892	0.324348	0.341293	0.357931	0.358322	0.351883	0.402724
54	0.323934	0.345875	0.276105	3.124273	-0.386033	0.173858	-0.0578766	-0.0578766	-0.0578766	-0.0578766	-0.0578766	-0.0578766	-0.0578766	-0.0582342	-0.0585861	-0.0589061	-0.0591676	-0.059513	-0.0600741	0.0863684	0.171907	0.249729	0.292314	0.315012	0.337716	0.353156	0.360323	0.363615	0.366744	0.369373	0.362406	0.363733	0.379361	0.387068	0.392328	0.401598	0.415626	0.415409	0.420164	0.421268	0.404304	0.397602	0.397572	0.389179	0.376518	0.370695	0.366417	0.361765	0.354854	0.354212	0.350646	0.34949	0.339861	0.330052	0.322595	0.314267	0.309274	0.305583	0.30598	0.309743	0.316671	0.327401	0.339008	0.35421	0.367196	0.376171	0.383088	0.390455	0.394994	0.394461	0.387457	0.379318	0.363463	0.348682	0.338324	0.326314	0.317643	0.315029	0.306422	0.300324	0.30209	0.30616	0.306147	0.299548	0.295086	0.295068	0.298308	0.296016	0.294218	0.30342	0.30159	0.292439	0.288409	0.281757	0.28761	0.300513	0.301144	0.298591	0.289313	0.293674	0.314847	0.318153	0.312809	0.309493	0.334657	0.346713	0.325827	0.29026	0.286427	0.310744	0.307851	0.338944
55	0.324376	0.346753	0.273818	3.132203	-0.402326	0.230710	-0.0998513	-0.0998513	-0.0998513	-0.0998513	-0.0998513	-0.0998513	-0.0998513	-0.100259	-0.100651	-0.100983	-0.101208	-0.101573	-0.10231	0.0582632	0.162445	0.249239	0.28777	0.319271	0.340451	0.352349	0.358793	0.361768	0.364628	0.365769	0.362943	0.364328	0.375266	0.389938	0.401155	0.408887	0.415176	0.414598	0.415149	0.41136	0.404397	0.401385	0.398426	0.388537	0.377101	0.371564	0.368184	0.3627	0.357242	0.354544	0.353864	0.347439	0.337316	0.32767	0.321949	0.314436	0.3086	0.307242	0.307777	0.31196	0.32021	0.328148	0.341232	0.35468	0.368324	0.380862	0.387153	0.391942	0.395775	0.396273	0.391038	0.378135	0.360626	0.347602	0.338864	0.328504	0.320177	0.315356	0.311454	0.306467	0.30325	0.306449	0.301292	0.294031	0.294754	0.300319	0.299355	0.292783	0.29206	0.298758	0.302124	0.292666	0.285536	0.282696	0.284896	0.301263	0.313194	0.305457	0.318801	0.319858	0.332905	0.332585	0.299678	0.293776	0.328261	0.337187	0.323805	0.296948	0.296537	0.345606	0.367545	0.379217

56	0.343881	0.367799	0.294408	3.322310	-0.434159	0.169742	-0.0857491	-0.0857491	-0.0857491	-0.0857491	-0.0857491	-0.0857491	-0.0857491	-0.0861585	-0.0865562	-0.0869033	-0.0871609	-0.0875394	-0.088233	0.11936	0.208276	0.270689	0.308087	0.335093	0.355452	0.373481	0.38047	0.385283	0.38828	0.390473	0.388591	0.393187	0.404395	0.41707	0.425172	0.435605	0.439153	0.438561	0.440475	0.444868	0.437595	0.435498	0.429025	0.415677	0.400195	0.399072	0.394868	0.386249	0.382925	0.382001	0.380301	0.37237	0.360701	0.350037	0.33994	0.330737	0.325559	0.326865	0.328481	0.331288	0.334965	0.34443	0.357983	0.372959	0.386601	0.397931	0.409066	0.414742	0.415447	0.415561	0.41144	0.400607	0.385641	0.370331	0.358332	0.350722	0.338932	0.331178	0.330822	0.322359	0.312194	0.314396	0.320824	0.319426	0.315298	0.313883	0.316534	0.317634	0.314671	0.319568	0.32506	0.329423	0.315622	0.302537	0.313086	0.328897	0.34242	0.349345	0.354094	0.339991	0.343663	0.339319	0.328292	0.334087	0.343428	0.344738	0.338346	0.320375	0.363989	0.363337	0.341855	0.371729
57	0.342576	0.366703	0.288682	3.312419	-0.444218	0.260792	-0.118258	-0.118258	-0.118258	-0.118258	-0.118258	-0.118258	-0.118258	-0.118704	-0.11913	-0.119484	-0.119711	-0.120102	-0.120933	0.0609926	0.166588	0.262844	0.304446	0.32893	0.353556	0.372327	0.379737	0.384175	0.386053	0.386743	0.38358	0.388103	0.399876	0.417767	0.428625	0.430486	0.437014	0.435594	0.426717	0.420102	0.427681	0.436391	0.424355	0.408906	0.400742	0.398256	0.391153	0.385153	0.380496	0.376276	0.373241	0.369173	0.360408	0.349582	0.339854	0.332292	0.326727	0.324633	0.324464	0.329719	0.337426	0.345932	0.358044	0.373693	0.387553	0.398414	0.409104	0.414567	0.416373	0.416242	0.412564	0.401949	0.387326	0.372033	0.359565	0.349554	0.335815	0.329717	0.329731	0.325803	0.318843	0.320059	0.323068	0.31467	0.307328	0.315256	0.314657	0.309254	0.307554	0.315699	0.320714	0.318972	0.308907	0.296385	0.298267	0.299169	0.310164	0.307724	0.333165	0.339904	0.312331	0.310011	0.314569	0.320842	0.329568	0.333416	0.344287	0.324879	0.308553	0.303537	0.321828	0.320499
58	0.343609	0.367328	0.293477	3.318062	-0.426833	0.180005	-0.0346128	-0.0346128	-0.0346128	-0.0346128	-0.0346128	-0.0346128	-0.0346128	-0.0349602	-0.0353078	-0.0356398	-0.03594	-0.0362942	-0.036779	0.0944527	0.194352	0.269351	0.304529	0.32987	0.353096	0.370318	0.377549	0.383958	0.386867	0.386283	0.381636	0.388772	0.398818	0.413278	0.423106	0.436727	0.44144	0.43419	0.438292	0.441665	0.436797	0.434242	0.4319	0.413628	0.404088	0.401904	0.392813	0.385625	0.384377	0.380139	0.377269	0.369325	0.360722	0.349749	0.336983	0.32843	0.326049	0.326969	0.327797	0.327854	0.334653	0.346471	0.358941	0.37323	0.387414	0.399126	0.408285	0.411832	0.411869	0.414641	0.414176	0.403302	0.386895	0.371877	0.358504	0.347764	0.339208	0.331123	0.328542	0.322222	0.315504	0.32139	0.322116	0.316338	0.312904	0.313735	0.315647	0.317851	0.313943	0.318416	0.328651	0.322226	0.310661	0.314269	0.312176	0.306898	0.316785	0.325958	0.323179	0.33276	0.330089	0.336371	0.358635	0.360423	0.349935	0.336516	0.334008	0.34082	0.356312	0.374665	0.361855	0.375222
59	0.342999	0.367306	0.294071	3.317863	-0.450611	0.168442	-0.0505345	-0.0505345	-0.0505345	-0.0505345	-0.0505345	-0.0505345	-0.0505345	-0.0509011	-0.0512641	-0.0516007	-0.0518875	-0.0522491	-0.0527985	0.105009	0.188899	0.266856	0.306846	0.333538	0.35526	0.372548	0.378752	0.382487	0.385316	0.387078	0.385607	0.390872	0.402816	0.417606	0.427424	0.433672	0.439151	0.445541	0.44142	0.437292	0.437327	0.435773	0.431209	0.413437	0.405528	0.400603	0.392336	0.384281	0.38294	0.380425	0.376391	0.369705	0.361736	0.350838	0.340749	0.331307	0.32629	0.325979	0.330107	0.332901	0.334496	0.343917	0.357236	0.371658	0.386141	0.399231	0.408739	0.411703	0.414941	0.416813	0.411322	0.401029	0.38658	0.369226	0.358379	0.347282	0.333957	0.328727	0.327802	0.321292	0.316646	0.319279	0.32318	0.322359	0.315596	0.316727	0.313803	0.31036	0.311649	0.310397	0.304379	0.31023	0.303753	0.291175	0.293946	0.310217	0.327669	0.337312	0.332323	0.315586	0.317466	0.311113	0.314661	0.331195	0.315612	0.302897	0.29832	0.307964	0.326731	0.308253	0.313644	0.349621
60	0.343471	0.367962	0.290602	3.323787	-0.457068	0.244157	-0.0888053	-0.0888053	-0.0888053	-0.0888053	-0.0888053	-0.0888053	-0.0888053	-0.0892172	-0.0896165	-0.0899633	-0.090217	-0.0905957	-0.0913054	0.0730285	0.186446	0.26629	0.299923	0.326707	0.350702	0.371155	0.378553	0.381959	0.385517	0.388591	0.385876	0.389343	0.403897	0.414849	0.428152	0.429802	0.437195	0.43731	0.43147	0.429892	0.435129	0.432597	0.425274	0.414883	0.404203	0.401126	0.394498	0.384382	0.382421	0.37633	0.375036	0.370712	0.364142	0.354667	0.342345	0.332723	0.327086	0.326491	0.327483	0.331083	0.336647	0.345891	0.359773	0.373332	0.387612	0.402326	0.412864	0.417292	0.415451	0.41421	0.412248	0.40127	0.38499	0.370743	0.358686	0.34579	0.338439	0.332937	0.326117	0.320496	0.317457	0.319483	0.323322	0.31939	0.316072	0.316081	0.316031	0.316401	0.320621	0.317104	0.318817	0.316002	0.308639	0.304279	0.308163	0.312235	0.317091	0.323241	0.326734	0.318626	0.321283	0.328467	0.338293	0.349675	0.355612	0.359837	0.387596	0.367413	0.374205	0.390593	0.373557	0.423882

61	0.351238	0.376291	0.299006	3.399027	-0.467729	0.215205	-0.0705302	-0.0705302	-0.0705302	-0.0705302	-0.0705302	-0.0705302	-0.0705302	-0.0709275	-0.0713168	-0.0716661	-0.0719433	-0.0723218	-0.0729631	0.0900057	0.199002	0.254013	0.304191	0.336203	0.361993	0.381595	0.386627	0.392545	0.39617	0.396288	0.395224	0.400961	0.410799	0.427434	0.436534	0.445759	0.449237	0.45005	0.45206	0.447915	0.445439	0.445135	0.439073	0.422656	0.415034	0.408028	0.399061	0.394533	0.391146	0.391494	0.388291	0.379633	0.370001	0.356793	0.344738	0.338779	0.338596	0.335309	0.335246	0.337969	0.343597	0.35297	0.366504	0.383804	0.397942	0.407751	0.418823	0.425836	0.42521	0.42388	0.422148	0.411592	0.393748	0.379916	0.367839	0.358431	0.348569	0.337869	0.335552	0.333489	0.325545	0.325671	0.328692	0.324282	0.320396	0.317296	0.318731	0.320766	0.321908	0.319854	0.312307	0.307341	0.304951	0.308416	0.312452	0.316775	0.32386	0.326954	0.337111	0.34384	0.341374	0.33115	0.30185	0.29011	0.309145	0.320868	0.322685	0.338637	0.360569	0.390367	0.39269	0.406788
62	0.351325	0.376871	0.296250	3.404258	-0.486770	0.276266	-0.125436	-0.125436	-0.125436	-0.125436	-0.125436	-0.125436	-0.125436	-0.125898	-0.12634	-0.126705	-0.126935	-0.127338	-0.128207	0.0719335	0.184983	0.264334	0.314733	0.337501	0.359367	0.379579	0.385747	0.391328	0.396082	0.397839	0.392505	0.396383	0.411936	0.423505	0.431606	0.447595	0.451466	0.452338	0.448977	0.445275	0.44223	0.442843	0.440138	0.426197	0.415243	0.406935	0.400868	0.395892	0.392081	0.391401	0.390429	0.383594	0.37325	0.360365	0.346771	0.338425	0.336249	0.335304	0.333195	0.336564	0.344599	0.354435	0.369445	0.383408	0.394955	0.407645	0.418941	0.423997	0.425488	0.425006	0.421765	0.412077	0.396609	0.382526	0.36793	0.357873	0.351705	0.341708	0.3364	0.329421	0.324307	0.325966	0.330677	0.3249	0.313219	0.317742	0.32679	0.32437	0.320603	0.327979	0.333816	0.328052	0.315315	0.299304	0.307214	0.315985	0.319136	0.322746	0.330601	0.32054	0.321038	0.338165	0.364824	0.369599	0.352686	0.348287	0.356449	0.33711	0.319494	0.395873	0.43595	0.465537
63	0.353740	0.378124	0.303042	3.415583	-0.438078	0.167558	-0.0428733	-0.0428733	-0.0428733	-0.0428733	-0.0428733	-0.0428733	-0.0428733	-0.0432396	-0.0436045	-0.0439483	-0.0442512	-0.0446192	-0.0451444	0.132652	0.208904	0.275961	0.315779	0.341937	0.363165	0.380938	0.389747	0.396202	0.396613	0.396408	0.394402	0.402918	0.415629	0.427256	0.435798	0.446011	0.456859	0.452587	0.455619	0.452312	0.446927	0.440327	0.436051	0.422082	0.412407	0.407047	0.405295	0.399465	0.393604	0.38859	0.387467	0.382026	0.371846	0.35941	0.348648	0.342896	0.339817	0.336555	0.336456	0.338344	0.343437	0.354958	0.369894	0.38496	0.399833	0.413728	0.421023	0.425695	0.427891	0.429563	0.426417	0.413371	0.39594	0.380175	0.366562	0.356735	0.348697	0.342027	0.336946	0.334067	0.328414	0.327985	0.33195	0.323457	0.319056	0.322447	0.322196	0.31829	0.322797	0.327032	0.324891	0.322069	0.317295	0.315662	0.3181	0.325566	0.324534	0.32749	0.326564	0.326605	0.332079	0.34716	0.345326	0.33903	0.364797	0.351324	0.33967	0.342762	0.358769	0.39726	0.420268	0.417786
64	0.350532	0.376556	0.299168	3.401421	-0.506561	0.216270	-0.0491155	-0.0491155	-0.0491155	-0.0491155	-0.0491155	-0.0491155	-0.0491155	-0.0494871	-0.0498558	-0.0501992	-0.0504946	-0.0508632	-0.0514147	0.105143	0.181806	0.264621	0.308353	0.332162	0.355599	0.378233	0.385529	0.390969	0.394425	0.394623	0.395976	0.404926	0.41245	0.425559	0.437786	0.441017	0.444575	0.445416	0.454827	0.447622	0.4426	0.442934	0.435625	0.421836	0.414347	0.409218	0.405091	0.401526	0.394871	0.389867	0.387565	0.382917	0.374302	0.362958	0.348524	0.340725	0.338213	0.335874	0.334952	0.337883	0.343474	0.354321	0.368146	0.384221	0.397289	0.409147	0.418224	0.424585	0.424871	0.422146	0.418695	0.407214	0.393325	0.378702	0.364262	0.352072	0.344148	0.340694	0.33543	0.331014	0.324028	0.322664	0.327395	0.320958	0.312328	0.311372	0.31241	0.318076	0.319579	0.323916	0.329147	0.324968	0.325553	0.314534	0.316244	0.325669	0.32465	0.318709	0.333678	0.345525	0.334958	0.320191	0.32542	0.333331	0.315598	0.308097	0.34672	0.332964	0.334279	0.345351	0.33739	0.376079
65	0.353737	0.377932	0.304048	3.413844	-0.430686	0.145569	-0.0185878	-0.0185878	-0.0185878	-0.0185878	-0.0185878	-0.0185878	-0.0185878	-0.0189251	-0.0192666	-0.0196037	-0.0199273	-0.0202841	-0.0207105	0.121538	0.208861	0.279293	0.318317	0.343039	0.360872	0.379725	0.388177	0.391752	0.393406	0.397695	0.397971	0.403076	0.412921	0.433675	0.443305	0.450577	0.4544	0.458001	0.451816	0.442166	0.44311	0.446643	0.441347	0.423739	0.413993	0.411888	0.40362	0.399385	0.392977	0.388529	0.385827	0.382793	0.373306	0.360327	0.347692	0.341357	0.337644	0.334446	0.335857	0.338862	0.344652	0.354437	0.368142	0.384055	0.399342	0.409608	0.418298	0.42737	0.429775	0.427322	0.424024	0.413892	0.399054	0.383951	0.368421	0.355255	0.348249	0.343431	0.338396	0.334953	0.331084	0.326491	0.32236	0.319026	0.318967	0.320244	0.324357	0.324728	0.32228	0.325957	0.32894	0.328517	0.322157	0.313466	0.308433	0.318754	0.31775	0.312848	0.317358	0.325698	0.320757	0.325799	0.350593	0.363455	0.371899	0.356391	0.340871	0.359456	0.374233	0.430309	0.433449	0.474263

66	0.363336	0.389700	0.310416	3.520143	-0.501254	0.208607	-0.033803	-0.033803	-0.033803	-0.033803	-0.033803	-0.033803	-0.033803	-0.0341674	-0.0345328	-0.0348836	-0.0352041	-0.0355781	-0.0360803	0.0959477	0.184301	0.262885	0.315963	0.346161	0.37122	0.390706	0.397956	0.404071	0.405031	0.407452	0.408089	0.415725	0.426457	0.446156	0.45761	0.45736	0.460154	0.476597	0.48355	0.469556	0.462303	0.464507	0.459216	0.440891	0.429944	0.422146	0.417182	0.41619	0.408945	0.403753	0.399894	0.394132	0.38585	0.370824	0.358809	0.351619	0.347456	0.342344	0.342898	0.347271	0.354632	0.366223	0.380071	0.396045	0.410139	0.422528	0.432776	0.440773	0.444472	0.44083	0.434089	0.425418	0.409058	0.392963	0.380631	0.370558	0.361313	0.350747	0.34677	0.342915	0.334601	0.331679	0.333594	0.333341	0.327489	0.324229	0.323734	0.3283	0.331485	0.339315	0.33701	0.32629	0.325301	0.332821	0.342285	0.348225	0.344707	0.338925	0.339798	0.33908	0.318045	0.320315	0.330254	0.341251	0.326369	0.326572	0.347865	0.381244	0.389703	0.418337	0.456729	0.493527
67	0.366567	0.391877	0.314279	3.539810	-0.455591	0.169596	-0.00880152	-0.00880152	-0.00880152	-0.00880152	-0.00880152	-0.00880152	-0.00880152	-0.00913853	-0.00948239	-0.0098288	-0.0101731	-0.0105382	-0.0109378	0.119663	0.204522	0.280498	0.322379	0.353352	0.373735	0.393209	0.400423	0.405006	0.408588	0.408235	0.407196	0.415098	0.430086	0.448745	0.458823	0.46571	0.475199	0.470257	0.469808	0.470821	0.467644	0.463567	0.455069	0.437674	0.430305	0.42995	0.420069	0.415161	0.413512	0.413106	0.407304	0.398648	0.386471	0.372135	0.361735	0.353936	0.349748	0.344801	0.342618	0.347812	0.355024	0.366929	0.380689	0.395182	0.410763	0.423277	0.431919	0.440004	0.443022	0.440523	0.437027	0.425111	0.41008	0.396223	0.383716	0.372844	0.364194	0.358679	0.353779	0.347617	0.345034	0.34307	0.341297	0.337635	0.331554	0.332082	0.332629	0.33114	0.336859	0.344764	0.344859	0.333066	0.331789	0.349214	0.351792	0.346286	0.343731	0.357091	0.370056	0.357371	0.327419	0.351208	0.382691	0.386028	0.382775	0.391765	0.401634	0.413911	0.421384	0.443347	0.457109	0.497438
68	0.361790	0.389210	0.305826	3.515720	-0.544653	0.287641	-0.121953	-0.121953	-0.121953	-0.121953	-0.121953	-0.121953	-0.121953	-0.122421	-0.122871	-0.123245	-0.123489	-0.123902	-0.124769	0.0658542	0.186434	0.26764	0.314431	0.340619	0.368	0.390364	0.399928	0.405054	0.406598	0.411999	0.412134	0.415038	0.425429	0.438961	0.446858	0.457218	0.4676	0.466351	0.463927	0.458446	0.45982	0.458786	0.454524	0.44233	0.434463	0.429342	0.419627	0.415602	0.411442	0.407283	0.402387	0.396309	0.38377	0.370541	0.359327	0.352701	0.34783	0.342792	0.3434	0.347275	0.353833	0.364908	0.379498	0.394581	0.407751	0.42018	0.430848	0.436574	0.440039	0.439867	0.437301	0.424551	0.409291	0.393816	0.379838	0.369818	0.358104	0.345107	0.340053	0.337938	0.336132	0.337737	0.338511	0.331407	0.323858	0.327514	0.331029	0.329628	0.327223	0.332379	0.33183	0.324849	0.336484	0.336583	0.336088	0.350049	0.352082	0.349066	0.343523	0.347971	0.34835	0.330477	0.338209	0.358199	0.356526	0.366203	0.401763	0.439531	0.444962	0.471017	0.512461	0.508608
69	0.365250	0.391125	0.315576	3.533016	-0.479477	0.133379	-0.0414953	-0.0414953	-0.0414953	-0.0414953	-0.0414953	-0.0414953	-0.0414953	-0.0418712	-0.0422462	-0.0426015	-0.0429176	-0.0432973	-0.0438264	0.16462	0.240816	0.283371	0.314799	0.34723	0.373153	0.391932	0.40066	0.405649	0.40892	0.411228	0.410791	0.417271	0.434254	0.452702	0.46084	0.466815	0.477747	0.481944	0.475081	0.471972	0.46918	0.466034	0.462821	0.445958	0.434789	0.432854	0.421886	0.408762	0.402783	0.404597	0.403469	0.397115	0.385683	0.372474	0.358017	0.350606	0.348354	0.347043	0.346127	0.349007	0.355881	0.365842	0.382278	0.398276	0.41379	0.422813	0.43313	0.441727	0.440096	0.440437	0.438987	0.42559	0.408258	0.394393	0.380722	0.36794	0.35601	0.351021	0.352776	0.347047	0.33565	0.334683	0.34154	0.341995	0.330235	0.327522	0.330699	0.326972	0.329615	0.338551	0.334623	0.328299	0.327669	0.336169	0.350688	0.342598	0.327271	0.319183	0.331542	0.345975	0.341888	0.330091	0.343167	0.335392	0.352625	0.390189	0.414249	0.435276	0.443581	0.462282	0.490519	0.528445
70	0.364127	0.389979	0.314836	3.522670	-0.480233	0.129521	-0.0397252	-0.0397252	-0.0397252	-0.0397252	-0.0397252	-0.0397252	-0.0397252	-0.0400984	-0.0404712	-0.0408254	-0.0411424	-0.0415207	-0.0420445	0.138428	0.247399	0.292775	0.324523	0.350041	0.373745	0.393342	0.402577	0.407695	0.409866	0.412489	0.410092	0.413386	0.429152	0.442064	0.456383	0.466393	0.473175	0.477406	0.468706	0.467469	0.464197	0.463232	0.457628	0.439551	0.426806	0.430111	0.421399	0.419297	0.414901	0.406573	0.400924	0.392442	0.382826	0.370817	0.358482	0.354238	0.350552	0.345444	0.344152	0.348976	0.355296	0.367105	0.382161	0.395673	0.409186	0.421256	0.428584	0.435039	0.437032	0.434109	0.429287	0.422058	0.41181	0.397301	0.381037	0.367789	0.357843	0.352361	0.348199	0.345117	0.339317	0.336851	0.33798	0.3359	0.328538	0.3299	0.332025	0.332119	0.334781	0.336851	0.340538	0.329898	0.318852	0.32125	0.341176	0.34681	0.341204	0.33707	0.33599	0.327948	0.345526	0.344441	0.330189	0.340235	0.350673	0.372983	0.413122	0.444155	0.40829	0.388721	0.451859	0.509197

71	0.373811	0.401222	0.323430	3.624225	-0.526909	0.142361	-0.0183388	-0.0183388	-0.0183388	-0.0183388	-0.0183388	-0.0183388	-0.0183388	-0.0186955	-0.019057	-0.0194148	-0.0197598	-0.0201384	-0.0205841	0.144545	0.235159	0.286913	0.33168	0.358506	0.381823	0.404698	0.412166	0.41632	0.419464	0.422536	0.421021	0.425323	0.445387	0.456978	0.468409	0.47712	0.488822	0.493843	0.476636	0.477455	0.479417	0.477453	0.471295	0.45617	0.445842	0.440203	0.432973	0.429057	0.419123	0.417385	0.414745	0.408051	0.397	0.38338	0.370924	0.364685	0.359479	0.355934	0.356172	0.358099	0.367087	0.379285	0.392347	0.408985	0.422317	0.433729	0.442776	0.447546	0.446919	0.44588	0.444916	0.436128	0.422073	0.404069	0.384325	0.373936	0.368598	0.362369	0.355071	0.349926	0.348595	0.349623	0.347265	0.339456	0.338539	0.339393	0.336894	0.330808	0.337436	0.343761	0.348088	0.342356	0.342421	0.34516	0.348837	0.348004	0.341041	0.332138	0.32714	0.322339	0.328211	0.336126	0.367082	0.389539	0.392984	0.404088	0.411398	0.434638	0.433652	0.425361	0.463202	0.484435
72	0.370446	0.397796	0.316050	3.593277	-0.529407	0.228341	-0.0412227	-0.0412227	-0.0412227	-0.0412227	-0.0412227	-0.0412227	-0.0412227	-0.0416027	-0.0419821	-0.042342	-0.0426634	-0.0430483	-0.0435869	0.115862	0.181695	0.258276	0.311634	0.345582	0.377509	0.400783	0.409665	0.413794	0.416453	0.422038	0.423763	0.426772	0.437886	0.448413	0.455828	0.46824	0.475813	0.478684	0.473478	0.468072	0.469561	0.473096	0.469533	0.44895	0.435481	0.433337	0.424257	0.423293	0.420392	0.419107	0.414188	0.404721	0.393926	0.38039	0.365745	0.358033	0.355174	0.352592	0.352209	0.355348	0.363023	0.37536	0.388763	0.40457	0.417901	0.429537	0.437336	0.44489	0.449094	0.449062	0.445523	0.433653	0.417459	0.400489	0.385874	0.374977	0.365745	0.356808	0.353574	0.349626	0.34239	0.342078	0.346121	0.342462	0.333932	0.334717	0.336953	0.335268	0.33942	0.345627	0.348527	0.333578	0.337111	0.337243	0.334671	0.348172	0.333353	0.315982	0.31798	0.318264	0.30993	0.323153	0.331387	0.354319	0.379745	0.409185	0.439408	0.424655	0.409922	0.409615	0.436254	0.486261
73	0.373136	0.399821	0.321423	3.611572	-0.499625	0.158445	-0.0275815	-0.0275815	-0.0275815	-0.0275815	-0.0275815	-0.0275815	-0.0275815	-0.0279477	-0.0283165	-0.0286753	-0.0290108	-0.0293919	-0.0298736	0.147574	0.227678	0.283391	0.329242	0.358094	0.380528	0.403176	0.41065	0.41549	0.417922	0.419027	0.418693	0.427859	0.439194	0.455434	0.467175	0.472067	0.480636	0.482758	0.48679	0.480867	0.476581	0.476612	0.469196	0.452539	0.438867	0.435619	0.430006	0.427169	0.421378	0.41642	0.412576	0.406083	0.390767	0.379029	0.36765	0.360859	0.357983	0.354412	0.35346	0.354396	0.362758	0.375429	0.38958	0.407782	0.423264	0.433551	0.44246	0.450689	0.454305	0.451455	0.447024	0.437407	0.420827	0.401941	0.386471	0.375284	0.366202	0.359319	0.356006	0.349774	0.343735	0.341507	0.347569	0.343919	0.338938	0.338222	0.338527	0.337639	0.34128	0.34245	0.339541	0.336251	0.336169	0.338025	0.344909	0.35233	0.342545	0.321112	0.312464	0.339887	0.343022	0.332168	0.343762	0.357264	0.363532	0.374459	0.413774	0.433862	0.410891	0.411489	0.469645	0.522919
74	0.372491	0.399569	0.317750	3.609292	-0.515852	0.223844	-0.0815719	-0.0815719	-0.0815719	-0.0815719	-0.0815719	-0.0815719	-0.0815719	-0.0820015	-0.0824211	-0.0827936	-0.083082	-0.0834865	-0.0841932	0.107627	0.226924	0.282567	0.327974	0.358297	0.382881	0.401104	0.408656	0.413671	0.417466	0.419047	0.415471	0.419249	0.436741	0.459008	0.468266	0.472117	0.478184	0.482738	0.486488	0.481273	0.472367	0.471922	0.466947	0.447478	0.436161	0.431809	0.429443	0.425096	0.419807	0.415281	0.411229	0.404789	0.39305	0.379419	0.367259	0.360627	0.356992	0.354298	0.353209	0.357072	0.36516	0.37709	0.39003	0.407011	0.422969	0.433404	0.44114	0.450219	0.454413	0.451272	0.44551	0.437505	0.423097	0.406298	0.389357	0.37628	0.366434	0.358112	0.355356	0.351699	0.348382	0.347945	0.34656	0.338025	0.333359	0.335548	0.334133	0.333339	0.344279	0.344397	0.330932	0.323805	0.328029	0.327984	0.335618	0.339338	0.33913	0.346087	0.324614	0.310153	0.323268	0.326382	0.34196	0.373627	0.364337	0.361105	0.342476	0.372809	0.423215	0.432667	0.414303	0.474545
75	0.374721	0.401473	0.322314	3.626492	-0.499922	0.167330	-0.0319493	-0.0319493	-0.0319493	-0.0319493	-0.0319493	-0.0319493	-0.0319493	-0.0323223	-0.0326968	-0.0330584	-0.0333918	-0.0337766	-0.034279	0.137773	0.215251	0.284747	0.33424	0.358054	0.385419	0.403893	0.410128	0.416348	0.421564	0.421921	0.414033	0.419942	0.439963	0.459321	0.469045	0.477546	0.485784	0.491165	0.496337	0.493107	0.487539	0.480959	0.469455	0.450486	0.447796	0.444053	0.435052	0.428588	0.421897	0.416471	0.413935	0.406717	0.394864	0.381031	0.367888	0.361975	0.358126	0.353488	0.35304	0.35627	0.363915	0.376419	0.393502	0.408379	0.421717	0.432875	0.440158	0.44793	0.451591	0.450361	0.448238	0.439435	0.42306	0.406965	0.389944	0.380985	0.370893	0.360016	0.356804	0.354067	0.349865	0.348924	0.348936	0.343916	0.341275	0.33769	0.338471	0.341395	0.343178	0.34757	0.350463	0.346072	0.337031	0.344366	0.365489	0.377819	0.356259	0.33601	0.332257	0.325628	0.325921	0.364931	0.361101	0.373419	0.392465	0.407649	0.423259	0.445709	0.475951	0.475764	0.483712	0.512404

76	0.383536	0.411916	0.329212	3.720820	-0.550557	0.199736	-0.0929578	-0.0929578	-0.0929578	-0.0929578	-0.0929578	-0.0929578	-0.0929578	-0.0934121	-0.0938539	-0.0942411	-0.0945315	-0.0949533	-0.0957158	0.142161	0.255086	0.306293	0.346737	0.369904	0.390655	0.412643	0.423466	0.429876	0.430911	0.435215	0.435065	0.437473	0.44504	0.4629	0.485184	0.489801	0.491162	0.493539	0.490939	0.491018	0.492801	0.494463	0.48315	0.464004	0.457988	0.45054	0.443478	0.441484	0.441785	0.43921	0.429803	0.419996	0.402984	0.386818	0.376191	0.371104	0.366287	0.361017	0.362027	0.368332	0.377811	0.38756	0.403077	0.419975	0.436046	0.449849	0.457838	0.461208	0.464028	0.45856	0.450459	0.443027	0.429004	0.415399	0.403176	0.392208	0.383378	0.372102	0.361981	0.357453	0.356274	0.353161	0.355635	0.350623	0.34628	0.346147	0.347947	0.34735	0.35279	0.358702	0.354444	0.348278	0.345653	0.345518	0.343816	0.347167	0.358018	0.362249	0.363057	0.355223	0.342129	0.352586	0.362251	0.363207	0.381035	0.385791	0.404825	0.411658	0.428238	0.455764	0.501694	0.529263
77	0.382869	0.410849	0.331939	3.711185	-0.535962	0.131642	-0.00856357	-0.00856357	-0.00856357	-0.00856357	-0.00856357	-0.00856357	-0.00856357	-0.0089166	-0.00927696	-0.00964044	-0.0100024	-0.0103854	-0.0108007	0.137661	0.24262	0.302871	0.337356	0.369496	0.392376	0.411204	0.421875	0.425009	0.426479	0.432969	0.435782	0.442315	0.450449	0.469481	0.485351	0.492726	0.496267	0.501127	0.498273	0.48748	0.487378	0.488138	0.47719	0.464017	0.462246	0.452127	0.443533	0.437363	0.433417	0.431742	0.427406	0.417579	0.401819	0.387704	0.376224	0.370262	0.365916	0.362946	0.362169	0.369085	0.377248	0.389069	0.404541	0.419302	0.433293	0.445482	0.45294	0.461298	0.462823	0.460396	0.455455	0.446036	0.430903	0.414461	0.398589	0.386982	0.38123	0.370779	0.363695	0.357993	0.351043	0.347246	0.34617	0.344312	0.339855	0.339795	0.348638	0.353799	0.349644	0.347008	0.342936	0.336153	0.34894	0.353261	0.343202	0.348855	0.358751	0.355495	0.344789	0.336113	0.335178	0.345347	0.356435	0.368232	0.379368	0.38194	0.406575	0.405188	0.394613	0.432722	0.450829	0.454309
78	0.387964	0.414443	0.336725	3.743647	-0.470156	0.097258	0.0300215	0.0300215	0.0300215	0.0300215	0.0300215	0.0300215	0.0300215	0.0297111	0.0293841	0.0290276	0.0286289	0.0282598	0.0280034	0.17834	0.251241	0.308094	0.348805	0.369366	0.393524	0.415717	0.42349	0.427947	0.430545	0.43452	0.438213	0.439023	0.447601	0.472087	0.485908	0.492275	0.50519	0.513235	0.508218	0.50447	0.504032	0.501381	0.485831	0.468769	0.459866	0.449077	0.44362	0.43981	0.437436	0.434895	0.429543	0.419136	0.403246	0.390628	0.381139	0.373553	0.365561	0.363338	0.364743	0.369761	0.378578	0.390462	0.404812	0.421603	0.436322	0.449874	0.457939	0.462093	0.466564	0.46448	0.458836	0.448493	0.434614	0.420644	0.405895	0.391973	0.383268	0.376092	0.371422	0.366909	0.357775	0.355221	0.360189	0.35525	0.349091	0.351117	0.353979	0.354434	0.356116	0.360381	0.361034	0.358952	0.347184	0.358268	0.377924	0.391973	0.377729	0.382969	0.388981	0.385139	0.393621	0.413102	0.416387	0.422663	0.434981	0.447012	0.441739	0.466661	0.476061	0.503392	0.553023	0.556086
79	0.383773	0.411584	0.332226	3.717826	-0.528088	0.137676	-0.0185689	-0.0185689	-0.0185689	-0.0185689	-0.0185689	-0.0185689	-0.0185689	-0.0189345	-0.0193052	-0.0196721	-0.0200263	-0.0204145	-0.02087	0.155452	0.238907	0.295795	0.342224	0.371006	0.392538	0.41303	0.421722	0.425236	0.428683	0.435038	0.434083	0.440444	0.448333	0.471095	0.485741	0.488589	0.496774	0.501054	0.503187	0.497292	0.494474	0.498803	0.488419	0.465009	0.454651	0.446307	0.439535	0.435942	0.430572	0.432069	0.42739	0.416079	0.401119	0.388087	0.378603	0.371095	0.366543	0.363747	0.366377	0.369661	0.377586	0.388977	0.402872	0.417872	0.434526	0.447724	0.455923	0.462002	0.466458	0.464509	0.458137	0.446892	0.430925	0.416038	0.399951	0.38864	0.378767	0.368586	0.362875	0.358904	0.351902	0.347977	0.352167	0.347214	0.334826	0.339702	0.348539	0.343665	0.346081	0.355272	0.353307	0.340439	0.341765	0.352575	0.356554	0.371576	0.3703	0.374037	0.375042	0.357562	0.365041	0.37833	0.381986	0.377367	0.378816	0.390183	0.402026	0.412868	0.433323	0.461712	0.494443	0.517847
80	0.381677	0.409933	0.323738	3.702910	-0.548441	0.272209	-0.115622	-0.115622	-0.115622	-0.115622	-0.115622	-0.115622	-0.115622	-0.1161	-0.116561	-0.116952	-0.11722	-0.117649	-0.118505	0.108857	0.223195	0.285765	0.332352	0.364735	0.386474	0.409778	0.421469	0.427318	0.429465	0.429713	0.429847	0.435814	0.445151	0.463462	0.469382	0.481966	0.494429	0.496714	0.48338	0.485532	0.487969	0.487964	0.476408	0.462381	0.457495	0.452679	0.444166	0.434794	0.429924	0.428622	0.427006	0.417884	0.400451	0.3859	0.375659	0.369784	0.363307	0.358592	0.360833	0.36678	0.374965	0.388142	0.401894	0.419612	0.434051	0.445563	0.453471	0.459467	0.462343	0.459942	0.455483	0.446358	0.431191	0.415462	0.400035	0.390333	0.379987	0.369791	0.365603	0.365362	0.356997	0.349471	0.356972	0.35284	0.338247	0.340915	0.341854	0.34031	0.343554	0.349485	0.349844	0.34566	0.343051	0.354049	0.364712	0.354994	0.344844	0.333444	0.330939	0.35413	0.350321	0.352362	0.352747	0.35959	0.356624	0.381565	0.384247	0.375344	0.399439	0.422827	0.429663	0.467552

81	0.398230	0.427384	0.345397	3.860542	-0.559463	0.135069	0.0309347	0.0309347	0.0309347	0.0309347	0.0309347	0.0309347	0.0309347	0.0306152	0.0302788	0.0299119	0.0295015	0.0291215	0.0288556	0.164416	0.247953	0.303461	0.350417	0.379511	0.405498	0.426699	0.437742	0.44459	0.444316	0.448506	0.449159	0.454166	0.463827	0.483036	0.499942	0.510718	0.515905	0.517165	0.516506	0.514056	0.509443	0.509997	0.498886	0.485621	0.47891	0.468617	0.463965	0.460754	0.455176	0.449204	0.445579	0.435277	0.417989	0.406192	0.396069	0.386343	0.378155	0.377103	0.375688	0.3808	0.389761	0.401295	0.417082	0.432426	0.447406	0.461326	0.475154	0.481321	0.480741	0.480124	0.475703	0.463519	0.447629	0.432779	0.415572	0.403	0.395477	0.382479	0.37399	0.371734	0.364007	0.360993	0.366981	0.368519	0.362475	0.359923	0.355172	0.356763	0.360904	0.364411	0.359998	0.35623	0.351256	0.3534	0.363663	0.366924	0.37179	0.355807	0.341792	0.349966	0.352939	0.367678	0.388599	0.388639	0.407545	0.45	0.471417	0.494028	0.467556	0.445943	0.495972	0.534798
82	0.399493	0.427538	0.351877	3.861938	-0.514478	0.015130	0.101309	0.101309	0.101309	0.101309	0.101309	0.101309	0.101309	0.101072	0.100801	0.100452	0.0999803	0.0996308	0.0996576	0.210385	0.264373	0.316281	0.358757	0.3904	0.406076	0.425625	0.437648	0.44357	0.446634	0.453271	0.452232	0.45396	0.462033	0.488031	0.50603	0.515567	0.523798	0.525646	0.528796	0.526834	0.522955	0.513379	0.499722	0.484524	0.475636	0.470669	0.463103	0.457161	0.45428	0.450878	0.445258	0.432119	0.415105	0.404267	0.394308	0.38292	0.376954	0.377174	0.379664	0.381531	0.389287	0.402652	0.417032	0.433858	0.449574	0.462887	0.473568	0.478953	0.479552	0.479844	0.472723	0.462174	0.449307	0.43478	0.419597	0.404411	0.394183	0.382572	0.373586	0.369867	0.364987	0.360172	0.365334	0.366566	0.363864	0.359828	0.361116	0.367514	0.363541	0.364403	0.360351	0.349739	0.352572	0.356675	0.354079	0.358203	0.355568	0.357843	0.350467	0.345166	0.342988	0.361977	0.387052	0.414702	0.416197	0.435786	0.456683	0.46318	0.453044	0.441291	0.461262	0.526456
83	0.399948	0.429389	0.346162	3.878656	-0.568146	0.151858	0.0372938	0.0372938	0.0372938	0.0372938	0.0372938	0.0372938	0.0372938	0.0369807	0.0366491	0.0362827	0.0358655	0.0354871	0.0352468	0.173344	0.242336	0.3051	0.349341	0.379809	0.402066	0.424532	0.438644	0.445054	0.445873	0.448238	0.449184	0.454277	0.460722	0.484438	0.501452	0.511701	0.518099	0.520687	0.522761	0.522595	0.521585	0.51839	0.501156	0.484652	0.477567	0.466187	0.463388	0.459818	0.458626	0.454592	0.445568	0.434894	0.420139	0.407622	0.396101	0.387882	0.384698	0.380436	0.379533	0.384329	0.391141	0.402453	0.418081	0.436889	0.451782	0.465383	0.474964	0.481811	0.480664	0.480709	0.475574	0.464872	0.448427	0.433784	0.420154	0.40449	0.392915	0.383651	0.376336	0.374645	0.372221	0.366147	0.366486	0.367411	0.360684	0.359975	0.364575	0.35877	0.359512	0.370683	0.366785	0.354865	0.354336	0.362744	0.365564	0.371247	0.377303	0.374417	0.37974	0.38135	0.379325	0.377485	0.372343	0.378481	0.397506	0.43855	0.417669	0.440176	0.499663	0.493924	0.488323	0.502675
84	0.398739	0.427740	0.343251	3.863763	-0.552804	0.181149	-0.0218514	-0.0218514	-0.0218514	-0.0218514	-0.0218514	-0.0218514	-0.0218514	-0.0222339	-0.022621	-0.0230024	-0.0233677	-0.0237717	-0.0242543	0.167176	0.244647	0.314117	0.355724	0.387965	0.407638	0.427743	0.437778	0.443946	0.444343	0.448079	0.45075	0.452812	0.46411	0.486056	0.493016	0.49716	0.505794	0.507639	0.510745	0.512424	0.51391	0.50683	0.503517	0.487845	0.47697	0.467726	0.460924	0.456304	0.450593	0.447836	0.443287	0.435309	0.421487	0.406164	0.393848	0.385574	0.379001	0.378866	0.379672	0.383332	0.389579	0.404169	0.42164	0.436722	0.450625	0.462976	0.473597	0.48034	0.479634	0.476883	0.471376	0.463442	0.449155	0.434483	0.41776	0.402763	0.394539	0.387131	0.37989	0.372175	0.365605	0.363561	0.367409	0.362763	0.355972	0.362388	0.361767	0.357676	0.365878	0.371464	0.364384	0.354178	0.356249	0.365509	0.383272	0.38494	0.372682	0.356995	0.356431	0.356438	0.362923	0.371248	0.384932	0.417993	0.453655	0.460413	0.486199	0.477941	0.457513	0.46312	0.461099	0.537601
85	0.396917	0.427190	0.339021	3.858787	-0.604930	0.252430	-0.0470378	-0.0470378	-0.0470378	-0.0470378	-0.0470378	-0.0470378	-0.0470378	-0.0474487	-0.0478583	-0.0482451	-0.0485873	-0.0490012	-0.0495903	0.124081	0.219164	0.286361	0.342832	0.38041	0.404561	0.425488	0.436575	0.442245	0.441955	0.443295	0.441985	0.449196	0.461356	0.480964	0.495205	0.507221	0.514797	0.517079	0.517565	0.516564	0.515756	0.513502	0.501945	0.483909	0.476976	0.471082	0.464804	0.453512	0.448204	0.447749	0.444937	0.432501	0.418021	0.404417	0.394386	0.386762	0.380118	0.377378	0.377241	0.382537	0.390583	0.402788	0.416777	0.43393	0.449993	0.464982	0.475988	0.480869	0.481851	0.47826	0.470927	0.462213	0.44873	0.432057	0.416598	0.405922	0.393398	0.38065	0.374535	0.371796	0.364902	0.36176	0.365732	0.364072	0.354414	0.35702	0.358429	0.356337	0.358212	0.365659	0.363923	0.362149	0.365229	0.360622	0.35422	0.356753	0.357937	0.356133	0.359885	0.355133	0.357754	0.374126	0.402879	0.406914	0.402751	0.42054	0.439238	0.442917	0.42533	0.434375	0.469209	0.517642

86	0.415931	0.446121	0.363691	4.029792	-0.574214	0.081495	0.026571	0.026571	0.026571	0.026571	0.026571	0.026571	0.026571	0.0262299	0.0258724	0.0254871	0.0250628	0.0246629	0.0243632	0.191013	0.268817	0.342223	0.385151	0.404961	0.419805	0.438313	0.45457	0.461892	0.465209	0.466148	0.466026	0.467847	0.482582	0.509856	0.53443	0.546898	0.555408	0.553158	0.558454	0.558371	0.547624	0.534122	0.51333	0.503266	0.496536	0.493401	0.488111	0.480686	0.472204	0.464518	0.461624	0.450869	0.436811	0.421989	0.408778	0.402583	0.398374	0.394802	0.393626	0.397197	0.405206	0.420478	0.435761	0.454044	0.470807	0.481128	0.491941	0.500637	0.500601	0.496095	0.490201	0.479108	0.466573	0.453228	0.438121	0.420222	0.410317	0.405016	0.393302	0.387462	0.386116	0.379272	0.375572	0.377863	0.373062	0.36859	0.372665	0.380237	0.37916	0.377998	0.383829	0.382479	0.374941	0.381734	0.384552	0.381543	0.385236	0.377812	0.373727	0.375452	0.384207	0.398335	0.417987	0.426547	0.421863	0.452773	0.469676	0.50385	0.527433	0.550537	0.540085	0.528402
87	0.416694	0.446340	0.363431	4.031773	-0.551930	0.089814	0.0619573	0.0619573	0.0619573	0.0619573	0.0619573	0.0619573	0.0619573	0.0616585	0.061335	0.0609595	0.0605051	0.0601212	0.059969	0.209945	0.269893	0.320139	0.369917	0.404119	0.425383	0.44085	0.454073	0.460284	0.463826	0.465293	0.467231	0.473702	0.480529	0.501139	0.52807	0.541625	0.544194	0.547859	0.558088	0.550612	0.54266	0.530569	0.518648	0.507581	0.49712	0.493639	0.488087	0.477873	0.473527	0.468782	0.4611	0.450027	0.436523	0.422866	0.411932	0.403061	0.396234	0.3923	0.393035	0.397286	0.406764	0.419139	0.436412	0.454005	0.469952	0.483616	0.493672	0.501608	0.501524	0.494752	0.487516	0.477605	0.467295	0.451282	0.436669	0.42554	0.412913	0.402135	0.392515	0.388433	0.383574	0.379383	0.381228	0.383055	0.375241	0.374003	0.377552	0.384991	0.388149	0.393629	0.389159	0.381586	0.381728	0.381429	0.395888	0.409093	0.409443	0.394315	0.378054	0.387843	0.391886	0.406762	0.429397	0.433596	0.419256	0.434952	0.476276	0.490457	0.491176	0.516565	0.539785	0.544143
88	0.415232	0.445941	0.360420	4.028166	-0.595439	0.140454	0.013106	0.013106	0.013106	0.013106	0.013106	0.013106	0.013106	0.0127496	0.0123799	0.0119916	0.0115795	0.011174	0.0108161	0.156376	0.252446	0.323315	0.373764	0.408386	0.427311	0.442184	0.455836	0.462758	0.461856	0.462729	0.463978	0.468441	0.480169	0.502927	0.523728	0.540565	0.547881	0.549588	0.55195	0.550448	0.544832	0.537533	0.518703	0.510089	0.499741	0.484674	0.483289	0.480189	0.476523	0.470127	0.462922	0.449135	0.43848	0.424096	0.408637	0.400811	0.39713	0.394212	0.394186	0.396429	0.406752	0.418868	0.433598	0.4502	0.467176	0.483957	0.495662	0.503166	0.502589	0.497609	0.490489	0.478436	0.465882	0.449821	0.435248	0.420393	0.409862	0.400349	0.391186	0.388251	0.385852	0.383211	0.378729	0.378131	0.373908	0.374822	0.368687	0.367562	0.379172	0.388931	0.387848	0.382008	0.376871	0.376505	0.390524	0.397001	0.38637	0.373278	0.379858	0.381032	0.380363	0.391748	0.412937	0.416816	0.427376	0.441846	0.4564	0.467448	0.486201	0.509707	0.525878	0.537489
89	0.415009	0.446273	0.357694	4.031171	-0.617396	0.197089	-0.00314317	-0.00314317	-0.00314317	-0.00314317	-0.00314317	-0.00314317	-0.00314317	-0.00351842	-0.00390309	-0.00429535	-0.00469299	-0.0051053	-0.00553394	0.114273	0.243918	0.315012	0.368472	0.405147	0.422125	0.440129	0.455071	0.460958	0.462605	0.463197	0.460775	0.466588	0.480581	0.504095	0.5294	0.538479	0.5476	0.550384	0.545908	0.545455	0.541795	0.533873	0.515136	0.503482	0.495538	0.488138	0.486036	0.479712	0.476193	0.471671	0.462819	0.449669	0.43528	0.42226	0.411419	0.401036	0.396181	0.395529	0.39438	0.398514	0.407222	0.421348	0.437703	0.455866	0.472997	0.486554	0.49464	0.501046	0.502405	0.496887	0.488453	0.477638	0.46626	0.451205	0.436395	0.421271	0.408398	0.400121	0.39195	0.388642	0.384962	0.379231	0.377515	0.381681	0.377687	0.372138	0.372006	0.369493	0.371301	0.383631	0.386209	0.370574	0.364133	0.375211	0.390063	0.398153	0.386622	0.375749	0.372123	0.377064	0.384722	0.400651	0.426044	0.444443	0.437171	0.455896	0.460406	0.472016	0.496894	0.557689	0.588368	0.60562
90	0.415199	0.445427	0.360778	4.023526	-0.576744	0.125695	0.0374761	0.0374761	0.0374761	0.0374761	0.0374761	0.0374761	0.0374761	0.0371492	0.0368034	0.0364223	0.03599	0.0355961	0.0353393	0.159562	0.261459	0.326323	0.367131	0.398896	0.422739	0.439992	0.453522	0.461268	0.463195	0.465349	0.466068	0.469447	0.48157	0.503969	0.524982	0.543276	0.547447	0.54513	0.545193	0.537444	0.543081	0.540211	0.523847	0.506997	0.493196	0.488996	0.484327	0.475197	0.473912	0.469929	0.462641	0.449999	0.436762	0.423159	0.408643	0.400145	0.396904	0.393079	0.392217	0.395544	0.404892	0.419502	0.436985	0.452715	0.468139	0.482195	0.495591	0.499835	0.498025	0.495455	0.487925	0.479483	0.46783	0.451851	0.436823	0.421069	0.409243	0.400489	0.391306	0.388089	0.385149	0.378362	0.379259	0.383009	0.379187	0.371982	0.374497	0.373035	0.375419	0.380406	0.378326	0.379036	0.379964	0.382607	0.391013	0.40468	0.392532	0.379013	0.373842	0.378183	0.384033	0.364546	0.380947	0.426163	0.433741	0.425464	0.450143	0.480529	0.518614	0.548848	0.567447	0.564933

91	0.427547	0.460605	0.368803	4.160632	-0.669133	0.210560	-0.0140927	-0.0140927	-0.0140927	-0.0140927	-0.0140927	-0.0140927	-0.0140927	-0.0144929	-0.0149003	-0.0153081	-0.0157093	-0.0161398	-0.0166255	0.131349	0.244301	0.315822	0.375672	0.413766	0.435953	0.454491	0.470811	0.479721	0.47951	0.475893	0.476117	0.484952	0.494157	0.510757	0.536608	0.557976	0.573759	0.573766	0.573759	0.573009	0.567237	0.552246	0.532201	0.52048	0.510494	0.504088	0.500047	0.500069	0.494043	0.486623	0.474896	0.463619	0.449906	0.433443	0.423766	0.416715	0.412413	0.408311	0.408582	0.413449	0.421843	0.433193	0.450708	0.469269	0.486844	0.50212	0.510038	0.515496	0.518887	0.511218	0.502441	0.490123	0.478102	0.466851	0.451249	0.434359	0.421131	0.408537	0.401023	0.401731	0.398771	0.391844	0.385441	0.390027	0.387569	0.382222	0.384669	0.388192	0.389763	0.391162	0.387424	0.384647	0.386855	0.387898	0.399703	0.402539	0.398054	0.407479	0.390134	0.360848	0.383732	0.421756	0.421585	0.421769	0.428736	0.4266	0.433442	0.458094	0.476022	0.501636	0.529272	0.580021
92	0.426688	0.459764	0.368574	4.153029	-0.671037	0.201788	-0.0357306	-0.0357306	-0.0357306	-0.0357306	-0.0357306	-0.0357306	-0.0357306	-0.0361562	-0.0365838	-0.036997	-0.0373791	-0.0378188	-0.0383906	0.151801	0.253295	0.326109	0.379571	0.418529	0.436086	0.457	0.472557	0.47775	0.478317	0.475877	0.475204	0.47936	0.487175	0.513881	0.539028	0.554408	0.570231	0.57157	0.573428	0.572044	0.568574	0.55293	0.534377	0.524238	0.51093	0.504953	0.502157	0.499106	0.493869	0.486184	0.473901	0.462226	0.450623	0.434227	0.422504	0.415595	0.409578	0.406929	0.407149	0.409721	0.419059	0.433838	0.450018	0.468468	0.484428	0.495631	0.50827	0.516116	0.516674	0.512229	0.50565	0.4942	0.478073	0.463164	0.447949	0.434869	0.422361	0.410203	0.401399	0.398207	0.398407	0.395881	0.388098	0.390347	0.390258	0.380121	0.373496	0.383506	0.392148	0.394926	0.382446	0.37052	0.365705	0.374403	0.381158	0.385983	0.396015	0.382707	0.374726	0.37758	0.388763	0.38504	0.399207	0.406485	0.419901	0.436403	0.450873	0.449114	0.435311	0.446699	0.478467	0.552741
93	0.428416	0.460919	0.368703	4.163468	-0.646252	0.217338	-0.0707084	-0.0707084	-0.0707084	-0.0707084	-0.0707084	-0.0707084	-0.0707084	-0.0711764	-0.0716382	-0.0720617	-0.0724145	-0.0728708	-0.0735858	0.165043	0.270797	0.328142	0.383743	0.414778	0.4339	0.453485	0.469751	0.475754	0.477792	0.479652	0.481116	0.485541	0.497418	0.517184	0.538166	0.559444	0.577548	0.5741	0.569021	0.564899	0.559512	0.549745	0.528376	0.519451	0.513541	0.508266	0.498507	0.495723	0.492953	0.489212	0.476914	0.463027	0.450856	0.435744	0.422198	0.414859	0.411093	0.407763	0.409327	0.413551	0.420605	0.433386	0.449554	0.467074	0.485717	0.501684	0.511279	0.515793	0.518136	0.513914	0.508489	0.496979	0.478581	0.465024	0.452286	0.441091	0.426985	0.416839	0.405069	0.395432	0.395109	0.390223	0.386807	0.386612	0.382358	0.386207	0.389385	0.385131	0.387746	0.39733	0.390404	0.390817	0.396769	0.397617	0.400679	0.408175	0.389983	0.385994	0.389992	0.391155	0.394443	0.375717	0.375281	0.399258	0.437251	0.464294	0.461521	0.484586	0.49653	0.524632	0.542838	0.563469
94	0.429243	0.461859	0.371781	4.171954	-0.649435	0.173868	-0.0142692	-0.0142692	-0.0142692	-0.0142692	-0.0142692	-0.0142692	-0.0142692	-0.0146713	-0.0150806	-0.0154902	-0.0158929	-0.0163252	-0.0168121	0.143612	0.253081	0.332433	0.381303	0.414025	0.434702	0.457614	0.472937	0.478986	0.481103	0.483473	0.483551	0.484315	0.500886	0.524641	0.543798	0.56058	0.5674	0.571966	0.572655	0.575709	0.565461	0.552882	0.53146	0.523331	0.516727	0.508513	0.502483	0.499868	0.495782	0.492083	0.478973	0.465907	0.453787	0.437932	0.425862	0.416416	0.40883	0.405183	0.406786	0.411032	0.422721	0.435607	0.449767	0.468434	0.485248	0.499763	0.510961	0.51795	0.517705	0.512202	0.504804	0.496453	0.484376	0.46851	0.451747	0.437033	0.426447	0.418137	0.406237	0.401445	0.399184	0.392819	0.386244	0.385144	0.385939	0.387561	0.386709	0.382892	0.384142	0.393756	0.389539	0.379613	0.381685	0.388971	0.40277	0.40791	0.395336	0.388384	0.386553	0.395254	0.413362	0.422209	0.412502	0.417093	0.452082	0.473637	0.490091	0.497611	0.495095	0.493474	0.52121	0.58657
95	0.430258	0.461953	0.373023	4.172809	-0.612115	0.151880	0.0235822	0.0235822	0.0235822	0.0235822	0.0235822	0.0235822	0.0235822	0.0232253	0.0228524	0.0224533	0.0220183	0.0216033	0.0212733	0.154865	0.261065	0.338299	0.383534	0.414051	0.435568	0.454646	0.470584	0.478341	0.479032	0.479303	0.480303	0.483011	0.495922	0.515915	0.544883	0.562294	0.568945	0.578597	0.582653	0.578876	0.573947	0.557992	0.53094	0.525253	0.515933	0.507763	0.500634	0.496271	0.490043	0.486158	0.476762	0.463693	0.450462	0.435127	0.421432	0.414945	0.409922	0.406789	0.40837	0.414551	0.422403	0.433642	0.450378	0.469438	0.488688	0.50242	0.513823	0.519702	0.516981	0.51312	0.508943	0.49843	0.482604	0.467664	0.451213	0.438765	0.426909	0.417227	0.409311	0.401378	0.39887	0.394577	0.390814	0.394775	0.386752	0.380587	0.385251	0.387812	0.392246	0.397874	0.395655	0.385451	0.379886	0.384676	0.382081	0.396157	0.412516	0.404154	0.387922	0.385752	0.39402	0.413147	0.415496	0.428456	0.444622	0.453863	0.480088	0.513124	0.507631	0.488845	0.522107	0.618526

96	0.444712	0.478661	0.386054	4.323729	-0.678979	0.166071	-0.026295	-0.026295	-0.026295	-0.026295	-0.026295	-0.026295	-0.026295	-0.0267256	-0.0271609	-0.0275886	-0.0279962	-0.0284494	-0.0289984	0.176741	0.292436	0.35472	0.399312	0.43542	0.454803	0.473981	0.488019	0.494871	0.492926	0.495251	0.500772	0.501484	0.513005	0.532794	0.563386	0.585081	0.592871	0.597567	0.603916	0.601491	0.592121	0.572964	0.554497	0.547807	0.534685	0.529437	0.521718	0.518286	0.514326	0.508673	0.495682	0.48344	0.468342	0.451131	0.439125	0.429495	0.424724	0.423977	0.421965	0.424629	0.434226	0.449232	0.467254	0.486086	0.504053	0.520853	0.532687	0.537648	0.53776	0.533034	0.524656	0.51154	0.497952	0.484791	0.466977	0.45091	0.438685	0.428045	0.417003	0.408302	0.407802	0.405917	0.400427	0.406177	0.407681	0.405109	0.402578	0.4049	0.406143	0.406705	0.404952	0.399795	0.401607	0.415682	0.425177	0.422365	0.425303	0.405112	0.39421	0.393477	0.40172	0.425955	0.454439	0.47222	0.474669	0.467026	0.506348	0.527675	0.539116	0.543309	0.572056	0.590164
97	0.443522	0.477817	0.386123	4.316102	-0.694143	0.151623	0.0119254	0.0119254	0.0119254	0.0119254	0.0119254	0.0119254	0.0119254	0.011541	0.011143	0.0107264	0.0102867	0.00985134	0.0094594	0.171399	0.267626	0.335498	0.389638	0.426819	0.450959	0.475111	0.490195	0.49806	0.494932	0.492598	0.498003	0.505471	0.519535	0.533886	0.561403	0.582999	0.598455	0.598084	0.59856	0.60025	0.594939	0.573142	0.554126	0.547362	0.53507	0.527597	0.518157	0.517329	0.513362	0.506951	0.495351	0.482897	0.467419	0.450676	0.44074	0.431091	0.425241	0.424065	0.422282	0.425407	0.434406	0.447618	0.468079	0.489087	0.502881	0.516919	0.527763	0.53342	0.53482	0.531677	0.524173	0.51036	0.493992	0.481062	0.46666	0.451259	0.438061	0.427334	0.418633	0.409693	0.40699	0.404102	0.400717	0.403306	0.40511	0.395221	0.396651	0.400861	0.39876	0.408082	0.409404	0.402913	0.396181	0.39804	0.410838	0.424104	0.424253	0.397846	0.382584	0.383034	0.409885	0.432879	0.414605	0.426683	0.459616	0.502535	0.526335	0.518379	0.495499	0.476973	0.522162	0.617075
98	0.440809	0.475635	0.380079	4.296396	-0.718787	0.231742	-0.0603078	-0.0603078	-0.0603078	-0.0603078	-0.0603078	-0.0603078	-0.0603078	-0.0607757	-0.0612404	-0.0616742	-0.0620494	-0.0625148	-0.063207	0.112258	0.25984	0.340779	0.39541	0.426729	0.447197	0.471561	0.487701	0.496349	0.494597	0.49351	0.498144	0.499751	0.510877	0.524735	0.559098	0.576095	0.590318	0.599056	0.591752	0.586328	0.581542	0.565529	0.54992	0.541912	0.535521	0.528286	0.518786	0.519681	0.513294	0.503943	0.490904	0.479907	0.466873	0.450134	0.43692	0.427943	0.421597	0.419215	0.419141	0.423672	0.434721	0.448441	0.465855	0.484526	0.50257	0.515529	0.525577	0.532655	0.536094	0.53128	0.52112	0.506319	0.49087	0.481752	0.467046	0.449821	0.437015	0.428025	0.419709	0.410456	0.404752	0.398747	0.39557	0.402187	0.398816	0.394261	0.3984	0.395752	0.390291	0.396611	0.398037	0.395137	0.397213	0.400059	0.396646	0.40005	0.409072	0.391704	0.368355	0.368885	0.387513	0.412614	0.428418	0.433267	0.456629	0.463028	0.460853	0.474012	0.496305	0.501302	0.520031	0.534312
99	0.445224	0.478777	0.388017	4.324777	-0.662846	0.130813	0.0370814	0.0370814	0.0370814	0.0370814	0.0370814	0.0370814	0.0370814	0.0367261	0.0363512	0.0359405	0.0354783	0.0350534	0.0347657	0.189683	0.273606	0.337659	0.391893	0.43166	0.455976	0.474636	0.488641	0.497426	0.497401	0.495642	0.495915	0.50142	0.513784	0.533126	0.560107	0.583945	0.603067	0.612139	0.606316	0.592005	0.58848	0.575949	0.55859	0.545939	0.535973	0.529763	0.525403	0.520922	0.512716	0.504837	0.492981	0.482478	0.467348	0.452772	0.441387	0.431414	0.426732	0.423157	0.422903	0.425845	0.434214	0.449138	0.468564	0.486601	0.502886	0.517004	0.528842	0.534124	0.535258	0.531479	0.524151	0.51311	0.497912	0.484936	0.470453	0.454394	0.441655	0.429013	0.419328	0.411869	0.407912	0.408235	0.402978	0.404983	0.403041	0.401259	0.402676	0.407029	0.407567	0.409508	0.401852	0.396475	0.404635	0.414895	0.422086	0.422271	0.421384	0.403133	0.404992	0.408762	0.409714	0.418147	0.417588	0.438373	0.454428	0.482689	0.53454	0.523388	0.512827	0.530589	0.580854	0.58546
100	0.441084	0.475362	0.379370	4.293926	-0.697023	0.240879	-0.0357785	-0.0357785	-0.0357785	-0.0357785	-0.0357785	-0.0357785	-0.0357785	-0.0362162	-0.0366564	-0.0370825	-0.0374777	-0.0379309	-0.0385176	0.146967	0.26309	0.329344	0.379966	0.42477	0.448955	0.469075	0.484374	0.493386	0.492136	0.490508	0.492121	0.497145	0.509053	0.527732	0.555803	0.574437	0.585994	0.593956	0.596509	0.592803	0.580059	0.560089	0.548147	0.536327	0.525245	0.52158	0.516017	0.511014	0.509657	0.50519	0.49418	0.481752	0.465422	0.451192	0.440107	0.429789	0.423698	0.42142	0.421829	0.423419	0.43127	0.44774	0.464686	0.482299	0.500457	0.516294	0.526026	0.533646	0.534012	0.527924	0.519654	0.509062	0.494922	0.481092	0.465964	0.45374	0.440692	0.428819	0.41952	0.410343	0.407117	0.40451	0.397902	0.398587	0.396752	0.395524	0.400345	0.400608	0.39663	0.39708	0.393273	0.390112	0.387577	0.38847	0.388836	0.400251	0.404577	0.395714	0.390675	0.393895	0.395805	0.413545	0.43305	0.439806	0.4447	0.453161	0.434198	0.429341	0.461973	0.480506	0.487619	0.499148

101	0.451969	0.487128	0.391870	4.400211	-0.715621	0.188123	-0.00759472	-0.00759472	-0.00759472	-0.00759472	-0.00759472	-0.00759472	-0.00759472	-0.00800968	-0.00843393	-0.00886363	-0.00929448	-0.0097468	-0.0102288	0.158001	0.275817	0.349174	0.397439	0.437858	0.462439	0.482375	0.49922	0.506274	0.506269	0.506813	0.508186	0.510285	0.522059	0.541544	0.571206	0.592317	0.601119	0.60516	0.607289	0.599139	0.597688	0.582745	0.566887	0.554565	0.544268	0.542454	0.534081	0.530106	0.521752	0.512439	0.50293	0.493651	0.478829	0.4604	0.447768	0.439354	0.43358	0.430091	0.428706	0.43305	0.441844	0.459867	0.478914	0.495562	0.51207	0.528862	0.542111	0.548987	0.551259	0.546315	0.534957	0.519709	0.501381	0.488446	0.47412	0.460163	0.450531	0.435475	0.426237	0.419007	0.414271	0.410118	0.405424	0.405412	0.408439	0.408827	0.41213	0.40563	0.400547	0.41062	0.406047	0.394033	0.407077	0.409188	0.413309	0.414877	0.406872	0.397171	0.397924	0.412447	0.419368	0.426196	0.427184	0.442282	0.484109	0.492395	0.489252	0.474769	0.492906	0.514689	0.54019	0.513691
102	0.453900	0.488019	0.396278	4.408254	-0.672294	0.118782	0.0432541	0.0432541	0.0432541	0.0432541	0.0432541	0.0432541	0.0432541	0.0428985	0.0425216	0.0421046	0.0416289	0.0411984	0.0409282	0.197225	0.300194	0.351546	0.401451	0.436242	0.461727	0.485192	0.500002	0.506212	0.505655	0.505552	0.510813	0.512916	0.523607	0.543711	0.571289	0.594354	0.610471	0.616157	0.620979	0.608666	0.592506	0.578695	0.569197	0.558106	0.543027	0.537491	0.532598	0.529802	0.522302	0.51454	0.502632	0.49106	0.477427	0.461913	0.449081	0.439145	0.435059	0.431978	0.429238	0.432967	0.444451	0.460824	0.480197	0.499454	0.514741	0.527147	0.540218	0.548412	0.549994	0.543302	0.532339	0.520423	0.50578	0.490377	0.475786	0.462274	0.449296	0.439507	0.434305	0.427096	0.421006	0.415053	0.407783	0.4097	0.406855	0.402264	0.402817	0.407226	0.406346	0.414703	0.406132	0.395516	0.403544	0.41595	0.418127	0.419707	0.412523	0.407805	0.396954	0.38212	0.397931	0.427346	0.447507	0.451013	0.461017	0.480238	0.48664	0.483478	0.511605	0.550589	0.535413	0.589669
103	0.451961	0.486785	0.393888	4.397111	-0.702552	0.144680	-0.0157243	-0.0157243	-0.0157243	-0.0157243	-0.0157243	-0.0157243	-0.0157243	-0.0161493	-0.0165817	-0.0170139	-0.017438	-0.0178943	-0.0184067	0.188679	0.289938	0.351663	0.40645	0.440083	0.461741	0.481597	0.498349	0.503609	0.504498	0.507009	0.508808	0.509377	0.522662	0.546541	0.576183	0.598286	0.615986	0.623391	0.618731	0.609478	0.597617	0.58133	0.557906	0.54746	0.538587	0.53501	0.533649	0.527807	0.522222	0.514029	0.503307	0.492322	0.47415	0.460094	0.449496	0.441923	0.433419	0.428482	0.427566	0.433024	0.444851	0.45973	0.478574	0.496672	0.514644	0.52892	0.53938	0.547957	0.548326	0.542685	0.532402	0.517418	0.500391	0.489457	0.476283	0.459994	0.448258	0.436931	0.424567	0.414765	0.413295	0.411472	0.405388	0.408083	0.409615	0.403442	0.405009	0.405736	0.408007	0.408889	0.408072	0.4057	0.405083	0.4123	0.423793	0.420273	0.42614	0.413686	0.404045	0.410553	0.432453	0.423197	0.447562	0.475484	0.498391	0.501463	0.490571	0.494686	0.526212	0.508729	0.520613	0.534306
104	0.453047	0.487468	0.394386	4.403284	-0.685309	0.145936	0.0211529	0.0211529	0.0211529	0.0211529	0.0211529	0.0211529	0.0211529	0.0207716	0.0203742	0.0199518	0.0194958	0.0190559	0.0186952	0.192598	0.28956	0.356354	0.40646	0.438473	0.461675	0.484144	0.498252	0.505321	0.503239	0.502958	0.508935	0.513455	0.524997	0.541093	0.567978	0.592877	0.601955	0.60408	0.607863	0.61471	0.60137	0.581867	0.572121	0.558658	0.541654	0.53465	0.530222	0.529063	0.52421	0.514712	0.50198	0.491557	0.47782	0.461801	0.449497	0.440397	0.435187	0.430777	0.429629	0.433099	0.442046	0.458495	0.477869	0.495964	0.510929	0.527389	0.540647	0.549605	0.549981	0.543452	0.534698	0.521527	0.50573	0.491728	0.476551	0.463875	0.447898	0.432765	0.427052	0.421123	0.416709	0.414029	0.409232	0.407157	0.405179	0.404973	0.4071	0.408765	0.409333	0.412964	0.414499	0.411197	0.400732	0.40907	0.416575	0.42064	0.428497	0.400771	0.399558	0.410609	0.414027	0.426227	0.448589	0.461722	0.475585	0.519192	0.530518	0.53146	0.528858	0.54068	0.52215	0.523975
105	0.450387	0.485672	0.390262	4.387056	-0.722802	0.195811	-0.0270302	-0.0270302	-0.0270302	-0.0270302	-0.0270302	-0.0270302	-0.0270302	-0.0274671	-0.0279087	-0.0283424	-0.0287553	-0.0292151	-0.0297748	0.165434	0.271312	0.336882	0.395071	0.437023	0.460295	0.482933	0.497321	0.503982	0.503449	0.504959	0.508615	0.511221	0.522784	0.540128	0.569334	0.593293	0.602136	0.614614	0.608342	0.597945	0.596003	0.577328	0.560068	0.551314	0.542723	0.536395	0.530992	0.526971	0.522768	0.516036	0.503044	0.489766	0.473879	0.45763	0.447344	0.438	0.433449	0.429856	0.428304	0.431843	0.442699	0.457907	0.477951	0.495665	0.511788	0.525871	0.538686	0.547514	0.547608	0.541332	0.532153	0.51869	0.504561	0.489056	0.473796	0.460183	0.447157	0.433607	0.423942	0.417709	0.415366	0.412888	0.405165	0.405242	0.404866	0.395224	0.400513	0.402764	0.400186	0.406206	0.404447	0.393454	0.401904	0.405569	0.39708	0.407097	0.412567	0.409141	0.401747	0.407867	0.417374	0.436581	0.452546	0.45835	0.465019	0.462906	0.48816	0.491862	0.517803	0.514861	0.518802	0.539927

106	0.457848	0.494817	0.394487	4.469661	-0.777579	0.258467	-0.0338894	-0.0338894	-0.0338894	-0.0338894	-0.0338894	-0.0338894	-0.0338894	-0.0343412	-0.0347963	-0.035239	-0.0356534	-0.0361239	-0.0367236	0.128751	0.252004	0.331212	0.399725	0.442112	0.468025	0.491964	0.506507	0.511942	0.514509	0.513006	0.514143	0.515705	0.525596	0.54812	0.577949	0.598349	0.611757	0.62541	0.623345	0.613037	0.603959	0.582088	0.572101	0.562789	0.550644	0.547588	0.545104	0.537964	0.530763	0.523319	0.514104	0.50003	0.484116	0.47064	0.45732	0.448708	0.440915	0.434692	0.43481	0.438986	0.451468	0.469339	0.488273	0.508237	0.524277	0.536704	0.548383	0.555907	0.557015	0.550468	0.540112	0.527768	0.512537	0.496584	0.47939	0.466827	0.456986	0.445451	0.431419	0.42338	0.421574	0.419263	0.413216	0.413342	0.41314	0.405566	0.406177	0.409192	0.41227	0.413267	0.407474	0.402826	0.401224	0.405021	0.400958	0.390805	0.388543	0.384484	0.401658	0.392099	0.388859	0.415797	0.445511	0.440599	0.45589	0.465618	0.485598	0.501637	0.50898	0.480569	0.540762	0.569449
107	0.462897	0.498398	0.405220	4.502008	-0.713123	0.111592	0.0850945	0.0850945	0.0850945	0.0850945	0.0850945	0.0850945	0.0850945	0.0847804	0.084435	0.0840206	0.0835001	0.0830792	0.0829724	0.208133	0.300376	0.356116	0.403138	0.445615	0.470062	0.491271	0.507662	0.513443	0.515712	0.518407	0.521881	0.521893	0.534469	0.553944	0.583574	0.614428	0.622389	0.622889	0.617793	0.619681	0.611907	0.592428	0.579354	0.571611	0.563182	0.551315	0.549202	0.541587	0.532873	0.523529	0.513779	0.5043	0.491502	0.474597	0.458928	0.448479	0.443326	0.440512	0.439548	0.44122	0.451657	0.468418	0.491759	0.512422	0.529473	0.540668	0.549056	0.558272	0.559137	0.553493	0.544462	0.529949	0.514277	0.500497	0.488442	0.474673	0.458389	0.445356	0.434897	0.429465	0.426324	0.419927	0.415916	0.416029	0.414114	0.407744	0.410726	0.415342	0.416051	0.414828	0.408548	0.406185	0.411698	0.417749	0.434157	0.435264	0.419497	0.418028	0.421693	0.428272	0.42934	0.444108	0.46682	0.484945	0.488336	0.487571	0.506631	0.56436	0.56081	0.532463	0.498666	0.518784
108	0.461353	0.497733	0.399490	4.496001	-0.749558	0.209432	-0.0242815	-0.0242815	-0.0242815	-0.0242815	-0.0242815	-0.0242815	-0.0242815	-0.0247251	-0.0251742	-0.0256177	-0.0260436	-0.0265132	-0.0270751	0.144814	0.292613	0.355693	0.402588	0.44485	0.469753	0.492769	0.510591	0.515007	0.517274	0.517887	0.519314	0.521244	0.531682	0.546376	0.579034	0.606306	0.625651	0.629929	0.623659	0.621356	0.611282	0.593042	0.5745	0.569285	0.559374	0.553273	0.54302	0.538462	0.53316	0.522215	0.513083	0.503566	0.487484	0.471999	0.459069	0.449997	0.444291	0.438538	0.437407	0.443603	0.454461	0.471099	0.489517	0.508925	0.526054	0.540825	0.551983	0.558539	0.558564	0.553905	0.546137	0.530908	0.51421	0.499327	0.486075	0.471878	0.45568	0.441726	0.434697	0.427051	0.423198	0.420531	0.414044	0.412518	0.414039	0.418231	0.41949	0.419273	0.415771	0.415866	0.413434	0.408407	0.412635	0.42323	0.415555	0.416915	0.418631	0.417144	0.412113	0.407046	0.414182	0.433317	0.458322	0.47658	0.491277	0.515908	0.508081	0.522949	0.563884	0.582886	0.570939	0.553125
109	0.460134	0.496011	0.399106	4.480452	-0.731777	0.189866	-0.0129132	-0.0129132	-0.0129132	-0.0129132	-0.0129132	-0.0129132	-0.0129132	-0.0133417	-0.0137785	-0.0142173	-0.0146515	-0.0151142	-0.0156255	0.16713	0.276256	0.350635	0.40727	0.442472	0.467863	0.491242	0.506281	0.512011	0.513321	0.516891	0.520821	0.522237	0.535022	0.549787	0.578817	0.608158	0.619262	0.62228	0.625286	0.622669	0.612573	0.590724	0.567764	0.561669	0.556739	0.545218	0.543855	0.538496	0.53076	0.523817	0.51245	0.499928	0.485367	0.470539	0.458989	0.446819	0.44113	0.43679	0.437979	0.442125	0.453235	0.468966	0.487181	0.505363	0.522324	0.537485	0.548634	0.55639	0.558207	0.554045	0.544051	0.530433	0.514641	0.499083	0.48407	0.467878	0.453913	0.445711	0.43678	0.426931	0.424009	0.421218	0.41263	0.413371	0.414068	0.412769	0.413172	0.411204	0.413859	0.415466	0.41775	0.408297	0.399228	0.409973	0.422197	0.405899	0.411362	0.407423	0.395678	0.407612	0.425746	0.434542	0.461998	0.485611	0.487209	0.477238	0.47483	0.474749	0.491994	0.483797	0.481525	0.553223
110	0.461189	0.497182	0.401135	4.491022	-0.734701	0.169788	0.0232645	0.0232645	0.0232645	0.0232645	0.0232645	0.0232645	0.0232645	0.0228779	0.0224745	0.0220444	0.021578	0.0211302	0.0207661	0.165258	0.267988	0.350581	0.405701	0.443071	0.46933	0.493367	0.510426	0.514559	0.514544	0.514528	0.520469	0.525585	0.538614	0.550528	0.575152	0.605565	0.62197	0.622914	0.626864	0.623387	0.615374	0.597217	0.579252	0.568391	0.557636	0.54999	0.54234	0.539394	0.534639	0.523887	0.511757	0.499236	0.483086	0.469971	0.458766	0.448807	0.44245	0.43781	0.436711	0.444068	0.454692	0.470069	0.48885	0.510103	0.525857	0.538542	0.550834	0.558878	0.559622	0.555123	0.545363	0.531131	0.515567	0.499502	0.485674	0.46874	0.453975	0.445261	0.437988	0.427176	0.422698	0.420433	0.412247	0.415645	0.413743	0.410584	0.409327	0.408625	0.410242	0.41579	0.420612	0.410842	0.401192	0.402712	0.407317	0.41567	0.409468	0.412882	0.403696	0.412494	0.436734	0.448155	0.460803	0.48722	0.479775	0.47243	0.517266	0.530112	0.514087	0.502533	0.543633	0.577497

111	0.473595	0.509780	0.413094	4.604826	-0.724292	0.140209	0.0527822	0.0527822	0.0527822	0.0527822	0.0527822	0.0527822	0.0527822	0.0524202	0.0520342	0.051601	0.051098	0.0506521	0.0504012	0.203461	0.311447	0.365979	0.413679	0.455351	0.479181	0.503189	0.522095	0.525097	0.525245	0.52543	0.530544	0.533269	0.55037	0.566341	0.599223	0.6287	0.642504	0.638382	0.631899	0.630693	0.62002	0.604517	0.598195	0.585177	0.573006	0.567536	0.563453	0.552797	0.542804	0.535414	0.524806	0.513811	0.502938	0.485575	0.470583	0.460981	0.453414	0.447356	0.446912	0.453073	0.465896	0.480417	0.498477	0.519668	0.538671	0.552364	0.563975	0.571135	0.572785	0.567047	0.55817	0.54546	0.526551	0.506778	0.493928	0.482875	0.471485	0.457387	0.450075	0.44204	0.434115	0.43274	0.429026	0.429079	0.425927	0.42051	0.423127	0.426646	0.427384	0.425785	0.425597	0.425991	0.426054	0.426784	0.436483	0.446213	0.443733	0.433572	0.430387	0.444175	0.46144	0.477322	0.478484	0.503002	0.509831	0.516039	0.534226	0.529174	0.554948	0.564283	0.605343	0.631305
112	0.470505	0.507003	0.411016	4.579737	-0.740912	0.136177	0.0959263	0.0959263	0.0959263	0.0959263	0.0959263	0.0959263	0.0959263	0.0956185	0.0952766	0.0948581	0.094321	0.0938975	0.0938257	0.191324	0.279527	0.349571	0.406866	0.452268	0.478617	0.500912	0.517625	0.520942	0.521831	0.523503	0.525844	0.530745	0.543617	0.560937	0.592523	0.624983	0.639103	0.639191	0.642433	0.635728	0.619259	0.602955	0.591304	0.577057	0.565613	0.561087	0.556773	0.552769	0.547221	0.535777	0.522837	0.509059	0.497186	0.482732	0.467045	0.455545	0.449493	0.445404	0.445955	0.45238	0.464285	0.478637	0.495893	0.51715	0.537852	0.551179	0.561418	0.568429	0.568582	0.565006	0.557606	0.542552	0.524186	0.508305	0.494876	0.481051	0.468543	0.4542	0.443003	0.434692	0.427302	0.424809	0.421592	0.423821	0.424137	0.420232	0.418127	0.415898	0.415521	0.418899	0.416155	0.407939	0.416521	0.428067	0.432332	0.444287	0.426816	0.390331	0.395159	0.420095	0.426021	0.445881	0.483974	0.500128	0.490168	0.486506	0.50887	0.525171	0.525254	0.50674	0.536265	0.52151
113	0.472323	0.509025	0.410423	4.598008	-0.746260	0.178892	0.00539859	0.00539859	0.00539859	0.00539859	0.00539859	0.00539859	0.00539859	0.0049808	0.00455015	0.00410473	0.00364304	0.00317639	0.0027286	0.1755	0.289905	0.36968	0.419109	0.457633	0.480234	0.503704	0.519519	0.524253	0.528931	0.532318	0.534222	0.533407	0.545978	0.562008	0.59188	0.615678	0.633289	0.643112	0.643723	0.63628	0.625537	0.602768	0.589972	0.576019	0.568745	0.566562	0.561172	0.555648	0.547138	0.532791	0.525167	0.512976	0.499943	0.483953	0.468395	0.458583	0.452877	0.448843	0.448364	0.45372	0.465092	0.479858	0.499552	0.518111	0.536436	0.554012	0.565685	0.570408	0.571566	0.565952	0.554903	0.541512	0.525778	0.509916	0.497529	0.484548	0.472589	0.459156	0.448611	0.436036	0.432855	0.428967	0.422738	0.426659	0.428907	0.423147	0.421926	0.418928	0.417896	0.423817	0.418228	0.42318	0.426762	0.429046	0.427868	0.426638	0.416838	0.40557	0.418813	0.437179	0.460778	0.480891	0.498602	0.503372	0.498795	0.501228	0.504722	0.524803	0.507947	0.49707	0.511717	0.546307
114	0.471176	0.507166	0.413137	4.581208	-0.720151	0.098677	0.111656	0.111656	0.111656	0.111656	0.111656	0.111656	0.111656	0.111366	0.111038	0.110623	0.110072	0.109655	0.109647	0.187149	0.276989	0.358123	0.418561	0.456332	0.474604	0.499151	0.517816	0.522874	0.526083	0.527783	0.53007	0.53135	0.54514	0.565212	0.599554	0.623664	0.635161	0.641558	0.640851	0.636368	0.624725	0.606557	0.589588	0.575336	0.570206	0.562068	0.555972	0.549352	0.540736	0.531686	0.52177	0.509998	0.498351	0.486311	0.469895	0.456962	0.448991	0.445022	0.445624	0.451342	0.462647	0.479359	0.497811	0.517751	0.536313	0.550859	0.561702	0.569669	0.570987	0.564996	0.554648	0.539995	0.523871	0.511074	0.499231	0.480726	0.465425	0.452939	0.443982	0.436688	0.432254	0.428588	0.421107	0.421619	0.418108	0.415772	0.420377	0.419755	0.423254	0.425902	0.419279	0.413812	0.412485	0.426623	0.438831	0.439071	0.416597	0.401157	0.405745	0.426239	0.449612	0.457936	0.45339	0.458119	0.465607	0.475786	0.479827	0.49754	0.51501	0.514266	0.510432	0.530614
115	0.469512	0.505947	0.410209	4.570199	-0.739894	0.134981	0.0423326	0.0423326	0.0423326	0.0423326	0.0423326	0.0423326	0.0423326	0.041961	0.041568	0.041135	0.040644	0.0401966	0.0399049	0.192423	0.293202	0.364343	0.41898	0.458109	0.47861	0.50201	0.518401	0.524056	0.525053	0.529086	0.531077	0.531666	0.540703	0.559273	0.587415	0.617769	0.63074	0.635277	0.636768	0.630124	0.61908	0.599408	0.58778	0.576493	0.570349	0.56532	0.559664	0.548832	0.540158	0.529348	0.518498	0.508868	0.497936	0.481376	0.467325	0.457209	0.448937	0.444548	0.445286	0.450161	0.461961	0.478768	0.497543	0.51731	0.535743	0.551098	0.560321	0.568613	0.570838	0.567624	0.557442	0.541032	0.520427	0.504604	0.492716	0.477644	0.465741	0.45205	0.441186	0.432838	0.427839	0.429247	0.421278	0.418558	0.416219	0.415277	0.415657	0.411794	0.413919	0.424069	0.422495	0.421738	0.42172	0.433064	0.433176	0.420377	0.413533	0.403255	0.407954	0.417379	0.43298	0.440512	0.44401	0.488785	0.50932	0.496964	0.480773	0.495416	0.4864	0.514341	0.523218	0.542831

116	0.478701	0.516352	0.415607	4.664185	-0.773950	0.195111	0.0133778	0.0133778	0.0133778	0.0133778	0.0133778	0.0133778	0.0133778	0.0129636	0.0125345	0.012085	0.01161	0.0111402	0.0107179	0.172804	0.273804	0.341413	0.41224	0.465955	0.487936	0.51142	0.529729	0.533349	0.536801	0.538498	0.540287	0.551416	0.558973	0.570196	0.594871	0.625767	0.64929	0.654977	0.651173	0.640881	0.630957	0.608999	0.597656	0.583732	0.577244	0.575377	0.572151	0.565692	0.551759	0.539343	0.530665	0.520372	0.508427	0.490445	0.476678	0.46927	0.463246	0.455029	0.453643	0.459924	0.471737	0.48739	0.504923	0.524212	0.543701	0.559946	0.570995	0.57808	0.581258	0.578622	0.568785	0.551394	0.533232	0.516007	0.503828	0.490763	0.474408	0.461434	0.454287	0.447477	0.442139	0.436204	0.432651	0.431258	0.429143	0.421989	0.425495	0.426963	0.421113	0.417925	0.419658	0.417814	0.420804	0.43233	0.445191	0.441422	0.430906	0.413331	0.404558	0.431202	0.450805	0.455575	0.468913	0.494924	0.509811	0.515748	0.509847	0.503467	0.512492	0.531404	0.532394	0.556123
117	0.478231	0.516218	0.415700	4.662979	-0.787731	0.191276	-0.0334714	-0.0334714	-0.0334714	-0.0334714	-0.0334714	-0.0334714	-0.0334714	-0.0339417	-0.034416	-0.0348786	-0.0353138	-0.035805	-0.0364209	0.164483	0.286998	0.367352	0.426032	0.464815	0.488083	0.511946	0.529511	0.532483	0.534476	0.540071	0.54338	0.547976	0.56411	0.578228	0.605822	0.627046	0.640068	0.646328	0.644517	0.647297	0.63239	0.612868	0.605214	0.594637	0.578968	0.571464	0.569665	0.564523	0.556556	0.544511	0.532961	0.520036	0.507806	0.489957	0.475348	0.466851	0.458552	0.453884	0.453615	0.460068	0.472846	0.486396	0.503321	0.524745	0.54602	0.560017	0.569642	0.578334	0.581716	0.577232	0.564931	0.549875	0.534988	0.517818	0.501503	0.485805	0.472937	0.45969	0.450421	0.441858	0.436908	0.43754	0.436315	0.433745	0.430297	0.42551	0.43077	0.434722	0.427216	0.428141	0.426067	0.423062	0.423233	0.428854	0.434747	0.430901	0.426753	0.412865	0.410553	0.42733	0.439391	0.444793	0.461417	0.49996	0.523167	0.50881	0.513167	0.523468	0.503655	0.497809	0.499012	0.548082
118	0.477960	0.515372	0.415035	4.655337	-0.765734	0.190657	0.0638294	0.0638294	0.0638294	0.0638294	0.0638294	0.0638294	0.0638294	0.0634768	0.0630976	0.0626635	0.0621469	0.0617016	0.0614886	0.173878	0.278355	0.348292	0.412987	0.460404	0.485939	0.510655	0.527708	0.527731	0.531386	0.53672	0.540802	0.540508	0.553052	0.571643	0.59604	0.625414	0.635705	0.639254	0.638014	0.636527	0.624275	0.606245	0.59365	0.586668	0.579836	0.569376	0.567532	0.561289	0.550728	0.540716	0.535196	0.522229	0.507579	0.492152	0.477086	0.466822	0.458528	0.453706	0.453674	0.458261	0.470543	0.487461	0.505551	0.526258	0.543939	0.558493	0.571003	0.579868	0.58116	0.576814	0.568105	0.552632	0.532531	0.514391	0.500175	0.487597	0.473008	0.457347	0.449669	0.44484	0.44237	0.440777	0.431792	0.431809	0.431202	0.422645	0.427349	0.428693	0.421338	0.415998	0.412535	0.410871	0.420261	0.429033	0.429451	0.421245	0.408472	0.414194	0.440152	0.438385	0.436755	0.436707	0.440809	0.454083	0.486055	0.493587	0.469503	0.469924	0.479229	0.46857	0.468173	0.49185
119	0.478551	0.516774	0.416814	4.668000	-0.796448	0.178893	-0.0069771	-0.0069771	-0.0069771	-0.0069771	-0.0069771	-0.0069771	-0.0069771	-0.00741626	-0.00786556	-0.00832137	-0.00877965	-0.00925932	-0.0097647	0.185341	0.291683	0.355664	0.422553	0.463076	0.488225	0.51271	0.530864	0.535024	0.536688	0.538263	0.54465	0.546001	0.554621	0.572301	0.603154	0.638369	0.646537	0.654002	0.652982	0.648581	0.630357	0.610703	0.59885	0.584902	0.577786	0.572638	0.573086	0.565656	0.553943	0.54127	0.534863	0.524447	0.508246	0.49082	0.477551	0.468023	0.460096	0.456439	0.455877	0.460574	0.474005	0.488439	0.50474	0.524591	0.544766	0.560745	0.572323	0.580488	0.580955	0.576711	0.568353	0.55227	0.533396	0.516312	0.50204	0.485173	0.471784	0.460849	0.451719	0.444327	0.437433	0.434332	0.429603	0.428036	0.428148	0.422437	0.422071	0.424038	0.426912	0.434746	0.429381	0.425574	0.429523	0.435006	0.436399	0.424714	0.409706	0.407398	0.421879	0.439366	0.438479	0.456626	0.482021	0.497277	0.516461	0.504914	0.477625	0.51024	0.536772	0.542924	0.53364	0.537597
120	0.481587	0.518901	0.423303	4.687214	-0.756697	0.089521	0.0652749	0.0652749	0.0652749	0.0652749	0.0652749	0.0652749	0.0652749	0.0649194	0.0645368	0.0640983	0.0635757	0.0631262	0.0629196	0.226527	0.320835	0.369564	0.43055	0.469663	0.491727	0.512559	0.529203	0.533509	0.535422	0.540019	0.545751	0.553344	0.560882	0.574014	0.605614	0.632703	0.653837	0.667616	0.664558	0.651214	0.637504	0.618542	0.604268	0.590357	0.585087	0.577947	0.5704	0.563832	0.556273	0.544369	0.534934	0.526462	0.51245	0.494785	0.480847	0.470068	0.459179	0.454737	0.456666	0.463238	0.472887	0.488312	0.508093	0.527379	0.546036	0.561541	0.575153	0.584894	0.584873	0.577344	0.56588	0.551117	0.532303	0.514784	0.501029	0.488937	0.477932	0.465009	0.455415	0.449494	0.44292	0.438507	0.428377	0.431093	0.435216	0.431529	0.431437	0.426829	0.427537	0.435779	0.441287	0.434606	0.427218	0.433059	0.435101	0.429177	0.429162	0.435924	0.437377	0.447637	0.451297	0.456827	0.486173	0.485894	0.489736	0.494663	0.522446	0.565643	0.528929	0.514739	0.528305	0.566585

121	0.489766	0.528428	0.431227	4.773270	-0.797362	0.088285	0.0711718	0.0711718	0.0711718	0.0711718	0.0711718	0.0711718	0.0711718	0.070815	0.0704295	0.0699838	0.069447	0.0689909	0.0687978	0.217414	0.301065	0.370779	0.43059	0.476468	0.502884	0.525605	0.540818	0.547002	0.549852	0.554171	0.557599	0.557594	0.570108	0.59625	0.622114	0.646916	0.662167	0.672203	0.668694	0.661468	0.652077	0.634486	0.620166	0.602378	0.592507	0.587881	0.587549	0.582888	0.571281	0.557877	0.550532	0.537445	0.522144	0.503106	0.488893	0.478987	0.469497	0.466008	0.464039	0.468918	0.481369	0.495275	0.510267	0.53247	0.553565	0.570165	0.584988	0.593028	0.593298	0.588129	0.576992	0.563044	0.544733	0.52675	0.510748	0.498272	0.487221	0.472221	0.459302	0.451656	0.44859	0.444108	0.441748	0.440142	0.442452	0.438284	0.436776	0.43709	0.436777	0.437928	0.434219	0.433856	0.441206	0.456098	0.452976	0.421714	0.419303	0.430774	0.444895	0.464119	0.47672	0.496213	0.509843	0.477519	0.496379	0.512458	0.52975	0.54311	0.546697	0.541671	0.543298	0.545874
122	0.489319	0.527896	0.427105	4.768469	-0.794706	0.157837	0.0324547	0.0324547	0.0324547	0.0324547	0.0324547	0.0324547	0.0324547	0.032053	0.0316316	0.0311765	0.0306742	0.0302017	0.0298477	0.187562	0.293153	0.363732	0.427259	0.473673	0.50354	0.52645	0.543302	0.547369	0.547994	0.55049	0.555181	0.557231	0.567105	0.586945	0.620831	0.641381	0.657302	0.659897	0.659333	0.65675	0.646561	0.626802	0.616822	0.60833	0.599107	0.590403	0.581673	0.57185	0.565002	0.557075	0.546206	0.534862	0.521887	0.504672	0.490743	0.476991	0.468002	0.465199	0.465252	0.471702	0.482218	0.495478	0.511773	0.533475	0.554559	0.572063	0.582871	0.590122	0.592181	0.58977	0.580269	0.561046	0.542417	0.526772	0.514936	0.500527	0.486781	0.47451	0.464456	0.45623	0.451053	0.448691	0.439788	0.440149	0.443334	0.435668	0.437407	0.441347	0.434366	0.433342	0.428001	0.423255	0.4272	0.43159	0.438441	0.418565	0.413505	0.426269	0.424101	0.428633	0.463724	0.477129	0.486305	0.512248	0.535081	0.533	0.532299	0.55724	0.527623	0.52805	0.53492	0.508993
123	0.488030	0.526407	0.425167	4.755019	-0.788776	0.171222	0.0329397	0.0329397	0.0329397	0.0329397	0.0329397	0.0329397	0.0329397	0.0325402	0.0321209	0.0316676	0.0311665	0.030696	0.030344	0.171571	0.271344	0.359824	0.425997	0.470778	0.499864	0.520992	0.5392	0.545893	0.54849	0.550315	0.554595	0.555819	0.568337	0.587999	0.614674	0.642398	0.656865	0.671481	0.66299	0.649758	0.637539	0.61758	0.608882	0.598831	0.596881	0.590705	0.587011	0.577168	0.564237	0.551072	0.542767	0.529114	0.515145	0.501142	0.486922	0.475885	0.467851	0.465384	0.46707	0.471129	0.478725	0.493303	0.511425	0.531186	0.553389	0.570967	0.58282	0.591439	0.595082	0.587993	0.578422	0.562376	0.54351	0.528331	0.515101	0.501139	0.487002	0.471058	0.461559	0.455386	0.447691	0.446791	0.439822	0.435857	0.433811	0.427926	0.436172	0.434692	0.42617	0.430518	0.42417	0.420784	0.429782	0.440613	0.445253	0.432335	0.419337	0.416975	0.424036	0.44798	0.446541	0.463326	0.489643	0.509554	0.501133	0.483884	0.487394	0.499573	0.490403	0.507133	0.532399	0.553384
124	0.492334	0.529712	0.433423	4.784870	-0.743633	0.066826	0.106164	0.106164	0.106164	0.106164	0.106164	0.106164	0.106164	0.105848	0.105495	0.105059	0.104491	0.10405	0.104004	0.24858	0.317485	0.389736	0.438909	0.474347	0.499962	0.523412	0.540696	0.544832	0.547516	0.549223	0.557005	0.561195	0.57604	0.593503	0.616386	0.639316	0.661466	0.675792	0.677208	0.667754	0.649975	0.630014	0.617514	0.601122	0.593427	0.588342	0.5818	0.578414	0.571157	0.558542	0.547189	0.537087	0.523169	0.505949	0.490029	0.478198	0.469943	0.467746	0.468608	0.472417	0.480054	0.494262	0.510982	0.531846	0.554178	0.574598	0.590066	0.596047	0.595638	0.592386	0.5791	0.562949	0.545248	0.529307	0.516992	0.503572	0.489916	0.476576	0.466129	0.457735	0.45303	0.450126	0.443552	0.441022	0.44088	0.435591	0.440558	0.438193	0.433741	0.438871	0.438957	0.431412	0.440908	0.452015	0.448718	0.437344	0.443356	0.449793	0.441504	0.44557	0.468504	0.489095	0.52204	0.539827	0.524332	0.519624	0.523624	0.556902	0.549847	0.508053	0.541578	0.566691
125	0.490751	0.529402	0.427290	4.782067	-0.795494	0.177788	0.00835164	0.00835164	0.00835164	0.00835164	0.00835164	0.00835164	0.00835164	0.00792012	0.00747458	0.00701178	0.00652893	0.00604447	0.00559107	0.196886	0.291499	0.369471	0.431154	0.476563	0.500008	0.524118	0.541184	0.548204	0.552731	0.55371	0.554955	0.556367	0.567951	0.58825	0.615556	0.643692	0.657413	0.6687	0.672442	0.658755	0.652952	0.631173	0.619153	0.608497	0.593406	0.587872	0.586169	0.579573	0.570677	0.556135	0.54576	0.539015	0.522146	0.50239	0.488768	0.478913	0.470161	0.466666	0.466072	0.470986	0.481232	0.495418	0.514399	0.535081	0.553923	0.572669	0.587462	0.595033	0.59655	0.592023	0.578853	0.5648	0.549102	0.530811	0.513063	0.50102	0.489412	0.473602	0.46043	0.454433	0.4506	0.445773	0.441184	0.440188	0.440706	0.439281	0.441266	0.444112	0.44497	0.443432	0.434191	0.438676	0.446933	0.452969	0.452899	0.446445	0.440284	0.422962	0.437693	0.467366	0.478266	0.49588	0.491646	0.510633	0.507933	0.52129	0.532344	0.535892	0.536811	0.543554	0.526354	0.510623

126	0.497055	0.536732	0.432309	4.848279	-0.826323	0.197180	-0.027579	-0.027579	-0.027579	-0.027579	-0.027579	-0.027579	-0.027579	-0.0280596	-0.0285459	-0.0290251	-0.0294838	-0.0299914	-0.0306003	0.189054	0.315608	0.383758	0.443581	0.484763	0.516162	0.536137	0.547881	0.556301	0.561006	0.560457	0.565394	0.566041	0.573858	0.589256	0.617178	0.6442	0.668072	0.677995	0.672336	0.665353	0.652914	0.633588	0.621572	0.609968	0.608872	0.605119	0.601001	0.589777	0.577193	0.563009	0.555316	0.543741	0.530396	0.515435	0.499257	0.486938	0.478722	0.475119	0.473591	0.477494	0.483868	0.498599	0.51813	0.539171	0.559281	0.578437	0.596053	0.606631	0.605379	0.602581	0.594398	0.574769	0.552364	0.53395	0.521067	0.510431	0.496144	0.482041	0.467794	0.459303	0.456292	0.455918	0.444161	0.440168	0.447238	0.44276	0.441038	0.439971	0.439524	0.444724	0.438767	0.436324	0.445729	0.452713	0.449294	0.445442	0.454678	0.447355	0.433646	0.441931	0.474966	0.500933	0.497623	0.517505	0.532135	0.527012	0.508896	0.492811	0.51893	0.553688	0.540668	0.526604
127	0.495348	0.535709	0.429869	4.839037	-0.855416	0.227312	-0.054844	-0.054844	-0.054844	-0.054844	-0.054844	-0.054844	-0.054844	-0.0553561	-0.0558674	-0.0563531	-0.0567876	-0.0573066	-0.0580279	0.179182	0.271965	0.353702	0.429835	0.47997	0.509924	0.533745	0.549182	0.558225	0.563445	0.561615	0.565176	0.56497	0.574529	0.594832	0.622519	0.65257	0.669916	0.683672	0.690525	0.678831	0.65574	0.630082	0.61715	0.608189	0.603562	0.596753	0.596973	0.591578	0.575717	0.560938	0.552468	0.547647	0.531665	0.512655	0.498584	0.483488	0.477314	0.474392	0.472939	0.476652	0.4839	0.497257	0.517586	0.54049	0.559899	0.578451	0.594227	0.604566	0.603065	0.597389	0.589049	0.572537	0.552656	0.535236	0.519341	0.503132	0.492066	0.482674	0.469371	0.462636	0.45622	0.449782	0.445399	0.446149	0.447467	0.44094	0.436897	0.43823	0.437418	0.449371	0.444091	0.432691	0.442156	0.446903	0.435588	0.43038	0.422713	0.434677	0.455051	0.451339	0.461383	0.484098	0.491022	0.494478	0.500762	0.513117	0.505625	0.525232	0.536658	0.538319	0.549194	0.547531
128	0.497457	0.538273	0.432532	4.862199	-0.870107	0.216965	-0.0445115	-0.0445115	-0.0445115	-0.0445115	-0.0445115	-0.0445115	-0.0445115	-0.0450134	-0.0455171	-0.0460023	-0.0464479	-0.0469647	-0.0476481	0.157987	0.28529	0.363553	0.430801	0.478362	0.509834	0.535752	0.550256	0.559613	0.563857	0.559991	0.565347	0.5759	0.588973	0.600675	0.630303	0.657524	0.674386	0.685215	0.688795	0.666433	0.65658	0.643395	0.626274	0.61185	0.604152	0.598312	0.597996	0.593739	0.583483	0.571126	0.560082	0.546987	0.528349	0.511642	0.499731	0.487838	0.481233	0.478322	0.478609	0.479762	0.487169	0.501306	0.521817	0.540492	0.559834	0.581275	0.597783	0.603511	0.604679	0.601241	0.59215	0.575506	0.551332	0.532861	0.52089	0.507183	0.494709	0.482726	0.471166	0.463268	0.453078	0.451323	0.449388	0.444452	0.446207	0.44858	0.44145	0.438754	0.441745	0.447199	0.453346	0.439296	0.441696	0.45816	0.454367	0.442105	0.449455	0.4494	0.434799	0.469759	0.487686	0.489114	0.504633	0.502671	0.501701	0.520588	0.514119	0.511544	0.524463	0.506397	0.531766	0.561003
129	0.503668	0.542159	0.444298	4.897305	-0.770616	0.055365	0.11252	0.11252	0.11252	0.11252	0.11252	0.11252	0.11252	0.112201	0.111843	0.111396	0.110811	0.110361	0.110328	0.250681	0.322269	0.382267	0.441157	0.49112	0.518139	0.538458	0.551885	0.558696	0.563211	0.564227	0.572805	0.579499	0.589707	0.600524	0.626832	0.66418	0.676913	0.689397	0.690641	0.684656	0.665686	0.654516	0.644788	0.630399	0.611628	0.603189	0.600716	0.596016	0.583176	0.567746	0.55734	0.550066	0.533498	0.516323	0.50194	0.490599	0.485231	0.482284	0.480587	0.482633	0.489933	0.503333	0.519006	0.539341	0.563041	0.583163	0.602026	0.609487	0.607918	0.605939	0.595024	0.577547	0.558799	0.542488	0.526819	0.513262	0.499678	0.487597	0.475415	0.467994	0.458293	0.459116	0.460107	0.454138	0.456624	0.44726	0.444854	0.446156	0.445404	0.456885	0.459874	0.451463	0.462498	0.476212	0.47513	0.463073	0.453651	0.43972	0.464846	0.476688	0.482256	0.521435	0.568681	0.585836	0.569087	0.553743	0.562757	0.573753	0.570404	0.556455	0.589647	0.641751
130	0.502121	0.540850	0.442714	4.885482	-0.782097	0.064871	0.0737991	0.0737991	0.0737991	0.0737991	0.0737991	0.0737991	0.0737991	0.0734345	0.0730401	0.0725836	0.0720327	0.0715657	0.0713714	0.222779	0.312369	0.394288	0.447626	0.487795	0.518446	0.538943	0.552453	0.562422	0.565819	0.563482	0.569232	0.57415	0.589163	0.612523	0.6346	0.658392	0.680919	0.686378	0.683209	0.678381	0.662901	0.650816	0.642115	0.621333	0.611244	0.609846	0.603539	0.593048	0.578582	0.566309	0.558764	0.550324	0.534645	0.513924	0.499517	0.488758	0.481083	0.477953	0.476042	0.480127	0.487369	0.501961	0.522684	0.545187	0.562606	0.581149	0.600446	0.609635	0.60942	0.604726	0.595264	0.576234	0.55526	0.539874	0.525569	0.512625	0.499536	0.48586	0.472614	0.463022	0.460179	0.454675	0.450986	0.449597	0.454165	0.448518	0.446459	0.446371	0.449971	0.455624	0.454475	0.449181	0.440726	0.451394	0.459805	0.463238	0.475354	0.468254	0.471842	0.48137	0.478504	0.481308	0.494618	0.52596	0.550101	0.594906	0.602371	0.611875	0.644271	0.617421	0.602042	0.55723

131	0.506815	0.546902	0.443768	4.940150	-0.828188	0.139233	0.0141382	0.0141382	0.0141382	0.0141382	0.0141382	0.0141382	0.0141382	0.0136978	0.0132416	0.0127638	0.0122589	0.0117595	0.0113091	0.171224	0.287271	0.373232	0.450899	0.499047	0.526886	0.545105	0.558786	0.569263	0.573976	0.571113	0.578028	0.584416	0.599435	0.608355	0.629703	0.665499	0.694386	0.703519	0.698541	0.692876	0.674581	0.653582	0.636624	0.624022	0.622749	0.612905	0.607659	0.600193	0.588885	0.575245	0.564447	0.555272	0.541922	0.523931	0.507495	0.494163	0.485998	0.483849	0.483291	0.483417	0.489766	0.507056	0.527276	0.548632	0.567634	0.588997	0.605965	0.617025	0.61651	0.611198	0.601367	0.584839	0.565303	0.54673	0.530978	0.519577	0.5038	0.489006	0.47883	0.470273	0.463367	0.460249	0.458787	0.455868	0.460828	0.456622	0.450825	0.451045	0.448545	0.450313	0.449484	0.444493	0.448057	0.454388	0.463483	0.467162	0.461651	0.45339	0.46438	0.474993	0.491984	0.520439	0.53311	0.539094	0.54006	0.551882	0.567021	0.56732	0.530888	0.536446	0.591896	0.609042
132	0.509382	0.549562	0.445269	4.964174	-0.828109	0.152326	-0.0139972	-0.0139972	-0.0139972	-0.0139972	-0.0139972	-0.0139972	-0.0139972	-0.0144729	-0.0149578	-0.0154451	-0.0159276	-0.0164415	-0.0170055	0.208771	0.321435	0.395306	0.454592	0.496114	0.523663	0.544798	0.561301	0.568991	0.571209	0.571229	0.579807	0.584622	0.594281	0.615023	0.639538	0.667761	0.69163	0.703175	0.703944	0.691979	0.673497	0.655917	0.649803	0.635106	0.620233	0.614144	0.611652	0.601528	0.589674	0.579758	0.56963	0.559656	0.540292	0.525678	0.51106	0.498046	0.489955	0.485729	0.481826	0.482705	0.491877	0.508609	0.532335	0.554557	0.571519	0.591044	0.609998	0.618155	0.616846	0.611613	0.605151	0.589441	0.567763	0.54765	0.531336	0.520634	0.510468	0.498665	0.48231	0.472318	0.470948	0.469672	0.459614	0.455884	0.457426	0.451626	0.453684	0.449033	0.448927	0.45311	0.448874	0.453099	0.466076	0.472069	0.47634	0.458978	0.461163	0.465499	0.46753	0.483479	0.50867	0.512911	0.500424	0.527513	0.526737	0.538526	0.578708	0.513835	0.528412	0.589279	0.629313	0.615058
133	0.510366	0.549968	0.447729	4.967842	-0.804186	0.112190	0.0323071	0.0323071	0.0323071	0.0323071	0.0323071	0.0323071	0.0323071	0.0318858	0.0314442	0.0309687	0.0304455	0.0299516	0.0295784	0.222708	0.319549	0.384627	0.455768	0.5047	0.529111	0.547549	0.562348	0.569925	0.573677	0.570404	0.574927	0.580034	0.598891	0.621333	0.646611	0.672592	0.685931	0.694148	0.701514	0.687282	0.669311	0.656416	0.646979	0.635789	0.626507	0.623508	0.614668	0.604794	0.58985	0.576637	0.565403	0.556571	0.544847	0.52613	0.50973	0.498886	0.491314	0.484773	0.484093	0.486503	0.494481	0.509946	0.528388	0.551057	0.570363	0.588734	0.606474	0.618246	0.620355	0.616051	0.60769	0.588038	0.568029	0.551305	0.532677	0.522491	0.509328	0.491658	0.483101	0.475014	0.467837	0.463231	0.457468	0.45646	0.463871	0.459622	0.457617	0.458382	0.462961	0.461526	0.452841	0.454812	0.464778	0.461623	0.468535	0.474513	0.457419	0.455759	0.472014	0.493945	0.505908	0.515142	0.535271	0.569607	0.597306	0.588453	0.588948	0.604062	0.608901	0.608086	0.61398	0.611413
134	0.509257	0.548993	0.446799	4.959031	-0.810993	0.114558	0.0547948	0.0547948	0.0547948	0.0547948	0.0547948	0.0547948	0.0547948	0.054401	0.0539817	0.0535131	0.0529714	0.0524884	0.0522043	0.184744	0.301517	0.386466	0.448654	0.494267	0.525523	0.549606	0.563523	0.570166	0.576625	0.576753	0.583376	0.586376	0.595095	0.612456	0.634633	0.662323	0.683267	0.702199	0.698239	0.684762	0.668508	0.651974	0.643358	0.633746	0.622461	0.618429	0.610437	0.603221	0.589531	0.577958	0.567315	0.557786	0.541624	0.523844	0.507992	0.498236	0.491067	0.484563	0.481216	0.484327	0.495265	0.512922	0.531532	0.551482	0.570286	0.58985	0.607659	0.616712	0.618935	0.613959	0.607116	0.586973	0.564588	0.547065	0.534111	0.522259	0.50761	0.49286	0.480578	0.472187	0.466261	0.464918	0.459583	0.450309	0.45585	0.451293	0.447913	0.449797	0.450497	0.458141	0.465367	0.462198	0.460309	0.462429	0.47459	0.470404	0.456723	0.450219	0.481324	0.492332	0.484333	0.521196	0.554434	0.544344	0.556119	0.567086	0.605432	0.606824	0.616377	0.607561	0.548149	0.594522
135	0.506316	0.546443	0.440367	4.936003	-0.830472	0.196293	-0.0210585	-0.0210585	-0.0210585	-0.0210585	-0.0210585	-0.0210585	-0.0210585	-0.0215397	-0.0220283	-0.0225146	-0.022988	-0.023502	-0.0240956	0.172899	0.29644	0.379655	0.442531	0.491636	0.525955	0.546585	0.560204	0.567636	0.570694	0.572613	0.578174	0.583715	0.594818	0.609449	0.631727	0.654766	0.668937	0.690449	0.696615	0.679746	0.658911	0.64034	0.633162	0.622091	0.617787	0.613029	0.610239	0.601782	0.588799	0.577282	0.564394	0.553794	0.538946	0.523473	0.508314	0.496493	0.489887	0.484951	0.483029	0.484475	0.490917	0.505251	0.527406	0.54918	0.568929	0.585908	0.604129	0.615239	0.616383	0.614131	0.605243	0.58605	0.56356	0.543823	0.528797	0.51722	0.503876	0.493206	0.482457	0.472356	0.466939	0.461811	0.459703	0.454252	0.455459	0.447235	0.446299	0.448402	0.44768	0.450297	0.451007	0.448934	0.452975	0.466682	0.473512	0.472069	0.454404	0.446762	0.446414	0.460663	0.477721	0.488937	0.518017	0.531605	0.541806	0.520704	0.522326	0.516096	0.550168	0.542095	0.528201	0.557283

136	0.519547	0.559163	0.460407	5.050897	-0.791448	0.016042	0.0956819	0.0956819	0.0956819	0.0956819	0.0956819	0.0956819	0.0956819	0.0953271	0.094937	0.0944694	0.0938824	0.0934074	0.0932872	0.249315	0.34522	0.403907	0.461784	0.502598	0.535618	0.558352	0.575945	0.5842	0.587672	0.584755	0.595889	0.602672	0.611253	0.635801	0.652352	0.676489	0.695865	0.7162	0.714581	0.697414	0.679952	0.670097	0.662919	0.651664	0.636167	0.631522	0.625733	0.612715	0.600196	0.591755	0.579721	0.565929	0.551679	0.535505	0.517493	0.510001	0.501579	0.491812	0.487463	0.490195	0.501038	0.518315	0.539957	0.563263	0.581694	0.597519	0.612181	0.627678	0.629234	0.622332	0.613645	0.597599	0.579836	0.558803	0.542059	0.532407	0.518841	0.504272	0.4916	0.481268	0.476113	0.475462	0.471675	0.459743	0.457992	0.45767	0.460093	0.466076	0.46973	0.471576	0.466215	0.457409	0.460845	0.481094	0.491584	0.484227	0.489975	0.484086	0.484655	0.50791	0.519032	0.526885	0.547709	0.57425	0.582583	0.605216	0.616352	0.57901	0.567994	0.586563	0.611154	0.644675
137	0.515178	0.557097	0.448967	5.032234	-0.887437	0.199840	-0.029788	-0.029788	-0.029788	-0.029788	-0.029788	-0.029788	-0.029788	-0.0302885	-0.0307946	-0.0312926	-0.0317681	-0.0322958	-0.0329324	0.202919	0.2945	0.375426	0.45755	0.504719	0.531275	0.552993	0.568792	0.576617	0.582299	0.581109	0.587848	0.590908	0.602716	0.622717	0.64417	0.675682	0.694346	0.703967	0.706687	0.702822	0.684021	0.667002	0.655312	0.641299	0.632438	0.632389	0.627107	0.61252	0.596378	0.586984	0.579099	0.568684	0.552502	0.534137	0.515487	0.503328	0.499725	0.495674	0.491057	0.490067	0.498479	0.518237	0.540124	0.560951	0.577042	0.592893	0.613337	0.625523	0.625247	0.622293	0.612531	0.595239	0.573333	0.553409	0.537554	0.527573	0.513137	0.497966	0.488088	0.484125	0.474261	0.471934	0.469106	0.462749	0.465022	0.461967	0.462512	0.467033	0.461983	0.459501	0.453714	0.451991	0.459114	0.46901	0.467873	0.448981	0.451035	0.45073	0.465965	0.482718	0.491391	0.527767	0.559678	0.556618	0.536087	0.553383	0.569022	0.558028	0.558316	0.559216	0.57254	0.55765
138	0.519575	0.559435	0.461233	5.053355	-0.800889	0.004677	0.105228	0.105228	0.105228	0.105228	0.105228	0.105228	0.105228	0.104884	0.104503	0.104037	0.103441	0.10297	0.102886	0.224846	0.344322	0.401055	0.460828	0.512554	0.541979	0.560089	0.574206	0.583909	0.588229	0.587067	0.593209	0.594578	0.607012	0.629657	0.654744	0.690786	0.705811	0.71965	0.717108	0.709118	0.697296	0.67302	0.659171	0.64592	0.637663	0.630565	0.625517	0.613073	0.59853	0.591888	0.581216	0.569468	0.553223	0.53329	0.517731	0.507802	0.502248	0.494552	0.488206	0.488864	0.499599	0.5198	0.540238	0.559554	0.579582	0.597046	0.613856	0.628754	0.632949	0.62641	0.615672	0.596772	0.576324	0.557997	0.54268	0.530549	0.516577	0.501691	0.489894	0.481623	0.473573	0.471363	0.469496	0.468128	0.467678	0.457167	0.45769	0.459125	0.461288	0.475505	0.469679	0.464941	0.480009	0.491463	0.481629	0.47844	0.464308	0.483538	0.515807	0.532258	0.530099	0.530993	0.540287	0.563869	0.561761	0.548283	0.560182	0.587178	0.57791	0.627152	0.636951	0.622684
139	0.520772	0.559778	0.463306	5.056450	-0.765896	-0.029114	0.159828	0.159828	0.159828	0.159828	0.159828	0.159828	0.159828	0.159549	0.15922	0.158769	0.158127	0.15768	0.157825	0.268092	0.340745	0.40647	0.466407	0.510225	0.539339	0.56095	0.574286	0.581193	0.584394	0.583295	0.592404	0.599048	0.616388	0.633362	0.655023	0.685564	0.70097	0.71294	0.707711	0.698079	0.684733	0.665492	0.652959	0.640333	0.633791	0.635472	0.63182	0.61915	0.604085	0.591475	0.578737	0.56808	0.553805	0.535367	0.520471	0.510009	0.500882	0.494254	0.490079	0.490268	0.5002	0.519278	0.541055	0.562582	0.580347	0.59752	0.613266	0.624742	0.62745	0.624774	0.614722	0.598464	0.58041	0.560397	0.543135	0.527149	0.514441	0.503807	0.489919	0.482064	0.478876	0.479979	0.473338	0.466969	0.473326	0.465365	0.463228	0.46698	0.464833	0.474689	0.481662	0.470887	0.469214	0.487508	0.485329	0.464532	0.468081	0.478347	0.480652	0.493123	0.506541	0.533266	0.568309	0.563158	0.545807	0.585906	0.603101	0.605968	0.554409	0.574852	0.616311	0.646615
140	0.519354	0.559814	0.459818	5.056776	-0.824565	0.037299	0.0674448	0.0674448	0.0674448	0.0674448	0.0674448	0.0674448	0.0674448	0.067056	0.0666387	0.066163	0.0655998	0.0651117	0.0648746	0.245585	0.32872	0.399898	0.462871	0.50187	0.533517	0.560759	0.575159	0.582005	0.586646	0.586306	0.596142	0.599718	0.611116	0.628979	0.658573	0.688794	0.71123	0.725845	0.722563	0.708669	0.690767	0.676055	0.657904	0.638277	0.629904	0.630475	0.626807	0.616826	0.602368	0.593547	0.582861	0.569608	0.552603	0.53663	0.519548	0.506979	0.499131	0.494316	0.490053	0.490722	0.499624	0.517529	0.537664	0.559195	0.580837	0.599683	0.616838	0.631478	0.63604	0.628497	0.616979	0.597019	0.577433	0.557501	0.539365	0.527769	0.519683	0.505727	0.489632	0.480489	0.476549	0.471972	0.464453	0.460539	0.461757	0.463063	0.460727	0.457644	0.455873	0.463207	0.464319	0.473122	0.48291	0.481474	0.483543	0.456245	0.438493	0.464847	0.506353	0.516465	0.525408	0.541583	0.560415	0.57408	0.567276	0.602371	0.629696	0.595425	0.585441	0.604024	0.623618	0.647544

141	0.534231	0.575993	0.472624	5.202923	-0.853753	0.047503	0.0704114	0.0704114	0.0704114	0.0704114	0.0704114	0.0704114	0.0704114	0.0700125	0.0695838	0.0690945	0.068514	0.068012	0.0677723	0.255047	0.32985	0.414026	0.479163	0.521966	0.553027	0.576456	0.594358	0.601223	0.600917	0.606422	0.614546	0.616248	0.629429	0.651838	0.673718	0.70053	0.714236	0.733475	0.729876	0.710755	0.700412	0.697673	0.685029	0.670189	0.656812	0.655184	0.649971	0.634181	0.614988	0.607427	0.602786	0.587705	0.571679	0.554954	0.537832	0.525673	0.513532	0.503146	0.49939	0.505031	0.518092	0.536035	0.556339	0.577315	0.599371	0.612293	0.625442	0.641731	0.651348	0.644599	0.631825	0.614243	0.59574	0.573629	0.554334	0.544057	0.531707	0.518402	0.508264	0.49954	0.489521	0.48083	0.48032	0.477507	0.478925	0.478466	0.475192	0.483458	0.478759	0.480712	0.485971	0.477867	0.480717	0.496588	0.493313	0.483244	0.47963	0.482697	0.512229	0.53383	0.529158	0.54657	0.583812	0.601626	0.608094	0.598214	0.598286	0.620569	0.632129	0.626359	0.664971	0.697815
142	0.532001	0.574122	0.466931	5.186027	-0.871008	0.125840	0.0163695	0.0163695	0.0163695	0.0163695	0.0163695	0.0163695	0.0163695	0.0159084	0.0154304	0.0149286	0.0143967	0.0138727	0.0134072	0.195249	0.321351	0.415203	0.480991	0.518843	0.553753	0.57779	0.591258	0.597267	0.599719	0.603511	0.611806	0.613961	0.621664	0.647278	0.666501	0.692384	0.706093	0.723666	0.721217	0.709802	0.69622	0.685757	0.676906	0.669946	0.660529	0.651545	0.645251	0.630692	0.614671	0.606442	0.600759	0.587239	0.571793	0.554926	0.538246	0.523324	0.512339	0.50315	0.498864	0.502117	0.513009	0.532692	0.554466	0.575801	0.596327	0.612293	0.623567	0.638965	0.64796	0.640441	0.630523	0.616786	0.595434	0.570635	0.553157	0.543309	0.53103	0.517708	0.505374	0.498309	0.49079	0.484473	0.48167	0.471198	0.477322	0.474089	0.470573	0.47779	0.481555	0.474999	0.482512	0.485731	0.479166	0.496486	0.515948	0.505082	0.486519	0.487825	0.498893	0.503256	0.509063	0.533139	0.563437	0.587333	0.581688	0.592648	0.594506	0.549599	0.566449	0.59588	0.562756	0.569521
143	0.536610	0.578418	0.473416	5.224825	-0.852125	0.070303	0.0333579	0.0333579	0.0333579	0.0333579	0.0333579	0.0333579	0.0333579	0.032913	0.032447	0.0319456	0.0313949	0.0308742	0.0304816	0.269288	0.362	0.423969	0.480581	0.518281	0.551924	0.579581	0.596223	0.600528	0.602202	0.609908	0.615693	0.615334	0.627628	0.654644	0.679013	0.703975	0.717552	0.731675	0.728396	0.719738	0.707241	0.699632	0.689064	0.67144	0.659853	0.659248	0.651104	0.636338	0.621415	0.610241	0.603969	0.59199	0.573353	0.555361	0.540551	0.526711	0.515878	0.505022	0.502315	0.507459	0.519286	0.537608	0.556298	0.578271	0.599153	0.616139	0.630874	0.642753	0.650407	0.646324	0.63651	0.618164	0.595814	0.574706	0.557049	0.546267	0.537668	0.528636	0.513995	0.49618	0.488736	0.487231	0.485791	0.481242	0.486642	0.482519	0.474025	0.475584	0.478135	0.480793	0.477285	0.481792	0.49449	0.509988	0.521661	0.514284	0.499026	0.519282	0.519904	0.538488	0.572343	0.59233	0.599761	0.577522	0.596084	0.627542	0.617575	0.66215	0.696549	0.657934	0.674049	0.726807
144	0.538006	0.578703	0.480457	5.227399	-0.806841	-0.058187	0.154076	0.154076	0.154076	0.154076	0.154076	0.154076	0.154076	0.153774	0.153422	0.152953	0.152297	0.15183	0.151935	0.30152	0.365897	0.425905	0.481963	0.523712	0.555213	0.581796	0.596868	0.601607	0.602242	0.608212	0.613607	0.619572	0.638235	0.661408	0.681418	0.712547	0.723678	0.731731	0.736706	0.725561	0.709251	0.694477	0.681375	0.666751	0.663539	0.658042	0.653582	0.640949	0.62413	0.611883	0.606704	0.591668	0.577049	0.558494	0.540722	0.526224	0.512721	0.502561	0.49928	0.503351	0.516907	0.534666	0.556585	0.579302	0.599964	0.618736	0.634107	0.646339	0.652574	0.644638	0.635267	0.619833	0.598984	0.577707	0.55586	0.541201	0.53074	0.521503	0.508	0.500245	0.496207	0.486315	0.482715	0.478592	0.488729	0.488396	0.485206	0.483556	0.484546	0.482514	0.484297	0.490477	0.497748	0.499809	0.507276	0.507172	0.500334	0.5098	0.532201	0.53626	0.55307	0.576165	0.582264	0.586688	0.568148	0.617921	0.643373	0.622603	0.640509	0.679109	0.706759	0.7453
145	0.534756	0.576861	0.473018	5.210761	-0.866353	0.053568	0.0665075	0.0665075	0.0665075	0.0665075	0.0665075	0.0665075	0.0665075	0.0661034	0.0656705	0.0651797	0.064602	0.0640978	0.0638418	0.256274	0.351219	0.42267	0.480599	0.519022	0.55112	0.577061	0.5922	0.598825	0.603979	0.609131	0.61599	0.616318	0.627862	0.651205	0.671456	0.698599	0.715889	0.728307	0.723392	0.718442	0.705123	0.694916	0.680078	0.669187	0.661667	0.659037	0.655051	0.640628	0.621379	0.612015	0.601546	0.587714	0.574665	0.558475	0.541877	0.526333	0.513285	0.503928	0.497948	0.503768	0.51814	0.534265	0.554863	0.577222	0.597625	0.614461	0.627689	0.639315	0.646629	0.642259	0.633905	0.619644	0.597962	0.574565	0.555977	0.546351	0.53551	0.522337	0.504817	0.49453	0.48664	0.487471	0.485412	0.480851	0.487487	0.486012	0.475299	0.472378	0.470738	0.473132	0.47688	0.475708	0.482865	0.488341	0.491045	0.488621	0.484124	0.502279	0.521812	0.522549	0.522417	0.554323	0.589773	0.597154	0.596213	0.591644	0.588178	0.589255	0.604347	0.611331	0.615222	0.599027

146	0.546754	0.589616	0.486402	5.325979	-0.878481	-0.000460	0.0389871	0.0389871	0.0389871	0.0389871	0.0389871	0.0389871	0.0389871	0.0385382	0.0380666	0.0375555	0.0369885	0.0364586	0.0360798	0.296588	0.387512	0.433851	0.489596	0.534231	0.572341	0.594669	0.606757	0.613905	0.616817	0.623078	0.63563	0.638229	0.647747	0.667971	0.697522	0.719249	0.734681	0.748258	0.741651	0.733436	0.721939	0.720169	0.703045	0.690217	0.677395	0.674041	0.665646	0.654419	0.638341	0.62265	0.614278	0.60675	0.588328	0.57123	0.555981	0.538301	0.521477	0.513311	0.509334	0.514455	0.527388	0.543654	0.564535	0.587186	0.607197	0.626491	0.642099	0.652283	0.660649	0.65819	0.651434	0.633527	0.60688	0.585031	0.567405	0.555537	0.544183	0.530871	0.521349	0.509686	0.504325	0.496038	0.489214	0.481977	0.491388	0.495345	0.485351	0.487839	0.49103	0.491855	0.491941	0.487177	0.490597	0.505085	0.52774	0.541076	0.538996	0.53368	0.534866	0.535178	0.557475	0.578341	0.603514	0.627026	0.63493	0.627849	0.609462	0.63698	0.640553	0.644623	0.663932	0.69102
147	0.547268	0.590265	0.487870	5.331846	-0.883048	-0.018074	0.108172	0.108172	0.108172	0.108172	0.108172	0.108172	0.108172	0.107805	0.107399	0.106906	0.106279	0.10578	0.105685	0.296354	0.361945	0.420727	0.486483	0.532679	0.570226	0.597312	0.608271	0.616077	0.621519	0.62701	0.631355	0.628774	0.642243	0.66737	0.696862	0.720082	0.739913	0.749838	0.74523	0.732856	0.721497	0.718028	0.704315	0.689808	0.676284	0.673686	0.669573	0.655906	0.639194	0.624743	0.615078	0.607249	0.588664	0.570332	0.554462	0.537606	0.521767	0.513855	0.513228	0.518111	0.529281	0.54548	0.566425	0.589569	0.609647	0.62758	0.642765	0.654798	0.65935	0.65738	0.646682	0.631057	0.609379	0.588721	0.570704	0.556163	0.542772	0.529706	0.518733	0.506735	0.498192	0.495393	0.493299	0.486216	0.492084	0.491615	0.488643	0.487968	0.481061	0.48877	0.494329	0.497198	0.506842	0.514064	0.512408	0.521002	0.513322	0.50633	0.524108	0.551668	0.551382	0.559702	0.602196	0.639976	0.630174	0.641988	0.649949	0.659406	0.648737	0.650436	0.66245	0.692158
148	0.546673	0.589496	0.487666	5.324893	-0.877089	-0.026198	0.100081	0.100081	0.100081	0.100081	0.100081	0.100081	0.100081	0.0997053	0.0992923	0.098798	0.0981787	0.0976765	0.0975479	0.287954	0.364699	0.425417	0.48483	0.532302	0.570636	0.594833	0.608546	0.615822	0.617867	0.621185	0.624952	0.630521	0.642494	0.668493	0.704198	0.723196	0.739784	0.753798	0.755916	0.743555	0.730921	0.719148	0.703068	0.694033	0.682455	0.673966	0.664048	0.649157	0.637802	0.626289	0.618347	0.603906	0.585587	0.568805	0.551455	0.533582	0.521832	0.515635	0.512567	0.515095	0.524282	0.543028	0.565915	0.588293	0.60913	0.627812	0.642733	0.652548	0.659564	0.653269	0.640818	0.628086	0.609282	0.58828	0.571211	0.5576	0.545867	0.532471	0.518709	0.506952	0.499818	0.495543	0.493846	0.487671	0.489066	0.490485	0.48688	0.490147	0.493005	0.502962	0.500907	0.488133	0.488497	0.505125	0.517001	0.518082	0.51766	0.52642	0.543018	0.558617	0.550478	0.552706	0.572936	0.596845	0.624794	0.614554	0.640429	0.615511	0.588215	0.632697	0.682609	0.738972
149	0.547217	0.589066	0.489612	5.321008	-0.838371	-0.069642	0.181914	0.181914	0.181914	0.181914	0.181914	0.181914	0.181914	0.181636	0.181302	0.18083	0.180141	0.179677	0.179886	0.300169	0.367353	0.425208	0.48979	0.529835	0.56646	0.592196	0.60623	0.61611	0.619842	0.622721	0.628733	0.628023	0.64504	0.671161	0.6961	0.716629	0.732143	0.74597	0.741267	0.725216	0.719422	0.719124	0.704959	0.688215	0.679005	0.673613	0.665983	0.651487	0.63677	0.623454	0.615421	0.606025	0.586621	0.56674	0.55247	0.534659	0.51924	0.514395	0.511297	0.514968	0.526996	0.543211	0.564405	0.58806	0.612051	0.630256	0.641763	0.650176	0.660605	0.656713	0.645292	0.628866	0.606622	0.589925	0.574603	0.556875	0.541725	0.527839	0.517249	0.509184	0.503017	0.494571	0.49192	0.4892	0.488915	0.482585	0.478813	0.487512	0.490052	0.498722	0.493246	0.499152	0.511136	0.514878	0.509839	0.519713	0.515938	0.513203	0.540456	0.549463	0.554348	0.57782	0.616119	0.628998	0.611777	0.604645	0.602394	0.620211	0.660545	0.673681	0.651988	0.667676
150	0.544920	0.589574	0.480221	5.325599	-0.950917	0.115583	-0.026378	-0.026378	-0.026378	-0.026378	-0.026378	-0.026378	-0.026378	-0.0269036	-0.0274365	-0.0279643	-0.0284741	-0.0290325	-0.0296867	0.220887	0.349564	0.429047	0.480258	0.524409	0.56583	0.59288	0.609449	0.61642	0.618612	0.620569	0.626827	0.633081	0.64558	0.670526	0.691029	0.720701	0.735236	0.743031	0.745297	0.732893	0.725896	0.719691	0.705121	0.691782	0.682227	0.676773	0.664516	0.652273	0.635411	0.622469	0.61814	0.606209	0.590567	0.570859	0.552489	0.537572	0.523237	0.514252	0.511042	0.516202	0.526329	0.543992	0.565486	0.589573	0.609708	0.626497	0.642514	0.65407	0.6617	0.657184	0.646902	0.628717	0.603721	0.583783	0.568992	0.556316	0.543478	0.532505	0.523133	0.511997	0.505075	0.499421	0.490228	0.478868	0.481481	0.478922	0.474297	0.48074	0.487605	0.493334	0.493989	0.491652	0.502902	0.516703	0.517817	0.502579	0.487679	0.502132	0.523717	0.55568	0.564473	0.567254	0.588961	0.605233	0.612389	0.613357	0.618343	0.648439	0.641924	0.66411	0.62821	0.646435

151	0.549280	0.593770	0.489453	5.363498	-0.938212	0.006618	0.0721832	0.0721832	0.0721832	0.0721832	0.0721832	0.0721832	0.0721832	0.0717704	0.0713271	0.0708215	0.0702223	0.0697035	0.0694534	0.260963	0.351416	0.429767	0.49137	0.535829	0.575967	0.601923	0.61423	0.621864	0.626242	0.626732	0.632288	0.635286	0.654239	0.676307	0.695399	0.728164	0.742504	0.749216	0.751664	0.740155	0.728877	0.725539	0.708231	0.691414	0.686321	0.682057	0.673011	0.658604	0.645444	0.632288	0.620152	0.609192	0.593589	0.577431	0.558383	0.539224	0.526318	0.518584	0.515931	0.520076	0.530352	0.545808	0.567636	0.593858	0.615334	0.632892	0.647972	0.66038	0.665819	0.659407	0.648338	0.633691	0.611045	0.591033	0.573242	0.557911	0.545209	0.530488	0.519386	0.51206	0.502568	0.495953	0.493061	0.490964	0.496591	0.483069	0.476918	0.48844	0.490858	0.486197	0.486614	0.483081	0.487752	0.505618	0.507082	0.50119	0.501774	0.509777	0.522789	0.519065	0.544598	0.584872	0.604151	0.640949	0.613027	0.616187	0.643802	0.663233	0.658345	0.606865	0.644459	0.699634
152	0.553904	0.597798	0.494404	5.399890	-0.908357	-0.024106	0.042674	0.042674	0.042674	0.042674	0.042674	0.042674	0.042674	0.0422217	0.0417457	0.0412274	0.0406488	0.0401119	0.039737	0.274343	0.370709	0.432773	0.497585	0.543835	0.581683	0.606279	0.620409	0.628078	0.631423	0.633718	0.641296	0.639719	0.656562	0.6845	0.711202	0.739196	0.752615	0.764801	0.759944	0.751736	0.745352	0.734735	0.714744	0.699973	0.689478	0.685056	0.678645	0.662706	0.646643	0.632739	0.622129	0.611775	0.595494	0.579475	0.561992	0.544267	0.52918	0.520522	0.518985	0.523446	0.532193	0.5503	0.571943	0.595995	0.616471	0.635354	0.65112	0.660602	0.666577	0.663683	0.655153	0.637302	0.612748	0.595634	0.581284	0.563607	0.552862	0.541518	0.526715	0.51119	0.505818	0.50344	0.498229	0.497376	0.502096	0.494843	0.488021	0.492513	0.488641	0.496566	0.505309	0.504955	0.508198	0.5109	0.517193	0.525336	0.524242	0.518235	0.53639	0.562253	0.568961	0.579728	0.60056	0.618004	0.637936	0.662018	0.660594	0.664683	0.665775	0.680686	0.670194	0.671359
153	0.548770	0.592792	0.489958	5.354664	-0.920728	-0.018144	0.104767	0.104767	0.104767	0.104767	0.104767	0.104767	0.104767	0.104394	0.103983	0.103487	0.10286	0.102357	0.102244	0.285609	0.352384	0.417603	0.483716	0.532897	0.572625	0.600747	0.615152	0.62225	0.626671	0.629958	0.638422	0.639074	0.650671	0.67529	0.699768	0.724607	0.736925	0.739933	0.743619	0.73421	0.723048	0.714687	0.701429	0.688858	0.681823	0.678169	0.672956	0.65725	0.641886	0.628636	0.622468	0.614258	0.593026	0.574878	0.557652	0.541208	0.526577	0.516761	0.515708	0.520111	0.532	0.54667	0.570203	0.593179	0.612298	0.631035	0.645893	0.652968	0.663573	0.663623	0.652202	0.632489	0.611921	0.58986	0.568338	0.554325	0.543549	0.53053	0.520409	0.509391	0.502063	0.495052	0.490802	0.487212	0.490315	0.488046	0.48633	0.484715	0.483922	0.493647	0.489792	0.479039	0.484637	0.505138	0.503924	0.508124	0.506536	0.506178	0.515395	0.534556	0.541621	0.556517	0.575347	0.5768	0.596055	0.584124	0.605354	0.638346	0.63141	0.62229	0.62613	0.650402
154	0.554166	0.596135	0.498260	5.384863	-0.833001	-0.122815	0.17498	0.17498	0.17498	0.17498	0.17498	0.17498	0.17498	0.174687	0.174338	0.173858	0.173167	0.172691	0.172865	0.313606	0.377559	0.439103	0.500217	0.544414	0.581103	0.603995	0.619617	0.623364	0.625442	0.630138	0.641596	0.647493	0.661654	0.685534	0.708311	0.719012	0.737218	0.751271	0.749007	0.741985	0.735249	0.725016	0.712804	0.699973	0.692702	0.688933	0.678834	0.657293	0.6401	0.628742	0.624127	0.612812	0.594708	0.574264	0.557384	0.540884	0.526372	0.521246	0.515679	0.518356	0.530366	0.549996	0.572071	0.597311	0.617906	0.637254	0.651403	0.658775	0.664856	0.661714	0.650371	0.634063	0.616513	0.596638	0.57309	0.557537	0.549241	0.539325	0.528823	0.514853	0.506578	0.504582	0.499609	0.495691	0.498652	0.497382	0.496761	0.498143	0.4954	0.502537	0.503114	0.496048	0.5061	0.51933	0.521747	0.506864	0.513327	0.539562	0.542039	0.554581	0.571513	0.598864	0.625984	0.648501	0.641797	0.627777	0.6248	0.663489	0.641134	0.644321	0.708529	0.796924
155	0.550771	0.594261	0.490613	5.367935	-0.897140	-0.007631	0.0504809	0.0504809	0.0504809	0.0504809	0.0504809	0.0504809	0.0504809	0.0500413	0.0495761	0.0490635	0.0484818	0.0479522	0.0476116	0.259356	0.361113	0.43326	0.494766	0.539856	0.576244	0.600387	0.61423	0.622737	0.628717	0.631389	0.638297	0.644377	0.65694	0.681424	0.696141	0.723419	0.740658	0.752909	0.761447	0.745267	0.728639	0.721516	0.704872	0.697273	0.685994	0.681927	0.673394	0.658588	0.64267	0.62735	0.620065	0.606282	0.592468	0.573922	0.555391	0.539861	0.527527	0.52076	0.517797	0.520543	0.530626	0.547305	0.569429	0.592258	0.614683	0.634668	0.650188	0.659067	0.664182	0.659914	0.652069	0.633763	0.612353	0.594074	0.573299	0.557347	0.546447	0.536407	0.522233	0.507222	0.502396	0.497716	0.493415	0.491844	0.494732	0.493049	0.489912	0.490697	0.494835	0.500976	0.504479	0.498856	0.502014	0.520816	0.52273	0.513305	0.526065	0.533822	0.545693	0.553271	0.577874	0.608147	0.60483	0.604707	0.617802	0.614421	0.616252	0.643181	0.663865	0.64196	0.66523	0.746936

156	0.552705	0.596358	0.501989	5.386882	-0.900703	-0.189733	0.188757	0.188757	0.188757	0.188757	0.188757	0.188757	0.188757	0.188478	0.188142	0.187664	0.18696	0.186489	0.18672	0.324966	0.387287	0.449704	0.508495	0.545703	0.576468	0.60045	0.614886	0.624553	0.629557	0.634889	0.644613	0.648794	0.656287	0.688634	0.715554	0.736275	0.751774	0.77152	0.767844	0.749627	0.740589	0.735508	0.720927	0.703586	0.688267	0.686395	0.681472	0.666912	0.652884	0.637554	0.626004	0.611632	0.591877	0.574167	0.55723	0.542843	0.527535	0.519809	0.517144	0.521858	0.53131	0.54949	0.571371	0.592893	0.613805	0.634205	0.649055	0.658742	0.66467	0.661749	0.651364	0.634235	0.61302	0.590126	0.57075	0.55727	0.545511	0.533645	0.521786	0.510535	0.502879	0.49725	0.494797	0.493143	0.498586	0.489198	0.484146	0.489899	0.487552	0.491772	0.495171	0.488361	0.502604	0.521455	0.516733	0.513721	0.525647	0.53557	0.544802	0.570691	0.584972	0.616619	0.616577	0.610076	0.637964	0.666895	0.665864	0.699765	0.717572	0.695526	0.717445	0.746611
157	0.551455	0.594710	0.496697	5.371993	-0.887008	-0.115502	0.110537	0.110537	0.110537	0.110537	0.110537	0.110537	0.110537	0.110168	0.109759	0.109261	0.108627	0.108123	0.108035	0.327877	0.39617	0.447175	0.502977	0.540172	0.574861	0.601665	0.615746	0.622598	0.628235	0.632753	0.636093	0.637674	0.656356	0.684967	0.70171	0.732997	0.751227	0.764775	0.769511	0.758268	0.739733	0.721142	0.708875	0.701007	0.691864	0.682457	0.675489	0.662615	0.64378	0.631244	0.620497	0.606812	0.588599	0.572328	0.560531	0.54397	0.526096	0.517855	0.517519	0.522647	0.534189	0.549566	0.566423	0.589657	0.611264	0.63153	0.646284	0.658551	0.664721	0.658493	0.647888	0.633286	0.612944	0.590037	0.572653	0.559701	0.547459	0.53644	0.525551	0.510081	0.503062	0.499196	0.496717	0.489137	0.493826	0.486421	0.485558	0.489759	0.492497	0.504474	0.506459	0.492838	0.496905	0.507704	0.513222	0.510492	0.529131	0.545677	0.55356	0.576726	0.586849	0.597899	0.611701	0.63902	0.625359	0.62097	0.63779	0.644891	0.649315	0.651393	0.692224	0.765791
158	0.550525	0.595142	0.496782	5.375900	-0.941386	-0.110363	0.128971	0.128971	0.128971	0.128971	0.128971	0.128971	0.128971	0.128623	0.128232	0.127739	0.127089	0.126593	0.126578	0.296598	0.383152	0.44247	0.496214	0.542621	0.578579	0.600833	0.613215	0.623353	0.62678	0.631062	0.640402	0.642922	0.656185	0.682978	0.710129	0.72969	0.748048	0.764795	0.767128	0.755582	0.738438	0.731035	0.715315	0.704656	0.692133	0.681303	0.673983	0.662438	0.648288	0.632305	0.623837	0.61044	0.591605	0.573765	0.557211	0.542972	0.526834	0.519156	0.517605	0.524142	0.53346	0.54872	0.570886	0.595197	0.618155	0.636469	0.647513	0.657568	0.664834	0.658116	0.646753	0.626854	0.608428	0.591293	0.571546	0.557319	0.548	0.536458	0.522168	0.508576	0.497228	0.492629	0.486026	0.485059	0.492637	0.488417	0.486317	0.488643	0.484362	0.483348	0.487552	0.489004	0.491385	0.507704	0.513353	0.519801	0.520212	0.523959	0.540971	0.547529	0.561592	0.583713	0.592439	0.603939	0.593518	0.598846	0.610995	0.623827	0.62487	0.658251	0.721591	0.747983
159	0.553187	0.596949	0.498824	5.392221	-0.904249	-0.120781	0.128809	0.128809	0.128809	0.128809	0.128809	0.128809	0.128809	0.12846	0.128066	0.127572	0.12692	0.126422	0.126406	0.317569	0.387368	0.444846	0.496359	0.546522	0.580844	0.602725	0.613631	0.621543	0.627265	0.634124	0.63811	0.641341	0.658705	0.688913	0.715702	0.737225	0.751528	0.769135	0.777499	0.757532	0.74515	0.731673	0.716494	0.706838	0.695371	0.69176	0.681343	0.66238	0.644603	0.632744	0.620564	0.610705	0.594766	0.575533	0.559397	0.540973	0.526124	0.520122	0.51957	0.52292	0.533331	0.55129	0.572055	0.5954	0.617434	0.636049	0.647382	0.658422	0.666746	0.659597	0.649654	0.634307	0.614063	0.592445	0.574352	0.560316	0.547352	0.535455	0.522665	0.514771	0.5097	0.498267	0.490666	0.490638	0.49733	0.48969	0.496977	0.497884	0.494095	0.498286	0.491861	0.496431	0.515712	0.527899	0.513864	0.511696	0.527123	0.548292	0.565241	0.56661	0.572228	0.594602	0.607046	0.589197	0.617606	0.652455	0.66414	0.705175	0.723205	0.708853	0.722478	0.740899
160	0.556283	0.598914	0.505494	5.409964	-0.855722	-0.216109	0.210095	0.210095	0.210095	0.210095	0.210095	0.210095	0.210095	0.20984	0.209521	0.209046	0.208322	0.207858	0.208175	0.336068	0.391719	0.450075	0.505858	0.545774	0.580811	0.604833	0.617097	0.623805	0.629843	0.638958	0.648448	0.652542	0.667788	0.689188	0.71238	0.742832	0.760083	0.773815	0.776059	0.767391	0.758516	0.744296	0.719724	0.706084	0.690199	0.681614	0.679644	0.665316	0.650532	0.635654	0.625967	0.611711	0.594294	0.578678	0.561707	0.544915	0.528204	0.519412	0.518902	0.524592	0.534838	0.549345	0.57122	0.597749	0.618939	0.635738	0.650514	0.662533	0.667468	0.663979	0.655402	0.640177	0.618364	0.594784	0.574311	0.560214	0.547804	0.533917	0.520153	0.511403	0.507387	0.503787	0.496713	0.49549	0.502151	0.497839	0.496715	0.500367	0.499827	0.509763	0.508592	0.506271	0.522823	0.537835	0.531037	0.528303	0.535071	0.549705	0.566137	0.58897	0.607394	0.612928	0.611701	0.631296	0.646406	0.640791	0.648734	0.685937	0.713942	0.743649	0.772326	0.803221
